LocalReportNumber,DocumentNumber,CrashSeverity,HitSkip,LocalInformation,SecondaryCrash,PhotosTaken,OH2,OH3,OH1P,OHOther,PrivateProperty,ReportingAgencyNCIC,NumberOfUnits,UnitInError,County,InCityVillageTownship,CityVillageTownshipName,CrashDateTime,FIPSPlaceCode,Latitude,Longitude,LocationRouteType,LocationRouteNumber,LocationPrefix,LocationRoadName,LocationRoadType,DistanceFromReference,DistanceReferenceMeasurement,DirectionFromReference,ReferenceRouteType,ReferenceRouteNumber,ReferencePrefix,ReferenceName,ReferencePointUsed,ReferenceRoadType,IntersectionOrApproachRelated,NumberOfApproaches,WithinInterchangeArea,LocationFirstHarmfulEvent,MannerOfCollision,Weather,LightCondition,ActiveSchoolZoneRelated,WorkZoneRelated,WorkersPresent,LawEnforcementPresentInWorkZone,WorkZoneType,WorkZoneLocation,Narrative,ReportTakenBy,Supplement,CrashReportedDateTime,DispatchedDateTime,ArrivedDateTime,SceneClearedDateTime,OtherInvestigationTime,TotalTimeRoadwayClosed,OfficerName,OfficerBadgeNumber,CheckedByOfficerName,CheckedByBadgeNumber,RoadwayDivided,DividedLaneTravelDirection,DividedMedianType,RoadContour,RoadCondition,RoadSurface,TotalInjured,TotalKilled,TotalMinutes,AnimalRelated,AnimalDeerRelated,AlcoholRelated,DrugRelated,BicycleRelated,MotorCycleRelated,SpeedRelated,PedestrianRelated,SemiTruckRelated,SmallTruckRelated,YouthRelated,TeenRelated,DUI21Related,SeniorRelated,FatalNotReportable,CommercialRelated,CommercialAtFault
	23-0522,20232021065,Property Damage Only,,,False,False,True,False,False,False,False,	01900,1,1,Darke County,Township,Neave (Township of),1/26/2023 1:59:00 PM,53732,40.029500,-84.632660,Federal US Route,127,,,,0.25,Miles,North,,,,WEARERS FT JEFFERSON,Intersection,Road,False,,True,Outside Trafficway,Not Collision Between Two Vehicles in Transport,Snow,Daylight,False,False,False,False,,,UNIT 1 WAS TRAVELING SOUTH ON US 127. UNIT 1 HIT A SNOW DRIFT AND TRAVELED OFF THE LEFT SIDE OF THE RD AND INTO A DITCH CAUSING THE TRAILOR TO STRIKE A POLE AND THE VEHICLE TO STRIKE A FENCE.,Police,False,1/26/2023 1:59:00 PM,1/26/2023 1:59:00 PM,1/26/2023 2:04:00 PM,1/26/2023 2:37:00 PM,,38,SLADE,DC62,OTHER,60,True,South,Divided; Depressed Median,Straight Level,Snow,Blacktop; Bituminous; Asphalt,0,0,38,False,False,False,False,False,False,False,False,False,True,False,False,False,False,False,False,False
	23-0523,20232021066,Property Damage Only,,,False,False,True,False,False,False,False,	01900,1,1,Darke County,Township,Greenville,1/26/2023 2:51:00 PM,32340,40.170344,-84.675031,State Route,49,,,,1.00,Miles,South,,,,HUNTER,Intersection,Road,False,,True,On Roadside,Not Collision Between Two Vehicles in Transport,Snow,Daylight,False,False,False,False,,,UNIT 1 WAS TRAVELING NORTH ON SR 49; LOST CONTROL ON A PATCH OF ICE; TRAVELING OFF THE RD RIGHT STRIKING A POLE.,Police,False,1/26/2023 2:51:00 PM,1/26/2023 2:53:00 PM,1/26/2023 3:07:00 PM,1/26/2023 3:46:00 PM,,53,B. PETERS,DC33,,,True,North,Divided; Depressed Median,Straight Level,Ice,Blacktop; Bituminous; Asphalt,0,0,53,False,False,False,False,False,False,False,False,False,False,True,False,False,False,False,False,False
	23-0531,20232021067,Property Damage Only,,,False,False,True,False,False,False,False,	01900,1,1,Darke County,Township,Wayne (Township of),1/26/2023 9:50:00 PM,82152,40.184752,-84.478111,State Route,185,,,,100.00,Feet,East,,,,GETTYSBURG WEBSTER,Intersection,Road,False,,True,Outside Trafficway,Not Collision Between Two Vehicles in Transport,Blowing Sand; Soil; Dirt; Snow,Dark - Roadway Not Lighted,False,False,False,False,,,UNIT 1 WAS TRAVELING NORTH WEST ON STATE RT 185 NORTH OF GETTYSBURG WEBSTER RD. UNIT1 TRAVELED OFF THE RIGHT SIDE OF THE RD STRIKING A TRAFFIC SIGN . ,Police,False,1/26/2023 9:50:00 PM,1/26/2023 10:19:00 PM,1/26/2023 10:34:00 PM,1/26/2023 10:54:00 PM,,35,OTHER,60,OTHER,13,True,North,Divided; Depressed Median,Curve Level,Snow,Blacktop; Bituminous; Asphalt,0,0,35,False,False,False,False,False,False,False,False,False,False,False,False,False,False,False,False,False
	23-0444,20232021068,Property Damage Only,,,False,False,False,False,False,False,False,	01900,1,98,Darke County,Township,Greenville,1/23/2023 3:42:00 AM,32340,40.092811,-84.591766,State Route,571,,,,0.50,Miles,East,,,,JOYSVILLE ST JOHN,Intersection,Road,False,,True,On Roadway,Not Collision Between Two Vehicles in Transport,Clear,Dark - Roadway Not Lighted,False,False,False,False,,,UNIT 1 WAS TRAVELING NW ON SR 571 EAST OF JAYSVILLE ST JOHNS RD; UNIT 1 STRUCK A DEER.,Police,False,1/23/2023 3:42:00 AM,1/23/2023 3:51:00 AM,1/23/2023 4:03:00 AM,1/23/2023 4:29:00 AM,,47,WENTWORTH,DC55,OTHER,60,True,West,Divided; Depressed Median,Straight Level,Dry,Blacktop; Bituminous; Asphalt,0,0,38,True,True,False,False,False,False,False,False,False,False,False,False,False,False,False,False,False
	23-0401,20232021070,Property Damage Only,,,False,False,False,False,False,False,False,	01900,1,98,Darke County,Township,Bradford,1/20/2023 9:13:00 PM,8084,40.160079,-84.432932,State Route,185,,,,0.25,Miles,East,,,,VERSAILLES SOUTHEASTERN,Intersection,Road,False,,True,On Roadway,Not Collision Between Two Vehicles in Transport,Clear,Dark - Roadway Not Lighted,False,False,False,False,,,UNIT 1 WAS TRAVELING WEST ON SR 185 EAST OF VERSAILLES SOUTHEASTERN RD. UNIT 1 STRUCK A DEER.,Police,False,1/20/2023 9:13:00 PM,1/20/2023 9:13:00 PM,1/20/2023 9:40:00 PM,1/20/2023 10:13:00 PM,,60,WENTWORTH,DC55,OTHER,60,True,West,Divided; Depressed Median,Straight Level,Dry,Blacktop; Bituminous; Asphalt,0,0,60,True,True,False,False,False,False,True,False,False,False,False,False,False,False,False,False,False
	2301000157,20232021072,Property Damage Only,,,False,True,False,True,False,False,False,	05600,1,1,Monroe County,Township,Benton (Township of),1/4/2023 9:12:00 PM,5606,39.606816,-81.046679,State Route,800,,,,,,,,,,35274,House Number,,False,,False,Other/Unknown,Not Collision Between Two Vehicles in Transport,Rain,Dark - Roadway Not Lighted,False,False,False,False,,,UNIT 1 WAS TRAVELING NORTH ON SR 800 AND DROVE OFF THE RIGHT SIDE OF THE RD INTO A DITCH.,Police,False,1/4/2023 9:12:00 PM,1/4/2023 9:15:00 PM,1/4/2023 9:31:00 PM,1/4/2023 10:16:00 PM,20,81,WARNER KEVIN,57,WARNER KEVIN,57,False,,,Straight Level,Wet,Blacktop; Bituminous; Asphalt,0,0,81,False,False,False,False,False,False,False,False,False,False,False,False,False,False,False,False,False
	23-0513,20232021075,Property Damage Only,,,False,True,False,False,True,False,False,	01900,1,1,Darke County,Township,Washington (Township of),1/26/2023 7:49:00 AM,81186,40.174492,-84.750733,,,,WEISS,Road,1.00,Miles,South,,,,COX,Intersection,Road,False,,True,On Roadside,Not Collision Between Two Vehicles in Transport,Snow,Daylight,False,False,False,False,,,UNIT 1 WAS TRAVELING NORTH ON WEISS RD. UNIT 1 WENT OF THE RD RIGHT; UNIT 1 OVER CORRECTED AND LOST CONTROL ON A PATCH OF ICE CAUSING THE VEHICLE TO TRAVEL OFF THE RD LEFT ROLLING ON ITS SIDE AND COMING TO REST IN A FIELD.,Police,False,1/26/2023 7:49:00 AM,1/26/2023 7:51:00 AM,1/26/2023 8:13:00 AM,1/26/2023 9:18:00 AM,,87,PETERS,DC33,OTHER,60,True,North,Divided; Depressed Median,Straight Level,Ice,Blacktop; Bituminous; Asphalt,0,0,87,False,False,False,False,False,False,False,False,False,True,True,True,False,False,False,False,False
	SO-230127,20232021079,Property Damage Only,,,False,True,False,True,False,False,False,	02400,1,1,Fayette County,Township,Union (Township of),1/22/2023 10:09:00 AM,78316,39.544252,-83.467949,,,,OLD US 35,Road,100.00,Yards,East,,,,JAMISON,Intersection,Road,False,,True,On Shoulder,Not Collision Between Two Vehicles in Transport,Snow,Daylight,False,False,False,False,,,UNIT 1 WAS TRAVELING WB WHEN THE VEHICLE LOST CONTROL IN THE SNOW GOING OFF ROAD TO THE RIGHT. UNIT 1 ENTERED THE DITCH WHERE IT CAME TO REST. UNIT 1 SUSTAINED DISABLING DAMAGE.,Police,False,1/22/2023 10:11:00 AM,1/22/2023 10:11:00 AM,1/22/2023 10:11:00 AM,1/22/2023 10:13:00 AM,,2,ENNIS ERROL,17,BIVENS DAVID,2,True,West,Divided; Depressed Median,Curve Level,Wet,Blacktop; Bituminous; Asphalt,0,0,2,False,False,False,False,False,False,False,False,False,False,False,False,False,True,False,False,False
	SO-230123,20232021080,Property Damage Only,,,False,True,False,True,False,False,False,	02400,1,1,Fayette County,Township,Union (Township of),1/22/2023 8:58:00 AM,78316,39.544794,-83.469743,,,,OLD RT 35 NW,Road,,,,,,,1857,House Number,,False,,False,On Roadside,Not Collision Between Two Vehicles in Transport,Snow,Daylight,False,False,False,False,,,UNIT 1 WB ON OLD US 35; WHEN THE VEHICLE STRUCK A SLICK SPOT IN THE SNOW. UNIT 1 WENT OFF THE RD LEFT INTO A DITCH. UNIT 1 SUSTAINED DISABLING DAMAGE TO THE VEHICLE.,Police,False,1/22/2023 9:00:00 AM,1/22/2023 9:02:00 AM,1/22/2023 9:05:00 AM,1/22/2023 10:06:00 AM,,64,ENNIS ERROL,17,BIVENS DAVID,2,False,,,Straight Level,Snow,Blacktop; Bituminous; Asphalt,0,0,64,False,False,False,False,False,False,False,False,False,False,False,False,False,False,False,True,True
	2023-0252,20232021082,Property Damage Only,,,False,False,True,False,False,False,False,	03131,1,1,Hamilton County,City,Sharonville,1/27/2023 7:50:00 AM,71892,39.276720,-84.411486,,,,HAGEMAN,Street,70.99,Feet,North,,,,READING,Intersection,Road,False,,True,On Roadside,Other/Unknown,Clear,Daylight,False,False,False,False,,,UNIT 1 WAS TRAVELING SOUTH ON READING RD. UNIT 1 ATTEMPTED TO TURN WEST ONTO HAGEMAN. UNIT 1 TRAVELED OFF THE RD STRIKING A FIRE HYDRANT AND RD SIGN.,Police,False,1/27/2023 7:57:00 AM,1/27/2023 7:57:00 AM,1/27/2023 7:58:00 AM,1/27/2023 8:20:00 AM,90,113,SIEFRING ROSS,224,HERMES RYAN,192,True,West,Divided; Depressed Median,Straight Level,Dry,Blacktop; Bituminous; Asphalt,0,0,113,False,False,False,False,False,False,True,False,False,False,True,False,False,False,False,False,False
	2023-0243,20232021083,Minor Injury Suspected,,,False,False,True,False,False,False,False,	03131,1,1,Hamilton County,City,Sharonville,1/26/2023 6:21:00 PM,71892,39.292880,-84.442778,Interstate Route (Turnpike is also IR),75,,,,367.87,Feet,North,,,,17.0,Mile Post,Milepost,False,,True,On Gore,Not Collision Between Two Vehicles in Transport,Snow,Dark - Lighted Roadway,False,False,False,False,,,UNIT 1 WAS DRIVING ON THE SB IR 75 ON RAMPTO WB IR 275. UNIT 1 RAN OFF THE RD LEFT. UNIT 1 CONTINUED SB THROUGH THE GORE. UNIT 1 CONTINUED DRIVING UP THE GORE EMBANKMENT STRIKING THE GURARD RAIL OF NB IR 75 ON RAMP TO WB IR 275. UNIT 1 CAME TO FINAL REST ON TOP OF THE GUARD RAIL.,Police,False,1/26/2023 6:21:00 PM,1/26/2023 6:22:00 PM,1/26/2023 6:25:00 PM,1/26/2023 7:01:00 PM,,39,RISK; DRU,235,DANA TAGGAU,205,True,West,Divided; Depressed Median,Curve Level,Snow,Blacktop; Bituminous; Asphalt,0,0,39,False,False,False,False,False,False,False,False,False,False,False,False,False,False,False,False,False
	23-205,20232021087,Property Damage Only,,,False,False,False,False,False,False,False,	03131,1,1,Hamilton County,City,Sharonville,1/22/2023 10:36:00 PM,71892,39.284878,-84.368916,Interstate Route (Turnpike is also IR),275,,,,650.00,Feet,South,,,,47.9,Mile Post,Milepost,False,,True,Off ramp,Not Collision Between Two Vehicles in Transport,Cloudy,Dark - Lighted Roadway,False,False,False,False,,,UNIT 1 WAS ON THE RAMP FROM WEST IR 275 TO REED HARTMAN HWY. UNIT 1 LOST CONTROL AND WENT OFF THE RD RIGHT AND STRUCK A LIGHT POLE. THE OPERATOR OF UNIT 1 STATED AS SHE WAS BREAKING SHE HIT A SLICK SPOT AND LOST CONTROL.,Police,False,1/22/2023 10:36:00 PM,1/22/2023 10:36:00 PM,1/22/2023 10:44:00 PM,1/23/2023 11:06:00 PM,,30,LIVINGSTON NICHOLAS,221,DANA TAGGAU,205,True,North,Divided; Raised Median (Any type),Curve Grade,Wet,Blacktop; Bituminous; Asphalt,0,0,1470,False,False,False,False,False,False,False,False,False,False,False,False,False,False,False,False,False
	MB230000161,20232021090,Property Damage Only,,,False,False,False,False,False,False,False,	05708,1,1,Montgomery County,City,Miamisburg,1/22/2023 7:54:00 AM,49434,39.641258,-84.277790,,,,BENNER,Road,,,,,,,DAYTON CINCINNATI,Intersection,Place,True,3,False,On Roadway,Not Collision Between Two Vehicles in Transport,Snow,Dawn/Dusk,False,False,False,False,,,UNIT 1 WAS TRAVELING WEST ON BENNER RD WHEN AT DAYTON CINCINNATI SLID THROUGH THE INTERSECTION AND INTO A DITCH STRIKING A SUPPORT CABLE. THE VEHICLE SUSTAINED MINIMAL DAMAGE. THE HEAVY SNOW PLAYED A MAJOR ROLE IN THE CRASH.,Police,False,1/22/2023 7:54:00 AM,1/22/2023 7:54:00 AM,1/22/2023 7:58:00 AM,1/22/2023 9:20:00 AM,,85,GRIFFITH CRAIG,MB234,GREEN RUSSELL,MB232,False,,,Straight Grade,Snow,Blacktop; Bituminous; Asphalt,0,0,86,False,False,False,False,False,False,False,False,False,False,True,False,False,False,False,False,False
	MB230000170,20232021091,Injury Possible,,,False,True,True,False,False,False,False,	05708,1,1,Montgomery County,City,Miamisburg,1/23/2023 3:34:00 PM,49434,39.632071,-84.235868,,,,LYONS,Road,,,,,,,4201,House Number,,False,,False,On Roadway,Not Collision Between Two Vehicles in Transport,Cloudy,Daylight,False,False,False,False,,,UNIT 1 WAS TRAVELING WEST ON LYONS RD AND STRUCK THE CURB IN FRONT OF 4201 LYONS RD; AND RAN OFF THE RD. THE DRIVER OF UNIT 1 STATED THAT SHE PASSED OUT FROM MEDICAL ISSUE AND THIS IS WHAT CAUSED HER TO DRIVE OFF THE RD. MEDICS TRANSPORTED THE DRIVER OF UNIT 1 TO SMC. THERE WERE NO SIGNS OF IMPAIRMENT AND MEDICS ADVISED HER BLOOD PRESSURE WAS LOW. THERE WERE SIGNIFCANT RUTS IN THE GRASS IN FRONT OF 4201 LYONS RD. I TOOK PHOTOS OF THE GRASS AND CONTACTED THE PROPERTY OWNER TO PROVIDE HIM WITH THE REPORT NUMBER. THE DRIVER OF UNIT 1 WAS NOT CITED DUE TO HER MEDICAL EMERGENCY CAUSING THE CRASH.,Police,False,1/23/2023 3:34:00 PM,1/23/2023 3:34:00 PM,1/23/2023 3:38:00 PM,1/23/2023 4:36:00 PM,,62,HURLES TREVOR,MB276,AIKEN MICHEAL,MB240,False,,,Straight Grade,Dry,Blacktop; Bituminous; Asphalt,0,0,62,False,False,False,False,False,False,False,False,False,False,False,False,False,True,False,False,False
	MB-230000186,20232021102,Property Damage Only,,,False,True,True,True,False,False,False,	05708,1,1,Montgomery County,City,Miamisburg,1/25/2023 6:37:00 PM,49434,39.641626,-84.231385,Interstate Route (Turnpike is also IR),78,,,,1.00,Feet,East,State Route,725,,,Intersection,,False,,True,Outside Trafficway,Not Collision Between Two Vehicles in Transport,Rain,Dark - Lighted Roadway,False,False,False,False,,,UNIT 1 DRIVER WAS TRAVELING NB ON IR 75 NB ON RAMP AT SR 725 WHEN SHE LOST CONTROL OF HER VEHICLE. UNIT 1 DRIVER WAS NEGOTIATING THE CURVE OF THE RAMP WHEN SHE SPUN AROUND TWICE; HIT THE BRAKES AND THEN TRAVELES BACKWARDS OFF THE RD TO THE LEFT STRIKING A LIGHT POLE.,Police,False,1/25/2023 6:37:00 PM,1/25/2023 6:38:00 PM,1/25/2023 6:43:00 PM,1/25/2023 7:37:00 PM,,59,KASH MATTHEW,MB278,CURRENT KEVIN,MB242,True,North,Divided; Depressed Median,Curve Level,Wet,Blacktop; Bituminous; Asphalt,0,0,59,False,False,False,False,False,False,False,False,False,False,False,False,False,False,False,False,False
	23-294,20232021742,Property Damage Only,,,False,False,False,False,False,False,False,	03131,2,1,Hamilton County,City,Sharonville,1/31/2023 4:35:00 PM,71892,39.285333,-84.429353,,,,MOSTELLER,Road,,,,,,,11641,House Number,,True,4,False,On Roadway,Rear-end,Clear,Daylight,False,False,False,False,,,Units 1 & 2 were SB on Moesteller Rd in the left turn only lane to get onto EB IR 275. Unit 2 stopped at the intersection light; Unit 1 failed to maintain an assured clear distance ahead and struck the rear of Unit 2. The operator of Unit 1 stated that he was distracted by his cell phone.,Police,False,1/31/2023 4:35:00 PM,1/31/2023 4:36:00 PM,1/31/2023 4:46:00 PM,1/31/2023 5:02:00 PM,,,HERBIG; CODY,232,D LEE,200,False,,,Straight Level,Dry,Blacktop; Bituminous; Asphalt,0,0,26,False,False,False,False,False,False,False,False,False,True,False,False,False,False,False,False,False
	23-296,20232021758,Injury Possible,,,False,False,False,False,False,False,False,	03131,2,1,Hamilton County,City,Sharonville,1/31/2023 8:16:00 PM,71892,39.294422,-84.371012,,,,FIELDS ERTEL,Road,28.00,Feet,West,,,,REED HARTMAN,Intersection,Highway,True,4,False,On Roadway,Rear-end,Clear,Dark - Lighted Roadway,False,False,False,False,,,Units 1 & 2 were EB on Fields Ertel Rd. Unit 2 was stopped at the intersection light at Fields Ertel & Hartman Hwy. Unit 1 failed to maintain an assured clear distance ahead; striking the rear of Unit 2. The collision between units pushed Unit 1 into the curb; went off the road to the right and then struck a telephone pole. The operator of Unit 1 stated that her vehicle jerked forward as she was driving and was unable to control; causing her to strike Unit 2.,Police,False,1/31/2023 8:16:00 PM,1/31/2023 8:18:00 PM,1/31/2023 8:27:00 PM,1/31/2023 9:25:00 PM,,,HERBIG; CODY,232,,,False,,,Straight Level,Dry,Blacktop; Bituminous; Asphalt,0,0,67,False,False,False,False,False,False,False,False,False,False,False,False,False,False,False,False,False
	2023-0280,20232021769,Property Damage Only,,,False,False,False,False,False,False,False,	03131,2,1,Hamilton County,Township,Sharonville,1/30/2023 4:43:00 PM,71892,39.293942,-84.366966,,,,BREEZY,Lane,149.08,Feet,South,,,,6440,House Number,,True,4,False,On Roadway,Rear-end,Cloudy,Dawn/Dusk,False,False,False,False,,,Unit 1 & 2 were EB on Fields Ertel Rd. Unit 2 slowed to a stop due to traffic. Unit 1 failed to stop in time; striking Unit 2 in the rear.,Police,False,1/30/2023 4:43:00 PM,1/30/2023 4:45:00 PM,1/30/2023 4:55:00 PM,1/30/2023 5:48:00 PM,0,0,RISK; DRU,235,D LEE,200,False,,,Straight Level,Wet,Blacktop; Bituminous; Asphalt,0,0,63,False,False,False,False,False,False,False,False,False,True,True,True,False,False,False,False,False
	2023-250,20232021772,Property Damage Only,,,False,False,True,False,False,False,False,	03131,1,1,Hamilton County,City,Sharonville,1/27/2023 6:45:00 AM,71892,39.287279,-84.442658,,,,CHESTER,Road,756.10,Feet,North,,,East,KEMPER,Intersection,Road,False,,False,On Roadside,Not Collision Between Two Vehicles in Transport,Clear,Dark - Roadway Not Lighted,False,False,False,False,,,Unit 1 was north on Chester RD; ran off the roadway; and struck the vegetation; resulting in minor damage.,Police,False,1/27/2023 6:45:00 AM,1/27/2023 7:04:00 AM,1/27/2023 7:07:00 AM,1/27/2023 7:56:00 AM,45,0,GROGAN; SEAN,219,HERMES,192,False,,,Curve Level,Dry,Blacktop; Bituminous; Asphalt,0,0,97,False,False,False,False,False,False,False,False,False,False,False,False,False,False,False,False,False
	2023-00002823,20232021776,Property Damage Only,,,False,False,False,False,False,False,False,	02510,1,1,Franklin County,City,Westerville,1/31/2023 7:35:00 AM,83342,40.127110,-82.954420,,,,MILLFIELD,Avenue,20.00,Feet,South,,,,HANBY,Intersection,Avenue,True,3,False,On Shoulder,Other/Unknown,Snow,Daylight,False,False,False,False,,,Unit 1 was west on Millfield Ave on a snow covered road. As Unit 1 was negotiating a curve to continue south on Millfield; Unit 1 began sliding on the snow; striking a curb at the southeast intersection of Hanby Ave as well as striking a street sign.,Police,False,1/31/2023 7:35:00 AM,1/31/2023 7:35:00 AM,1/31/2023 7:40:00 AM,1/31/2023 8:30:00 AM,0,0,KIRPAN; SCOTT J,573,,,False,,,Curve Grade,Snow,Blacktop; Bituminous; Asphalt,0,0,55,False,False,False,False,False,False,False,False,False,False,True,True,False,False,False,False,False
	2023001384,20232022856,Fatal,,,False,True,True,False,True,True,False,	CLP00,2,1,Cuyahoga County,City,Cleveland,1/1/2023 9:32:00 PM,16000,41.464114,-81.693417,Interstate Route (Turnpike is also IR),71,,,,660.00,Feet,North,,,,247,Mile Post,Milepost,False,,False,On Roadway,Rear-end,Cloudy,Dark - Lighted Roadway,False,False,False,False,,,Unit 2 was NB on IR 71 approaching 247MP when the front of Unit 2 collided with the rear of Unit 1; that was stopped in the #2 lane of traffic. Both vehicles continued in a northerly direction; colliding with the west concrete barrier wall. Unit 1 then traveled on top of the concrete barrier; becoming airborne for a brief period; overturning on a steel guardrail; and coming to a final rest on its roof. Unit 2 then traveled in a northeasterly direction; colliding with the east concrete barrier wall; down a grass embankment; striking a road sign; and coming to a controlled stop on the west median of the exit ramp to IR 90WB to IR 490 EB.,Police,False,1/1/2023 9:32:00 PM,1/1/2023 9:36:00 PM,1/1/2023 9:43:00 PM,1/2/2023 2:00:00 AM,600,264,PO MATT,1674,SGT HARTMAN,9191,True,North,Divided; Raised Median (Any type),Straight Grade,Wet,Concrete,1,0,864,False,False,False,False,False,False,False,False,True,False,False,False,False,False,False,True,False
	23MS00190,20232022964,Property Damage Only,,,False,True,False,False,False,False,False,	05400,1,1,Mercer County,Township,Butler (Township of),1/25/2023 10:53:00 AM,10604,40.494640,-84.571421,Federal US Route,127,,,,100.00,Yards,North,Numbered Township Route,100B,,,Intersection,,False,,True,On Shoulder,Not Collision Between Two Vehicles in Transport,Snow,Daylight,False,False,False,False,,,UNIT 1 WAS SB ON US 127 NORTH OF YOUNGER RD. UNIT 1 FAILED TO MAINTAIN CONTROL AND TRAVELED OFF OF THE WEST SIDE OF THE RD. UNIT 1 STRUCK THE DITCH AND CAME TO A REST. UNIT 1 BECAME STUCK IN THE DITCH/FIELD. TOW TRUCKS WERE CALLED TO THE SCENE AND REMOVED THE VEHICLE. DAMAGE WAS LOCATED TO THE DITCH/ FIELD AREA. NO DAMAGE TO THE VEHICLE WAS REPORTED.,Police,False,1/25/2023 10:53:00 AM,1/25/2023 10:53:00 AM,1/25/2023 10:53:00 AM,1/25/2023 1:17:00 PM,,144,WEHRKAMP J,5425,M.J. BAKER,5405,True,South,Divided; Depressed Median,Straight Level,Snow,Blacktop; Bituminous; Asphalt,0,0,144,False,False,False,False,False,False,False,False,True,False,False,False,False,False,False,True,True
	23MS00188,20232022965,Property Damage Only,,,False,True,False,False,False,False,False,	05400,1,1,Mercer County,Township,Jefferson (Township of),1/25/2023 10:39:00 AM,38724,40.557313,-84.493893,State Route,29,,,,5.00,Miles,West,Numbered County Route,161B,,,Intersection,,False,,True,Outside Trafficway,Not Collision Between Two Vehicles in Transport,Snow,Daylight,False,False,False,False,,,UNIT 1 WAS EAST ON SR 29 AND LOST CONTROL ON THE SNOW COVERED RD. UNIT 1 DROVE OFF THE RD AND STRUCK A RD SIGN. UNIT 1 RESTED FACING SE IN THE SOUTH DITCH. UNIT 1 SUSTAINED LEFT REAR DAMAGE.,Police,False,1/25/2023 10:39:00 AM,1/25/2023 10:40:00 AM,1/25/2023 11:01:00 AM,1/25/2023 11:44:00 AM,,64,KROFT DERIC,5443,MJ BAKER,5405,True,East,Divided; Raised Median (Any type),Straight Level,Snow,Blacktop; Bituminous; Asphalt,0,0,64,False,False,False,False,False,False,False,False,False,True,True,False,False,False,False,False,False
	WPD-2300083,20232022966,Property Damage Only,,,False,True,False,False,False,False,False,	02401,2,1,Fayette County,City,Washington Court House,1/23/2023 3:42:00 PM,81214,39.533357,-83.443380,,,West,COURT,Street,50.00,Feet,South,,,West,CIRCLE,Intersection,Avenue,False,,True,On Roadway,Other/Unknown,Clear,Daylight,False,False,False,False,,,UNIT 2 WAS STOPPED IN TRAFFIC EB ON W. COURT ST ATTEMPTING TO TURN INTO KFC. UNIT 1 TURNED OFF OF OF W CIRCLE AVE AND STRUCK THE REAR OF UNIT 2 CAUSING MINOR DAMAGE TO BOTH VEHICLES. NO INJURIES WERE REPORTED.,Police,False,1/23/2023 3:44:00 PM,1/23/2023 3:46:00 PM,1/23/2023 3:46:00 PM,1/23/2023 4:07:00 PM,30,51,MICK MARCUS,19,BROWN RICKY,13,True,East,Divided; Depressed Median,Straight Level,Wet,Blacktop; Bituminous; Asphalt,0,0,51,False,False,False,False,False,False,False,False,False,False,False,False,False,False,False,False,False
	WPD-2300082,20232022967,Property Damage Only,,,False,True,False,False,False,False,False,	02401,1,1,Fayette County,City,Washington Court House,1/23/2023 10:53:00 AM,81214,39.553146,-83.436878,,,,ASPEN,Drive,,,,,,,898,House Number,,False,,False,On Roadway,Not Collision Between Two Vehicles in Transport,Clear,Daylight,False,False,False,False,,,UNIT 1 WAS TRAVELING NB ON RIVERBIRCH RD. UNIT 1 TURNED WB ONTO ASPEN DR. UNIT 1 FAILED TO CONTROL HIS VEHICLE STRIKING THE CURB AND PROCEEDED TO STRIKE THE MAILBOX AT 898 ASPEN DR. UNIT 1 SUSTAINED DISABLING DAMAGE.,Police,False,1/23/2023 10:53:00 AM,1/23/2023 10:55:00 AM,1/23/2023 10:56:00 AM,1/23/2023 11:31:00 AM,30,66,PHILLIPS TREVOR,18,HEINZ JEFFERY,7,False,,,Straight Level,Slush,Blacktop; Bituminous; Asphalt,0,0,66,False,False,False,False,False,False,False,False,False,False,True,True,False,False,False,False,False
	SO-230143,20232022973,Property Damage Only,,,False,True,False,True,False,False,False,	02400,1,1,Fayette County,Township,Paint (Township of),1/25/2023 5:00:00 AM,59486,,,Interstate Route (Turnpike is also IR),71,,,,0.25,Miles,South,,,,74,Mile Post,Milepost,False,,True,On Shoulder,Not Collision Between Two Vehicles in Transport,Snow,Dark - Roadway Not Lighted,False,False,False,False,,,UNIT 1 WAS TRAVELING NB ON IR 71 NEAR MP 74 WHEN UNIT 1 RAN OFF THE RIGHT SIDE OF THE RD AND CAME TO REST IN A DITCH . ,Police,False,1/25/2023 5:05:00 AM,1/25/2023 5:07:00 AM,1/25/2023 5:15:00 AM,1/25/2023 6:02:00 AM,,55,MARTIN GAGE,60,BIVENS DAVID,2,True,North,Divided; Depressed Median,Straight Level,Wet,Blacktop; Bituminous; Asphalt,0,0,55,False,False,False,False,False,False,False,False,False,False,False,False,False,False,False,False,False
	2023022175,20232023573,Injury Possible,Unsolved,,False,False,False,False,False,False,False,	CLP00,1,1,Cuyahoga County,City,Cleveland,1/22/2023 2:51:00 AM,16000,41.514890,-81.674260,Interstate Route (Turnpike is also IR),90,,,,1.00,Feet,East,,,,174,Mile Post,Milepost,False,,False,Other/Unknown,Other/Unknown,Clear,Dark - Lighted Roadway,False,False,False,False,,,HIT SKIP WITH INVESTIGATIVE LEADS  UNIT 1 WAS FOUND UNOCCUPIED ON THE HIGHWAY ENTRANCE.,Motorist,False,1/22/2023 2:51:00 AM,,,,,,TOOLEY,954,SGT,9244,True,South,Divided; Raised Median (Any type),Straight Level,Dry,Blacktop; Bituminous; Asphalt,0,0,0,False,False,False,False,False,False,False,False,False,True,False,False,False,False,False,False,False
	2023018857,20232023618,Property Damage Only,Unsolved,,False,False,False,False,False,False,False,	CLP00,2,2,Cuyahoga County,City,Cleveland,1/18/2023 7:15:00 PM,16000,41.500188,-81.686667,,,West,9TH,Street,50.00,Feet,South,,,,EUCLID,Intersection,Avenue,True,4,False,On Roadway,Angle,Cloudy,Dark - Unknown Roadway Lighting,False,False,False,False,,,UNIT 1 STATED HE WAS TRAVELING N/B ON E. 9TH STREET AND HAD A GREEN LIGHT AT THE INTERSECTION NEAR EUCLID AVE; WHEN UNIT 2 STRUCK HIM.  UNIT 2 THEN LEFT THE SCENE.,Motorist,False,1/18/2023 8:00:00 PM,,,,,,ALEKSEEVA,984,WORSENCROFT,9170,False,,,Straight Level,Dry,Blacktop; Bituminous; Asphalt,0,0,0,False,False,False,False,False,False,False,False,False,False,False,False,False,False,False,False,False
	2023018853,20232023628,Property Damage Only,,,False,False,False,False,False,False,False,	CLP00,1,99,Cuyahoga County,City,Cleveland,1/18/2023 7:00:00 PM,16000,41.491250,-81.669940,Interstate Route (Turnpike is also IR),77,,,,,,,,,,17,Intersection,Highway,False,,False,On Roadway,Not Collision Between Two Vehicles in Transport,Other/Unknown,Dark - Unknown Roadway Lighting,False,False,False,False,,,UNIT 1 STATES WHILE TRAVELING N/B ON I 77 NORTH A TIRE STRUCK THE FRONT END DRIVER SIDE OF HIS VEHICLE.,Police,False,1/18/2023 7:00:00 PM,,,,,,STAMPER,1918,HANHAY,9136,False,,,Straight Level,Dry,Concrete,0,0,0,False,False,False,False,False,False,False,False,False,False,False,False,False,False,False,False,False
	2023009521,20232023630,Property Damage Only,,,False,False,False,False,False,False,False,	CLP00,1,1,Cuyahoga County,City,Cleveland,1/9/2023 8:00:00 PM,16000,,,,,West,87TH,Street,,,,,,,1297,House Number,,False,,False,Outside Trafficway,Not Collision Between Two Vehicles in Transport,Clear,Dark - Roadway Not Lighted,False,False,False,False,,,UNIT  1 WHILE TRAVELING S/B ON W. 87TH STREET WAS DISTRACTED BY LOOKING AT HIS CELL PHONE AND STRUCK A TREE IN FRONT OF 1297 W. 87TH STREET.,Police,False,1/9/2023 8:00:00 PM,,,,,,BROSCHK,1510,,9327,False,,,Straight Grade,Dry,Concrete,0,0,0,False,False,False,False,False,False,False,False,False,False,False,False,False,False,False,False,False