LocalReportNumber,DocumentNumber,CrashSeverity,HitSkip,LocalInformation,SecondaryCrash,PhotosTaken,OH2,OH3,OH1P,OHOther,PrivateProperty,ReportingAgencyNCIC,NumberOfUnits,UnitInError,County,InCityVillageTownship,CityVillageTownshipName,CrashDateTime,FIPSPlaceCode,Latitude,Longitude,LocationRouteType,LocationRouteNumber,LocationPrefix,LocationRoadName,LocationRoadType,DistanceFromReference,DistanceReferenceMeasurement,DirectionFromReference,ReferenceRouteType,ReferenceRouteNumber,ReferencePrefix,ReferenceName,ReferencePointUsed,ReferenceRoadType,IntersectionOrApproachRelated,NumberOfApproaches,WithinInterchangeArea,LocationFirstHarmfulEvent,MannerOfCollision,Weather,LightCondition,ActiveSchoolZoneRelated,WorkZoneRelated,WorkersPresent,LawEnforcementPresentInWorkZone,WorkZoneType,WorkZoneLocation,Narrative,ReportTakenBy,Supplement,CrashReportedDateTime,DispatchedDateTime,ArrivedDateTime,SceneClearedDateTime,OtherInvestigationTime,TotalTimeRoadwayClosed,OfficerName,OfficerBadgeNumber,CheckedByOfficerName,CheckedByBadgeNumber,RoadwayDivided,DividedLaneTravelDirection,DividedMedianType,RoadContour,RoadCondition,RoadSurface,TotalInjured,TotalKilled,TotalMinutes,AnimalRelated,AnimalDeerRelated,AlcoholRelated,DrugRelated,BicycleRelated,MotorCycleRelated,SpeedRelated,PedestrianRelated,SemiTruckRelated,SmallTruckRelated,YouthRelated,TeenRelated,DUI21Related,SeniorRelated,FatalNotReportable,CommercialRelated,CommercialAtFault
	230496,20232033910,Property Damage Only,,,False,False,False,False,False,False,False,	01900,1,1,Darke County,Township,Greenville,1/25/2023 9:11:00 AM,32340,40.101084,-84.606947,Federal US Route,127,,,,1.00,Miles,South,Federal US Route,36,,,Intersection,,False,,False,On Shoulder,Not Collision Between Two Vehicles in Transport,Snow,Daylight,False,False,False,False,,,UNIT 1 WAS TRAVELING NB ON US RT 127 WHEN UNIT 1 LOST CONTROL ON THE SNOW. UNIT 1 WENT OFF THE RIGHT SIDE OF THE RD AND STRUCK A GUARD RAIL.,Police,False,1/25/2023 9:11:00 AM,1/25/2023 9:13:00 AM,1/25/2023 9:18:00 AM,1/25/2023 9:31:00 AM,,18,BRINLEY,DC48,OTHER,13,False,,,Straight Level,Snow,Blacktop; Bituminous; Asphalt,0,0,18,False,False,False,False,False,False,True,False,False,True,False,False,False,False,False,False,False
	2023006433,20232033914,Property Damage Only,,,False,False,False,False,True,False,False,	CLP00,2,1,Cuyahoga County,City,Cleveland,1/6/2023 3:15:00 PM,16000,41.482590,-81.707165,,,,LORAIN,Avenue,,,,,,West,30TH,Intersection,Street,True,3,False,On Roadway,Other/Unknown,Clear,Daylight,False,False,False,False,,,UNIT 1 STATED THEY WERE RUNNING LATE TO WORK AND ATTEMPTED TO GO AROUND A ST IGNATIUS SECURITY GUARD DIRECTING TRAFFIC. UNIT 1 STATED THE SECURITY GUARD THEN PULLED HIM OUT OF HIS VEHICLE CAUSING THE VEHICLE TO STRIKE UNIT 2. UNIT 2 WAS PARKED WESTBOUND ON LORAIN UNOCCUPIED.,Police,False,1/6/2023 3:23:00 PM,1/6/2023 3:38:00 PM,1/6/2023 3:43:00 PM,1/6/2023 4:27:00 PM,240,300,CAMP,1516,ROSS,9024,False,,,Straight Level,Dry,Blacktop; Bituminous; Asphalt,0,0,289,False,False,False,False,False,False,False,False,False,False,False,False,False,False,False,True,False
	2023022925,20232033916,Property Damage Only,Solved,,False,False,False,False,False,False,False,	CLP00,1,1,Cuyahoga County,City,Cleveland,1/22/2023 11:48:00 PM,16000,41.450397,-81.696701,,,West,21ST,Street,,,,,,,3865,House Number,,False,,False,Other/Unknown,Not Collision Between Two Vehicles in Transport,Snow,Dark - Lighted Roadway,False,False,False,False,,,WITNESS STATES UNIT 1 WHILE OPERATING EB ON SELZER AVE; PROCEEDED STRAIGHT INTO DRIVEWAY OF 3865 W 21ST AND STRUCK PORCH ON NB SIDE OF HOUSE. UNIT 1 THEN PROCEEDED TO ACCELERATE FORWARD INTO UTILITY POLE; BACKED UP AGAIN AND PROCEEDED SB DOWN W 21ST .,Police,False,1/22/2023 11:50:00 PM,1/22/2023 11:52:00 PM,1/22/2023 11:59:00 PM,1/23/2023 12:30:00 AM,90,120,HENDERSON,1533,OTHER,9060,False,,,Straight Level,Snow,Slag; Gravel; Stone,0,0,128,False,False,False,False,False,False,False,False,False,False,False,False,False,False,False,False,False
	2023015861,20232033917,Property Damage Only,Unsolved,,False,False,False,False,False,False,False,	CLP00,1,1,Cuyahoga County,City,Cleveland,1/16/2023 4:11:00 AM,16000,41.420591,-81.796851,Interstate Route (Turnpike is also IR),480,,,,,,,,,West,150TH,Intersection,Street,False,,False,On Roadway,Other/Unknown,Clear,Dark - Lighted Roadway,False,False,False,False,,,ON 01162023 AT 0411 HOURS WE RECEIVED A RADIO ASSIGNMENT FOR A VEHICLE SIDEWAYS ON THE IR480 W AND W 150TH ST. UPON OUR ARRIVAL WE LOCATED THE VEHICLE WITH HEAVY PASSENGER SIDE DAMAGE AND MISSING THE PASSENGER SIDE FRONT WHEEL. THERE WAS NO OCCUPANTS INSIDE THE VEHICLE AND THE CALLER WAS A PASSERBY.,Police,False,1/16/2023 4:11:00 AM,1/16/2023 4:11:00 AM,1/16/2023 4:15:00 AM,1/16/2023 4:51:00 AM,60,100,THOMPSON,511,OTHER,9124,False,,,Straight Level,Dry,Blacktop; Bituminous; Asphalt,0,0,100,False,False,False,False,False,False,False,False,False,False,False,False,False,False,False,False,False
	2023015777,20232033918,Minor Injury Suspected,,,False,False,False,False,False,False,False,	CLP00,1,1,Cuyahoga County,City,Cleveland,1/16/2023 12:55:00 AM,16000,41.470386,-81.763794,,,,WESTERN,Avenue,,,,,,West,111TH,Intersection,Street,True,3,False,On Roadway,Not Collision Between Two Vehicles in Transport,Clear,Dark - Lighted Roadway,False,False,False,False,,,UNIT 1 WAS TRAVELING WB ON WESTERN AVE WHEN HE FAILED TO CONTROL HIS MOTOR VEHICLE VERING RIGHT AND STRIKING THE UTILITY POLE.,Police,False,1/16/2023 12:59:00 AM,1/16/2023 1:11:00 AM,1/16/2023 1:25:00 AM,1/16/2023 1:53:00 AM,60,102,MUSARRA,2133,OTHER,9129,False,,,Straight Level,Dry,Blacktop; Bituminous; Asphalt,0,0,102,False,False,False,False,False,False,False,False,False,True,False,False,False,False,False,False,False
	2023003529,20232036506,Property Damage Only,,,False,False,False,False,False,False,False,	CLP00,1,1,Cuyahoga County,City,Cleveland,1/3/2023 10:14:00 PM,16000,41.493329,-81.685559,Interstate Route (Turnpike is also IR),90,,,,10.00,Feet,East,,,,ONTARIO,Intersection,Street,False,,True,On Roadway,Not Collision Between Two Vehicles in Transport,Clear,Dark - Lighted Roadway,False,False,False,False,,,WHILE TRAVELING WB ON IR 90 AND IN THE MIDDLE LANE UNIT 1 STATED HE WAS CUT OFF BY ANOTHER VEHICLE CAUSING HIM TO SWERVE HITTING THE BARRIER.,Police,False,1/3/2023 10:14:00 PM,1/3/2023 10:19:00 PM,1/3/2023 10:26:00 PM,1/3/2023 10:40:00 PM,31,2240,BALLAH,275,MCMAHAN,9093,True,West,Divided; Raised Median (Any type),Curve Level,Dry,Blacktop; Bituminous; Asphalt,0,0,52,False,False,False,False,False,False,False,False,False,False,False,False,False,True,False,False,False
	23-001029,20232038277,Property Damage Only,,,False,True,True,False,False,False,False,	00902,1,1,Butler County,City,Hamilton,1/31/2023 8:23:00 AM,33012,39.366627,-84.563186,,,,RIVER,Road,100.00,Feet,North,,,,CLINTON,Intersection,Avenue,False,,False,On Shoulder,Not Collision Between Two Vehicles in Transport,Cloudy,Daylight,False,False,False,False,,,UNIT 1 WAS SB ON RIVER RD NEAR CLINTON AVE WHEN UNIT 1 SLID ON ICE AND LOST CONTROL OF THE VEHICLE. UNIT 1 WENT LEFT OF CENTER AND STRUCK A CURB. UNIT 1 CONTINUED THROUGH THE STREET LAWN AND ACROSS THE HOOVEN ALLEY AND STRUCK A FENCE AT 306 CLINTON AVE.,Police,False,1/31/2023 8:23:00 AM,1/31/2023 8:25:00 AM,1/31/2023 8:30:00 AM,1/31/2023 9:25:00 AM,,60,J EBBLING,129,,,False,,,Straight Level,Ice,Blacktop; Bituminous; Asphalt,0,0,60,False,False,False,False,False,False,False,False,False,False,True,False,False,False,False,False,False
	23-05204,20232038287,Injury Possible,,,False,True,False,False,True,False,False,	01865,1,1,Cuyahoga County,City,Cleveland,1/24/2023 10:45:00 PM,16000,41.493065,-81.658943,,,,COMMUNITY COLLEGE,Avenue,100.00,Feet,East,,,East,38TH,Intersection,Street,False,,False,On Roadway,Other/Unknown,Clear,Dark - Lighted Roadway,False,False,False,False,,,UNIT 1 WAS TRAVELING WB ON COMMUNITY COLLEGE/ 39TH. UNIT 1 COUGHED AND BLACKED OUT AND DROVE OFF THE RD TO THE SIDEWALK AND MADE CONTACT AND DROVE THROUGH 2 TELEPHONE POLES.,Police,False,2/24/2023 10:45:00 PM,2/24/2023 10:47:00 PM,2/24/2023 10:51:00 PM,2/25/2023 5:30:00 AM,,403,ALIIKIC STEFON,13,PRIORE CHRIS,922,False,,,Straight Level,Dry,Concrete,0,0,403,False,False,False,False,False,False,False,False,False,False,False,False,False,False,False,True,True
	23004894,20232038525,Property Damage Only,,,False,True,True,False,False,False,False,	00901,2,1,Butler County,City,Fairfield,1/19/2023 5:12:00 PM,25970,39.320362,-84.522301,,,,SOUTH GILMORE,Road,230.00,Feet,South,,,,5679,House Number,,False,,False,On Roadway,Rear-end,Cloudy,Daylight,False,False,False,False,,,Unit 1 was SB on S Gilmore Rd near Resor Rd when the unit failed to maintain ACDA and struck Unit 2 in the rear; causing minor damage.,Police,False,1/19/2023 5:12:00 PM,1/19/2023 5:13:00 PM,1/19/2023 5:22:00 PM,1/19/2023 5:41:00 PM,30,0,PO SPRADLING,175,,,False,,,Straight Grade,Wet,Blacktop; Bituminous; Asphalt,0,0,58,False,False,False,False,False,False,False,False,False,False,True,True,False,False,False,False,False
	23004177,20232038619,Property Damage Only,,,False,True,True,False,True,False,False,	00901,2,1,Butler County,City,Fairfield,1/17/2023 6:45:00 AM,25970,39.317958,-84.522363,,,South,GILMORE,Road,100.00,Feet,South,,,,ANNANDALE,Intersection,Drive,False,,False,On Roadway,Rear-end,Rain,Dark - Lighted Roadway,False,False,False,False,,,Unit 1 was NB on S Gilmore Rd when it failed to stop with ACDA and collided with Unit 2; which was stopped in traffic on NB S Gilmore Rd.,Police,False,1/17/2023 6:46:00 AM,1/17/2023 6:58:00 AM,1/17/2023 7:07:00 AM,1/17/2023 7:32:00 AM,,,C SINGLETON,89,,,False,,,Straight Grade,Wet,Blacktop; Bituminous; Asphalt,0,0,34,False,False,False,False,False,False,False,False,False,False,False,False,False,False,False,False,False
	23004791,20232038629,Minor Injury Suspected,,,False,True,True,False,False,False,False,	00901,1,1,Butler County,City,Fairfield,1/19/2023 9:03:00 AM,25970,39.317243,-84.561721,Federal US Route,127,,,,,,,,,,6010,House Number,,False,,False,Other/Unknown,Not Collision Between Two Vehicles in Transport,Clear,Daylight,False,False,False,False,,,Unit 1 was SB on Pleasant Ave when the driver failed to maintain control trying to stop; drove off the right side of the road; and struck a traffic light support pole.,Police,False,1/19/2023 9:14:00 AM,1/19/2023 9:15:00 AM,1/19/2023 9:16:00 AM,1/19/2023 9:50:00 AM,,,C SINGLETON,89,,,False,,,Straight Level,Wet,Blacktop; Bituminous; Asphalt,0,0,35,False,False,False,False,False,False,False,False,False,False,True,False,False,False,False,False,False
	23004253,20232038892,Property Damage Only,,,False,True,True,False,True,False,False,	00901,2,1,Butler County,City,Fairfield,1/17/2023 1:32:00 PM,25970,39.310909,-84.519361,,,,MACK,Road,,,,,,,3000,House Number,,True,4,False,On Roadway,Rear-end,Cloudy,Daylight,False,False,False,False,,,Unit 1 was traveling west on Mack Rd when they failed to stop within ACDA and struck Unit 2; which was also WB and slowing down for a vehicle that turned in front of him.,Police,False,1/17/2023 1:33:00 PM,1/17/2023 1:34:00 PM,1/17/2023 1:36:00 PM,1/17/2023 1:54:00 PM,,,PO C MOORE,136,,,False,,,Straight Level,Dry,Blacktop; Bituminous; Asphalt,0,0,20,False,False,False,False,False,False,False,False,False,True,False,False,False,True,False,False,False
	23004786,20232038919,Property Damage Only,,,False,True,True,False,True,False,False,	00901,2,1,Butler County,City,Fairfield,1/19/2023 9:00:00 AM,25970,39.316620,-84.561616,Federal US Route,127,,,,,,,,,,6048,House Number,,False,,False,On Roadway,Rear-end,Cloudy,Daylight,False,False,False,False,,,Unit 1 was north on US 127 when they failed to stop within ACDA and struck Unit 2; which was also NB and was stopped in traffic.,Police,False,1/19/2023 9:00:00 AM,1/19/2023 9:03:00 AM,1/19/2023 9:14:00 AM,1/19/2023 9:50:00 AM,,,PO RYAN FLEENOR,117,,,False,,,Straight Level,Wet,Blacktop; Bituminous; Asphalt,0,0,47,False,False,False,False,False,False,False,False,False,False,True,False,False,False,False,False,False
	23004707,20232038981,Property Damage Only,,,False,True,True,False,True,False,False,	00901,2,1,Butler County,City,Fairfield,1/18/2023 10:10:00 PM,25970,39.332754,-84.522012,State Route,4,,,,,,,,,,5555,House Number,,True,4,False,On Roadway,Angle,Rain,Dark - Lighted Roadway,False,False,False,False,,,Unit 1 was traveling SE on SR 4 in the rightmost turn lane; attempted to get into the leftmost turn lane of travel in order to turn left onto 5590 Dixie Hwy and in doing so; struck the back right side of Unit 2; was was also SE on SR 4.,Police,False,1/18/2023 10:10:00 PM,1/18/2023 10:13:00 PM,1/18/2023 10:25:00 PM,1/18/2023 10:58:00 PM,,48,KAMPHAUS,173,SGT K HARRINGTON,112,False,,,Straight Level,Wet,Blacktop; Bituminous; Asphalt,0,0,45,False,False,False,False,False,False,False,False,False,False,False,False,False,True,False,False,False
	23004557,20232039095,Property Damage Only,,,False,True,True,False,False,False,False,	00901,2,1,Butler County,City,Fairfield,1/18/2023 1:47:00 PM,25970,39.360110,-84.561949,,,,RIVER,Road,,,,,,,ST CLAIR,Intersection,Avenue,True,4,False,On Roadway,Angle,Clear,Daylight,False,False,False,False,,,Unit 1 was EB on Joe Nuxall Way when at River Rd; attempted to turn left to travel NB on River Rd; and in doing so; failed to yield the right of way to oncoming traffic and struck Unit 2; which was traveling WB on St Clair Ave and was making a right hand turn onto NB River Rd.,Police,False,1/18/2023 1:48:00 PM,1/18/2023 1:51:00 PM,1/18/2023 2:01:00 PM,1/18/2023 2:32:00 PM,,,PO GREGG LAMB,65,,,False,,,Straight Grade,Dry,Blacktop; Bituminous; Asphalt,0,0,41,False,False,False,False,False,False,False,False,False,False,False,False,False,True,False,False,False
	23003525,20232039635,Property Damage Only,,,False,True,True,False,False,False,False,	00901,2,1,Butler County,City,Fairfield,1/14/2023 7:06:00 PM,25970,39.332981,-84.521370,,,,HOLDEN,Boulevard,50.00,Feet,East,State Route,4,,,Intersection,,True,4,False,On Roadway,Backing,Clear,Dark - Lighted Roadway,False,False,False,False,,,Unit 1 was NB on Holden Blvd; attempted to make a left hand turn into the parking lot of White Castle. Unit 1 mistakenly thought there was an entrance to White Castle from Holden Blvd when there was not. Unit 1 then reversed; going south; and backed into Unit 2; which was stopped at the traffic light; traveling SW on Holden Blvd.,Police,False,1/14/2023 7:06:00 PM,1/14/2023 7:08:00 PM,1/14/2023 7:08:00 PM,1/14/2023 7:27:00 PM,30,0,J MITCHELL,171,,,False,,,Straight Level,Dry,Blacktop; Bituminous; Asphalt,0,0,49,False,False,False,False,False,False,False,False,False,False,False,False,False,True,False,False,False
	23003237,20232039679,Property Damage Only,,,False,True,True,False,True,False,False,	00901,2,1,Butler County,City,Fairfield,1/13/2023 9:44:00 PM,25970,39.318502,-84.495275,State Route,4,,,,,,,,,,SEWARD,Intersection,Road,True,4,False,On Roadway,Angle,Clear,Dark - Lighted Roadway,False,False,False,False,,,Unit 1 was traveling NB on Seward Rd and when at SR 4; attempted to make a right turn SE on SR 4. Unit 1 attempted this turn from the right straight through lane and not the right turn only lane. Unit 1 lost control of the vehicle in the intersection; and struck Unit 2. Unit 2 was NW on SR 4 and stopped at the traffic light in the left turn only lane to travel SB on Seward RD.,Police,False,1/13/2023 9:44:00 PM,1/23/2023 9:46:00 PM,,,30,0,J MITCHELL,171,,,False,,,Straight Level,Dry,Blacktop; Bituminous; Asphalt,0,0,0,False,False,False,False,False,False,False,False,False,False,True,False,False,True,False,False,False
	23000143,20232039716,Fatal,,,False,True,True,True,False,False,False,	02503,2,99,Franklin County,City,Dublin,1/19/2023 8:54:00 AM,22694,40.079125,-83.157831,,,,AVERY,Road,,,,,,,5544,House Number,,False,,False,On Roadway,Not Collision Between Two Vehicles in Transport,Cloudy,Daylight,False,False,False,False,,,Unit 1 was NB on Avery Rd near Rings Rd. Unit 2 was at his mailbox located at 5544 Avery RD on the east side of the roadway. Unit 1 struck Unit 2; causing Unit 2 to go airborne and come to rest in the yard of 5556 Avery Rd. Unit 2 was transported to Dublin Methodist Hospital.,Police,True,1/19/2023 8:54:00 AM,1/19/2023 8:54:00 AM,1/19/2023 8:56:00 AM,1/19/2023 1:17:00 PM,,261,BYERS; T.E.,3309,HOWARD; D.T.,1009,False,,,Straight Level,Wet,Blacktop; Bituminous; Asphalt,1,0,263,False,False,False,False,False,False,False,True,False,False,True,True,False,False,False,False,False
	23004292,20232039764,Property Damage Only,,,False,False,False,False,False,False,False,	00901,2,1,Butler County,City,Fairfield,1/17/2023 3:33:00 PM,25970,39.332413,-84.521843,,,South,GILMORE,Road,10.00,Feet,South,State Route,4,,,Intersection,,True,4,False,On Roadway,Angle,Clear,Daylight,False,False,False,False,,,Units 1 & 2 were NB on S Gilmore RD at Dixie Hwy. Unit 2 was in the right through lane. Unit 1 failed to clear the lane before an attempt to change lanes into the right through lane. Unit 1 stuck Unit 2 in the driver's side.,Police,False,1/17/2023 3:33:00 PM,1/17/2023 3:43:00 PM,1/17/2023 3:43:00 PM,1/17/2023 4:03:00 PM,20,0,N DAVIS,169,,,False,,,Straight Level,Dry,Blacktop; Bituminous; Asphalt,0,0,40,False,False,False,False,False,False,False,False,False,True,False,False,False,True,False,False,False
	23004205,20232039836,Property Damage Only,,,False,True,True,False,True,False,False,	00901,2,99,Butler County,City,Fairfield,1/17/2023 9:37:00 AM,25970,39.345016,-84.539077,State Route,4,,,,,,,,,,WINTON,Intersection,Road,True,3,False,On Roadway,Angle,Clear,Daylight,False,False,False,False,,,Unit 1 stated that he turned left from EB Winton Rd to the left through lane of NB Dixie Hwy when Unit 2 changed lanes from the right lane of NB Dixie Hwy; causing them to collide. The driver of Unit 1 stated that he was already in the left through lane when Unit 2 changed lanes and struck him. The driver of Unit 2 stated that he was in the left through lane of NB Dixie Hwy when Unit 1 failed to yield turning left from Winton Rd; causing them to collide. The driver of Unit 2 stated that he was never in the right through lane of NB Dixie Hwy.,Police,False,1/17/2023 9:38:00 AM,1/17/2023 9:40:00 AM,1/17/2023 9:45:00 AM,1/17/2023 10:05:00 AM,,,C SINGLETON,89,,,False,,,Straight Level,Dry,Blacktop; Bituminous; Asphalt,0,0,25,False,False,False,False,False,False,False,False,False,True,True,False,False,False,False,False,False
	23004090,20232039899,Property Damage Only,,,False,True,True,False,False,False,False,	00901,1,1,Butler County,City,Fairfield,1/16/2023 11:59:00 PM,25970,39.320870,-84.592950,,,,GRAY,Road,,,,,,,5861,House Number,,False,,False,On Shoulder,Not Collision Between Two Vehicles in Transport,Rain,Dark - Lighted Roadway,False,False,False,False,,,Unit 1 was traveling NW on Gray Rd when it ran off the right side of the road. Unit 1 then lost control as the car started to spin. Unit 1 came to rest in the driveway of 5861 Gray Rd still facing NW. Unit 1 then drove backwards through a tree line; striking a guide wire to a utility pole; and driving off the bridge located at that same address. When Unit 1 dropped off the bridge; it fell approximately 10 ft; coming to rest in the creek bed. The bridge appeared to not be damaged. ,Police,False,1/16/2023 11:59:00 PM,1/17/2023 12:01:00 AM,1/17/2023 12:07:00 AM,1/17/2023 2:35:00 AM,30,90,PO GREG BAILES,122,,,False,,,Curve Level,Dry,Blacktop; Bituminous; Asphalt,0,0,184,False,False,True,True,False,False,True,False,False,False,True,False,False,False,False,False,False
	23003657,20232039923,Injury Possible,,,False,True,True,False,False,False,False,	00901,2,1,Butler County,City,Fairfield,1/15/2023 1:30:00 AM,25970,39.337824,-84.501400,State Route,127,,,,,,,,,,NILLES,Intersection,Road,True,4,False,On Roadway,Rear-end,Clear,Dark - Lighted Roadway,False,False,False,False,,,Unit 1 struck the rear of the trailer of Unit 2 on SR 127 near Nilles Rd. Unit 2 was stationary at a red light in the SB lane of travel on SR 127 when Unit 1 struck the trailer of Unit 2; in the rear.,Police,False,1/15/2023 1:30:00 AM,1/15/2023 1:32:00 AM,1/15/2023 1:32:00 AM,1/15/2023 2:09:00 AM,30,,A HATCHER,174,SGT K HARRINGTON,112,False,,,Straight Level,Dry,Blacktop; Bituminous; Asphalt,0,0,67,False,False,False,False,False,False,False,False,False,True,True,True,False,False,False,False,False
	23003963,20232039944,Property Damage Only,,,False,True,True,False,False,False,False,	00901,2,99,Butler County,City,Fairfield,1/16/2023 12:25:00 PM,25970,39.335454,-84.504503,,,,PORT UNION,Road,,,,,,,CINCHRIS,Intersection,Drive,True,3,False,On Roadway,Angle,Cloudy,Daylight,False,False,False,False,,,Unit 2 reported that he stopped at a stop sign facing north on Cinchis Dr at Port Union Rd when he was struck in the rear by Unit 1; which was exiting a private drive on Cinchis Dr. Unit 1 reported that he was exiting a private drive onto Cinchis Dr when Unit 2 realized that he was too far into traffic on Cinchris. He then placed the vehicle in reverse; striking Unit 1.,Police,False,1/16/2023 12:30:00 PM,1/16/2023 12:44:00 PM,1/16/2023 12:53:00 PM,1/16/2023 1:12:00 PM,,,PO RYAN FLEENOR,117,,,False,,,Straight Level,Dry,Blacktop; Bituminous; Asphalt,0,0,28,False,False,False,False,False,False,False,False,False,False,False,False,False,False,False,False,False
	23003954,20232039947,Property Damage Only,Unsolved,,False,True,False,False,False,False,False,	00901,2,1,Butler County,City,Fairfield,1/15/2023 6:00:00 PM,25970,39.316699,-84.595116,,,,ST THOMAS,Court,,,,,,,419,House Number,,False,,False,On Roadway,Other/Unknown,Other/Unknown,Other/Unknown,False,False,False,False,,,Unit 2 was parked on the right side of the road facing east in front of 419 St Thomas Ct when Unit 1 came from an unknown direction and struck the driver's side of Unit 2. The driver of Unit 1 left the scene without notifying the owner of Unit 2 or calling the police.,Police,False,1/16/2023 11:56:00 AM,1/16/2023 11:58:00 AM,1/16/2023 12:11:00 PM,1/16/2023 12:28:00 PM,20,0,PO J DRAKE,88,,,False,,,Straight Grade,Other/Unknown,Blacktop; Bituminous; Asphalt,0,0,50,False,False,False,False,False,False,False,False,False,False,False,False,False,False,False,False,False
	23004224,20232040013,Property Damage Only,,,False,False,True,False,False,False,False,	00901,2,1,Butler County,City,Fairfield,1/17/2023 10:30:00 AM,25970,39.340677,-84.559846,State Route,127,,,,,,,,,,5085,House Number,,False,,False,On Roadway,Rear-end,Cloudy,Daylight,False,False,False,False,,,Unit 2 was NB on SR 127 at 5085 Pleasant Ave and Unit 1 struck him in the rear. Unit 1 & 2 exchanged information and left. The report was taken at the Fairfield PD.,Police,False,1/17/2023 10:47:00 AM,1/17/2023 10:50:00 AM,1/17/2023 10:50:00 AM,1/17/2023 11:16:00 AM,,,PO GREGG LAMB,65,,,False,,,Straight Level,Wet,Blacktop; Bituminous; Asphalt,0,0,26,False,False,False,False,False,False,False,False,False,False,True,False,False,False,False,False,False
	23004267,20232040038,Property Damage Only,,,False,True,True,False,False,False,False,	00901,2,99,Butler County,City,Fairfield,1/17/2023 2:36:00 PM,25970,39.336690,-84.542119,,,,NILLES,Road,100.00,Feet,East,,,,WITTENBURG,Intersection,Drive,False,,False,On Roadway,Other/Unknown,Clear,Daylight,False,False,False,False,,,Unit 1 stated they were east on Nilles Rd in the left lane. The driver of Unit 1 stated that Unit 2 improperly merged into the left lane and struck them. The driver of Unit 2 stated they were EB on Nilles Rd in the left lane when Unit 1 improperly struck them. The at fault driver was unable to be determined. The damage on both vehicles was consistent with both stories.,Police,False,1/17/2023 2:36:00 PM,1/17/2023 2:38:00 PM,1/17/2023 2:41:00 PM,1/17/2023 3:00:00 PM,30,0,D MILLER,167,,,False,,,Straight Level,Dry,Blacktop; Bituminous; Asphalt,0,0,52,False,False,False,False,False,False,False,False,False,False,True,False,False,False,False,False,False
	23004272,20232040052,Property Damage Only,,,False,True,True,False,False,False,False,	00901,2,1,Butler County,City,Fairfield,1/17/2023 2:42:00 PM,25970,39.347977,-84.525208,,,,SYMMES,Road,20.00,Feet,North,,,,2923,House Number,,False,,False,On Roadway,Rear-end,Clear,Daylight,False,False,False,False,,,Unit 1 was EB on Symmes Rd when at 2923 Symmes Rd; failed to stop within ACDA and collided with Unit 2; which was also EB and slowing in traffic.,Police,False,1/17/2023 2:42:00 PM,1/17/2023 2:44:00 PM,1/17/2023 2:53:00 PM,1/17/2023 3:12:00 PM,10,,T KING,161,,,False,,,Straight Level,Dry,Blacktop; Bituminous; Asphalt,0,0,38,False,False,False,False,False,False,False,False,False,True,False,False,False,False,False,True,False
	23004881,20232040096,Property Damage Only,Unsolved,,False,True,True,False,True,False,False,	00901,2,1,Butler County,City,Fairfield,1/19/2023 4:24:00 PM,25970,39.313469,-84.504341,,,,ROSS,Road,,,,,,,MACK,Intersection,Road,True,4,False,On Roadway,Angle,Cloudy,Daylight,False,False,False,False,,,Unit 1 was east on Mack Rd when the unit failed to obey the traffic control device at the intersection of Mack Rd and Ross Rd when making a left hand turn onto Ross Rd. Unit 1 ultimately struck Unit 2 in the driver's side door when Unit 2 crossed through the intersection; traveling north on Ross Rd.,Police,False,1/19/2023 4:24:00 PM,1/19/2023 4:27:00 PM,1/19/2023 4:30:00 PM,1/19/2023 5:01:00 PM,30,0,PO SPRADLING,175,,,False,,,Straight Level,Dry,Blacktop; Bituminous; Asphalt,0,0,64,False,False,False,False,False,False,False,False,False,True,True,False,False,False,False,False,False
	23005064,20232040107,Property Damage Only,Unsolved,,False,True,False,False,False,False,False,	00901,2,1,Butler County,City,Fairfield,1/19/2023 11:00:00 PM,25970,39.319019,-84.521616,,,,WOODSIDE,Drive,,,,,,,3012,House Number,,False,,False,On Roadway,Sideswipe; same direction,Other/Unknown,Other/Unknown,False,False,False,False,,,Unit 1 was SB on Woodside Dr when at 3012 Woodside Dr; struck Unit 2; which was parked on the side of the street.,Police,False,1/20/2023 9:01:00 AM,1/20/2023 9:05:00 AM,1/20/2023 9:17:00 AM,1/20/2023 9:33:00 AM,10,0,E KNIZNER,083,,,False,,,Straight Level,Other/Unknown,Blacktop; Bituminous; Asphalt,0,0,38,False,False,False,False,False,False,False,False,False,False,False,False,False,False,False,False,False
	23003551,20232040115,Property Damage Only,,,False,True,True,False,True,False,False,	00901,2,1,Butler County,City,Fairfield,1/14/2023 8:05:00 PM,25970,39.336958,-84.540083,,,,NILLES,Road,50.00,Feet,West,,,,WINTON,Intersection,Road,True,4,False,On Roadway,Rear-end,Clear,Dark - Lighted Roadway,False,False,False,False,,,Unit 1 & 2 were EB on Nilles Rd approaching Winton Rd. An unknown vehicle then abruptly came to a stop for a pedestrian crossing WB over Winton Rd within the crosswalk. Unit 2 then also came to an abrupt stop. Unit 1 then rear ended Unit 2.,Police,False,1/14/2023 8:06:00 PM,1/14/2023 8:07:00 PM,1/14/2023 8:07:00 PM,1/14/2023 8:48:00 PM,30,0,A ROUSH,170,,,False,,,Straight Level,Dry,Blacktop; Bituminous; Asphalt,0,0,71,False,False,False,False,False,False,False,False,False,True,True,True,False,False,False,False,False