LocalReportNumber,DocumentNumber,CrashSeverity,HitSkip,LocalInformation,SecondaryCrash,PhotosTaken,OH2,OH3,OH1P,OHOther,PrivateProperty,ReportingAgencyNCIC,NumberOfUnits,UnitInError,County,InCityVillageTownship,CityVillageTownshipName,CrashDateTime,FIPSPlaceCode,Latitude,Longitude,LocationRouteType,LocationRouteNumber,LocationPrefix,LocationRoadName,LocationRoadType,DistanceFromReference,DistanceReferenceMeasurement,DirectionFromReference,ReferenceRouteType,ReferenceRouteNumber,ReferencePrefix,ReferenceName,ReferencePointUsed,ReferenceRoadType,IntersectionOrApproachRelated,NumberOfApproaches,WithinInterchangeArea,LocationFirstHarmfulEvent,MannerOfCollision,Weather,LightCondition,ActiveSchoolZoneRelated,WorkZoneRelated,WorkersPresent,LawEnforcementPresentInWorkZone,WorkZoneType,WorkZoneLocation,Narrative,ReportTakenBy,Supplement,CrashReportedDateTime,DispatchedDateTime,ArrivedDateTime,SceneClearedDateTime,OtherInvestigationTime,TotalTimeRoadwayClosed,OfficerName,OfficerBadgeNumber,CheckedByOfficerName,CheckedByBadgeNumber,RoadwayDivided,DividedLaneTravelDirection,DividedMedianType,RoadContour,RoadCondition,RoadSurface,TotalInjured,TotalKilled,TotalMinutes,AnimalRelated,AnimalDeerRelated,AlcoholRelated,DrugRelated,BicycleRelated,MotorCycleRelated,SpeedRelated,PedestrianRelated,SemiTruckRelated,SmallTruckRelated,YouthRelated,TeenRelated,DUI21Related,SeniorRelated,FatalNotReportable,CommercialRelated,CommercialAtFault
	23010115402782,20233000063,Minor Injury Suspected,,SCOTT PARK,False,False,False,False,False,False,False,	04807,2,2,Lucas County,City,TOLEDO,1/1/2023 3:40:00 PM,77000,41.684660,-83.589310,,,,UPTON,Avenue,,,,,,,MARLOW,Intersection,Road,True,4,False,On Roadway,Not Collision Between Two Vehicles in Transport,Cloudy,Daylight,False,False,False,False,,,Unit 1 stated she was traveling Southbound on Upton Av towards Marlow. Unit 1 stated as she was driving unit 2 went through the stop sign causing her to strike him. Unit 1 claimed injury to her right hand and possibly need stitches. Unit 1 was treated on scene by TFD 16. Unit 1 decided to seek medical attention on her own.  Passenger of unit 1 statements corresponds with driver of unit 1. Passenger did not claim injury. Unit 1 vehicle was parked on side of the road on Marlow. No tow necessary. Unit 1 was advised of follow up procedure.  Unit 2 stated that he was traveling Eastbound on Marlow. Unit 2 stated that he was stopped at the stop sign. Unit 2 stated that he was stopped for a long time and proceeded to go. Unit 2 stated as he was entering the intersection he observed unit 1 to appear to be speeding causing her to strike him. Unit 2 stated that the intersection was clear upon entering until unit 1 sped up and struck him. Unit 2 claimed no injury and no tow was necessary. Unit 2 was cited for the accident and given a court date and time to appear if necessary. Unit 2 was advised of follow up procedure.  BWC operated for this unit. ,Police,False,1/1/2023 3:40:00 PM,1/1/2023 3:54:00 PM,1/1/2023 3:58:00 PM,1/1/2023 4:10:00 PM,,,HANNA KYNARD,2782,TIMOTHY HANUS,1925,False,,,Straight Level,Wet,Blacktop; Bituminous; Asphalt,0,0,16,False,False,False,False,False,False,False,False,False,True,True,False,False,False,False,False,False
	23010123611827,20233000064,Property Damage Only,,SCOTT PARK,False,False,False,False,False,False,False,	04807,2,2,Lucas County,City,TOLEDO,1/1/2023 6:27:00 PM,77000,41.706330,-83.623700,,,West,LASKEY,Road,,,,,,,SECOR,Intersection,Road,False,,False,On Roadway,Rear-end,Clear,Dark - Lighted Roadway,False,False,False,False,,,Unit #2 was traveling East on Laskey Rd near Secor. Unit #2 was going to make a left turn and then decided to change lanes; pulling into the right lane without clearing the lane and was rear ended by Unit #1. Unit #2 was cited with the listed traffic infraction and was advised on follow up procedures.,Police,False,1/1/2023 6:27:00 PM,1/1/2023 6:42:00 PM,1/1/2023 6:42:00 PM,1/1/2023 7:09:00 PM,,,LEON CAVANAUGH,2361,TIMOTHY HANUS,1925,False,,,Straight Level,Dry,Blacktop; Bituminous; Asphalt,0,0,27,False,False,False,False,False,False,False,False,False,False,False,False,False,False,False,False,False
	2300002,20233000065,Property Damage Only,Unsolved,,False,True,False,True,False,False,False,	01807,2,2,Cuyahoga County,Village,BRATENAHL,1/1/2023 4:00:00 AM,8336,41.551561,-81.603460,Interstate Route (Turnpike is also IR),90,,,,10.00,Feet,East,,,,EDDY,Intersection,Road,True,6,False,On Roadway,Sideswipe; same direction,Cloudy,Dark - Lighted Roadway,False,False,False,False,,,Unit#1 was turning south on Eddy Rd from the I-90 W B Exit ramp.  Unit#1 states that Unit#2 also turning south on Eddy Rd From I-90 W B exit ramp struck the drivers side mirror of his vehicle  causing minor damage. Unit#2 fled the scene. Unit#1 took a  picture of the license plate of the vehicle that fled.,Motorist,False,1/1/2023 9:20:38 AM,1/1/2023 9:23:13 AM,1/1/2023 9:32:00 AM,1/1/2023 9:45:00 AM,30,0,ALLEN  NAGY,1793,TIMOTHY  O HAIRE,1734,True,West,Divided; Raised Median (Any type),Straight Level,Dry,Blacktop; Bituminous; Asphalt,0,0,52,False,False,False,False,False,False,False,False,False,False,True,False,False,False,False,False,False
	2300005,20233000066,Property Damage Only,,IR 90 E B,False,True,False,False,False,False,False,	01807,1,1,Cuyahoga County,Village,BRATENAHL,1/1/2023 6:25:00 PM,8336,41.547536,-81.610693,Interstate Route (Turnpike is also IR),90,,,,25.00,Feet,West,,,,178.2,Mile Post,Milepost,False,,False,On Roadway,Not Collision Between Two Vehicles in Transport,Rain,Dark - Lighted Roadway,False,False,False,False,,,Unit 1 travelling East on IR 90.  Unit 1 failed to control running off the road right then striking the concrete median.,Police,False,1/1/2023 6:27:04 PM,1/1/2023 6:30:24 PM,1/1/2023 6:40:00 PM,1/1/2023 7:30:00 PM,45,0,TIMOTHY  GARRIS,1774,TIMOTHY  O HAIRE,1734,True,West,Divided; Raised Median (Any type),Straight Level,Wet,Blacktop; Bituminous; Asphalt,0,0,105,False,False,False,False,False,False,False,False,False,False,False,False,False,False,False,False,False
	2300007,20233000069,Property Damage Only,,IR 90 E B,False,True,False,False,False,False,False,	01807,2,1,Cuyahoga County,Village,BRATENAHL,1/1/2023 6:25:00 PM,8336,41.547536,-81.610693,Interstate Route (Turnpike is also IR),90,,,,10.00,Feet,West,,,,178.2,Mile Post,Milepost,False,,False,On Roadway,Rear-end,Rain,Dark - Lighted Roadway,False,False,False,False,,,Unit 2 was travelling on IR 90 E B in lane #1.  Unit 2 was slowing down due to another motor vehicle crash; Unit 1 failed to maintain assured clear distance ahead; striking Unit 2 in the rear.,Police,False,1/1/2023 6:27:04 PM,1/1/2023 6:30:24 PM,1/1/2023 6:40:00 PM,1/1/2023 7:30:00 PM,45,0,TIMOTHY  GARRIS,1774,TIMOTHY  O HAIRE,1734,True,East,Divided; Raised Median (Any type),Straight Level,Wet,Blacktop; Bituminous; Asphalt,0,0,105,False,False,False,False,False,False,False,False,False,False,False,False,False,False,False,False,False
	2023000020,20233000070,Injury Possible,,,False,False,False,False,False,False,False,	00915,1,1,Butler County,Township,West Chester Township,1/2/2023 12:10:00 PM,83150,39.328163,-84.424982,,,,West Chester ,Road,,,,,,,Lakota West,Intersection,Drive,True,2,True,On Roadway,Not Collision Between Two Vehicles in Transport,Cloudy,Daylight,False,False,False,False,,,Unit 1 was turning east onto Lakota Drive West from West Chester Road. Unit 1 failed to maintain control of the vehicle and drove off the right side of the road; ending in an embankment.,Police,False,1/2/2023 12:10:00 PM,1/2/2023 12:12:00 PM,1/2/2023 12:15:00 PM,1/2/2023 12:39:00 PM,0,27,Arnold; Cameron,10316,Kleinfeldt; John,10116,False,,,Straight Level,Dry,Blacktop; Bituminous; Asphalt,0,0,27,False,False,False,False,False,False,True,False,False,False,False,False,False,False,False,False,False
	23-00007,20233000071,Property Damage Only,Solved,,False,False,False,False,False,False,False,	07806,2,1,Trumbull County,City,NILES,1/1/2023 6:24:00 PM,55916,41.186211,-80.764801,State Route,00169,North,MAIN,Street,15.00,Yards,South,,,East,FEDERAL,Intersection,Street,True,4,False,On Roadway,Sideswipe; same direction,Rain,Dark - Lighted Roadway,False,False,False,False,,,Units 1 and 2 were northbound on N. Main St. Unit 2 was in the straight lane and Unit 1 was in the right turn lane. Unit 1 exited the lane and struck the passenger side of Unit 2; causing damage to the mirror. Driver of Unit 1 gave driver of Unit 2 his license information however left the scene prior to officer arrival. No injuries were reported by the occupants of Unit 2. ,Motorist,False,1/1/2023 6:24:00 PM,1/1/2023 6:25:00 PM,1/1/2023 6:27:00 PM,1/1/2023 6:36:00 PM,30,0,2303,164,2337,114,False,,,Straight Level,Wet,Blacktop; Bituminous; Asphalt,0,0,41,False,False,False,False,False,False,False,False,False,False,False,False,False,True,False,False,False
	2300054,20233000072,Minor Injury Suspected,,,False,True,False,False,False,False,False,	07604,1,1,Stark County,City,CANTON,1/2/2023 9:52:00 AM,12000,40.812910,-81.340760,,,,MAHONING RD NE,Road,,,,,,,2509,House Number,,False,,False,On Roadside,Not Collision Between Two Vehicles in Transport,Rain,Daylight,False,False,False,False,,,Unit 1 was traveling east on Mahoning Rd NE; ran off the road to the left; struck a city decorative light pole #1693C; struck the steps to 2519 Mahoning Rd NE and caused damage to the residence of 2519 Mahoning Rd NE.,Police,False,1/2/2023 9:53:00 AM,1/2/2023 9:56:00 AM,1/2/2023 10:01:00 AM,1/2/2023 10:58:00 AM,45,0,ZACHARY R COBLENTZ,179,STEVEN SWANK,21,False,,,Straight Level,Wet,Blacktop; Bituminous; Asphalt,0,0,107,False,False,False,False,False,False,False,False,False,True,False,False,False,False,False,False,False
	20230000000009,20233000073,Property Damage Only,,,False,True,False,False,False,False,False,	02200,1,1,Erie County,Township,BERLIN (TOWNSHIP OF),1/2/2023 9:47:34 AM,5802,41.321550,-82.542800,Numbered Township Route,11614,,WIKEL,Road,20.00,Feet,South,,,,HUFF,Intersection,Road,False,,False,On Roadside,Not Collision Between Two Vehicles in Transport,Fog; Smog; Smoke,Other/Unknown,False,False,False,False,,,Unit 1 was traveling North on Wikel Rd. Unit 1 went off road way right striking a mail box with its passenger side mirror.MailboxJill Graves Wikel Rd. Milan; Ohio 44846,Police,False,1/2/2023 9:47:34 AM,1/2/2023 10:01:18 AM,1/2/2023 10:01:18 AM,1/2/2023 10:17:47 AM,20,0,SANCHEZ; JUSTIN MICHAEL,2008,HARLOW; TREVOR W,082,False,,,Straight Level,Other/Unknown,Blacktop; Bituminous; Asphalt,0,0,36,False,False,False,False,False,False,False,False,False,True,False,False,False,False,False,False,False
	230003884,20233000075,Injury Possible,,14,False,False,False,False,False,False,False,	COP00,2,1,Franklin County,City,Columbus,1/2/2023 11:33:00 AM,18000,40.098145,-82.950002,,,,Cleveland ,Avenue,,,,,,,Home Acre,Intersection,Drive,False,,False,On Roadway,Angle,Cloudy,Daylight,False,False,False,False,,,Unit 1 was w/b on Home Acre Dr e/o Cleveland Ave stopped waiting to make a left turn onto s/b Cleveland Ave. Unit 2 was n/b on Cleveland Ave s/o Home Acre Dr. The driver of unit 1 stated that while he was stopped unit 2 turned on their turn signal which made him believe unit 2 was turning right onto Home Ace Dr. Unit 2 did not turn onto Home Acre Dr and as he pulled out to make his turn he was struck by unit 2. The driver of unit 2 stated that as she was driving n/b on Cleveland Ave she turned on her turn signal to change lanes to the right and as she changed lanes unit 1 pulled out in front of her causing her to strike unit 1. The driver of unit 1 was transported to St. Anns Hospital and was treated by ER staff for head pain. The driver of unit 1 was issued a traffic citation for failing to yield on a left turn. ,Police,False,1/2/2023 11:34:00 AM,1/2/2023 11:37:00 AM,1/2/2023 11:49:00 AM,1/2/2023 1:37:00 PM,,,tfisher,729,SPRADLIN; STEPHEN,5170,False,,,Straight Level,Wet,Blacktop; Bituminous; Asphalt,0,0,120,False,False,False,False,False,False,False,False,False,False,True,True,False,False,False,False,False
	22-0028,20233000078,Property Damage Only,,,False,True,False,False,False,False,False,	03001,2,1,Guernsey County,City,Cambridge,1/2/2023 3:25:07 PM,10996,40.030273,-81.584676,,,North,11TH,Street,,,,,,,HAYES,Intersection,Avenue,False,,False,On Roadway,Backing,Cloudy,Daylight,False,False,False,False,,,Unit #2 was parked and unoccupied on the East side of N. 11th Street; just South of Hayes Ave.  Unit #1 was backing South on N. 11th Street.  Unit #1 failed to see Unit #2 and struck it; resulting in visible damage to both units.,Police,False,1/2/2023 3:25:07 PM,1/2/2023 3:27:36 PM,1/2/2023 3:30:25 PM,1/2/2023 3:45:36 PM,0,18,Braniger; Curtis W,112,Braniger; Curtis W,112,False,,,Straight Grade,Wet,Blacktop; Bituminous; Asphalt,0,0,18,False,False,False,False,False,False,False,False,False,False,False,False,False,True,False,False,False
	20230000000036,20233000079,Property Damage Only,,1081 CLOUGH,False,True,False,True,False,False,False,	01316,1,1,Clermont County,Township,UNION (TOWNSHIP OF),1/2/2023 12:34:00 PM,78288,39.070808,-84.256218,Numbered County Route,0033,,CLOUGH,Pike,,,,Numbered County Route,0139,,MCMANN,Intersection,Road,True,3,False,On Roadside,Not Collision Between Two Vehicles in Transport,Cloudy,Daylight,False,False,False,False,,,UNIT 1 WAS TRAVELING WESTBOUND ON CLOUGH PIKE APPROACHING THE T  INTERSECTION AT MCMANN RD WHEN THE OPERATOR TOOK HIS ATTENTION OFF THE ROAD AND FAILED TO TURN.  UNIT 1 WENT STRAIGHT GOING OFF THE ROADWAY INTO A DITCH IN THE FRONT YARD OF 1081 CLOUGH CAUSING DAMAGE TO THE YARD AND HIS VEHICLE.,Police,False,1/2/2023 12:34:00 PM,1/2/2023 12:36:53 PM,1/2/2023 12:54:08 PM,1/2/2023 1:50:00 PM,0,0,Kresser; Terrence,46,Wagner; Richard J,79,False,,,Straight Level,Dry,Blacktop; Bituminous; Asphalt,0,0,73,False,False,False,False,False,False,False,False,False,True,False,False,False,False,False,False,False
	2300001,20233000080,Property Damage Only,,ZONE 3,False,False,False,False,False,False,False,	01831,2,2,Cuyahoga County,City,MIDDLEBURG HEIGHTS,1/2/2023 3:11:00 PM,49644,41.353016,-81.820379,Federal US Route,42,,PEARL RD,Road,,,,,,,7800,House Number,,True,3,False,On Roadway,Rear-end,Fog; Smog; Smoke,Daylight,False,False,False,False,,,Unit 1 was traveling northbound on Pearl Road (US42) in the right curb lane at 7800 Pearl Road. Unit 2 was traveling directly behind Unit 1. Unit 1 was originally stopped for a red traffic. When the traffic signal turned green; Unit 1 proceeded ahead slowly. Unit 2 failed to maintain an assured clear distance ahead and struck Unit 1 in the rear. There was little to no damage observed on both vehicles.,Police,False,1/2/2023 3:11:54 PM,1/2/2023 3:11:54 PM,1/2/2023 3:11:54 PM,1/2/2023 3:28:16 PM,30,0,SGT SANTIAGO,704,SGT SANTIAGO,704,False,,,Straight Level,Dry,Concrete,0,0,46,False,False,False,False,False,False,False,False,False,False,False,False,False,False,False,False,False
	23REY-139-AC,20233000087,Property Damage Only,,3,False,True,True,True,False,False,False,	02508,2,1,Franklin County,City,Reynoldsburg,1/2/2023 2:23:00 PM,66390,39.948036,-82.816899,,,,ROSEHILL,Road,,,,,,,RETTON,Intersection,Road,True,4,False,On Roadway,Angle,Cloudy,Daylight,False,False,False,False,,,Unit 2 stopped; facing eastbound on Retton Rd. at Rosehill Rd. Unit 1 stopped; facing northbound on Rosehill Rd. at Retton Rd. Unit 2 proceeded through the intersection when unit 1 failed to yield striking unit 2 in the intersection.,Police,False,1/2/2023 2:23:00 PM,1/2/2023 2:41:00 PM,1/2/2023 2:45:00 PM,1/2/2023 3:35:00 PM,60,,Wilson; David,194,Wright; Ronald,S90,False,,,Straight Level,Wet,Blacktop; Bituminous; Asphalt,0,0,114,False,False,False,False,False,False,False,False,False,False,False,False,False,False,False,False,False
	23TR00012,20233000091,Injury Possible,,,False,False,True,True,False,False,False,	05504,2,1,Miami County,City,TROY,1/1/2023 7:08:00 AM,77588,40.051450,-84.180230,,,,STONYRIDGE,Avenue,,,,,,,1045,House Number,,False,,False,On Roadway,Not Collision Between Two Vehicles in Transport,Clear,Dark - Roadway Not Lighted,False,False,False,False,,,UNIT 2 WAS LEGALLY PARKED IN FRONT OF 1045 STONYRIDGE AVE.  UNIT 1 WAS NORTHBOUND ON STONYRIDGE AVE AND FAILED TO CONTROL HIS VEHICLE AND STRUCK UNIT 2 IN THE DRIVERS SIDE WHEEL.  NO MEASUREMENTS WERE TAKEN DUE TO UNIT 2 BEING DRIVERLESS; AND UNIT 1 BEING MOVED.  TROY POLICE DEPARTMENT SUPPLEMENTAL REPORT  Complaint number:  23TR00012			     Date:  01/01/2023	  Reporting Officer:  Ptl. James R. Short II #415    Approved By:     On 01/01/2023 I was dispatched to Stonyridge Ave and Heritage Dr. for a report of a traffic crash.  Upon arrival Ptl. Gates was already on scene.  Ptl. Gates told me the driver of the vehicle that caused the crash told him he had been drinking.  I could see the vehicle that was struck and the damage to the vehicle was on the driver’s side rear wheel.  The wheel was completely off the vehicle.   The vehicle that caused the crash was driven by a Michael Chambers.  Michael’s vehicle was damaged on the drivers side front wheel area.  A tow truck was called for both vehicles as they were not drivable.  During my interactions with Michael I could smell the odor of an alcoholic beverage coming from his person.  Michael’s actions were slow and deliberate.  Michael also displayed actions consistent with being drunk; having normal emotions; to then crying; and back to ok again; as a repetitive cycle.  Michael told us he had been drinking.  Michael also said he did,Police,False,1/1/2023 7:08:00 AM,1/1/2023 7:10:00 AM,1/1/2023 7:15:00 AM,1/1/2023 9:05:00 AM,45,115,JAMES R SHORT,415,WAITE,420,False,,,Straight Level,Dry,Blacktop; Bituminous; Asphalt,0,0,160,False,False,True,True,False,False,False,False,False,False,False,False,False,False,False,False,False
	202303032,20233000093,Property Damage Only,,,False,False,False,False,False,False,False,	03108,3,1,Hamilton County,Township,DELHI (TOWNSHIP OF),1/1/2023 6:14:00 PM,21504,39.118910,-84.617660,,,,CLEVES WARSAW,Pike,,,,,,,5319,House Number,,False,,False,On Roadway,Rear-end,Fog; Smog; Smoke,Dark - Roadway Not Lighted,False,False,False,False,,,Unit 1 failed to maintain assured clear distance ahead; crashing into Unit 2. The force then pushed Unit 2 into Unit 3 who was stopped in traffic.,Police,False,1/1/2023 6:16:00 PM,1/1/2023 6:16:00 PM,1/1/2023 6:20:00 PM,1/1/2023 6:47:00 PM,,,HEATHER TAYLOR,HNT636,BRAD DOERGER,BMD24,False,,,Straight Grade,Wet,Blacktop; Bituminous; Asphalt,0,0,31,False,False,False,False,False,False,False,False,False,False,False,False,False,False,False,False,False
	202303034,20233000094,Property Damage Only,,,False,True,False,False,False,False,False,	03108,1,1,Hamilton County,Township,DELHI (TOWNSHIP OF),1/1/2023 6:14:00 PM,21504,39.103680,-84.617740,,,,ANDERSON FERRY,Road,,,,,,,595,House Number,,False,,False,On Roadside,Not Collision Between Two Vehicles in Transport,Cloudy,Dark - Lighted Roadway,False,False,False,False,,,Unit 1 attempted to make a left turn into a private parking lot but missed the driveway. Unit 1 drove over the curb; the grass and 2 concrete parking barriers. The barriers were drug out into the parking lot. Alcohol impairment was a factor.,Police,False,1/1/2023 6:14:00 PM,1/1/2023 6:15:00 PM,1/1/2023 6:18:00 PM,1/1/2023 7:10:00 PM,,,ADAM SMITH,AAS757,BRAD DOERGER,BMD24,False,,,Straight Level,Wet,Blacktop; Bituminous; Asphalt,0,0,55,False,False,True,False,False,False,False,False,False,False,False,False,False,False,False,False,False
	23REY-63-AC,20233000095,Minor Injury Suspected,,2,False,True,False,True,False,False,False,	02508,2,1,Franklin County,City,Reynoldsburg,1/1/2023 5:28:00 PM,66390,39.955150,-82.806770,,,East,MAIN,Street,20.00,Feet,West,,,,HAFT,Intersection,Drive,False,,False,Outside Trafficway,Angle,Cloudy,Dark - Lighted Roadway,False,False,False,False,,,Unit #1 was travelling westbound on E. Main St. on the sidewalk. Unit #2 was also travelling westbound on E.Main St. Unit #2 attempted to make a right turn into a private parking lot. Unit #2 then struck Unit #1 Unit #1 was attempting to pass Unit #2 and was not seen while making the turn. Unit #1 was cited for driving upon sidewalks and not having a motorcycle endorsement.,Police,False,1/1/2023 5:28:00 PM,1/1/2023 5:29:00 PM,1/1/2023 5:31:00 PM,1/1/2023 5:54:00 PM,20,,Davis; Carlton,217,Wright; Ronald,S90,False,,,Straight Level,Wet,Concrete,0,0,45,False,False,False,False,False,False,False,False,False,False,True,True,False,False,False,False,False
	20230000000008,20233000100,Minor Injury Suspected,,,False,True,False,False,False,False,False,	08718,1,1,Wood County,City,NORTHWOOD,1/1/2023 8:14:26 PM,57190,41.603390,-83.512840,,,,WALES,Road,164.00,Feet,West,,,,EAST BROADWAY,Intersection,Street,False,,False,On Roadside,Not Collision Between Two Vehicles in Transport,Cloudy,Dark - Roadway Not Lighted,False,False,False,False,,,Unit 1 was traveling Eastbound on  Backside of Wales Rd. Driver of Unit 1 stated their brakes locked up and they then went off roadway to the left and came to a rest in the  ditch.,Police,False,1/1/2023 8:14:26 PM,1/1/2023 8:15:24 PM,1/1/2023 8:16:30 PM,1/1/2023 9:05:47 PM,0,40,CAIRL; THOMAS J,786,ROMSTADT; NICOLE,743,False,,,Curve Level,Wet,Blacktop; Bituminous; Asphalt,0,0,50,False,False,False,False,False,False,False,False,False,False,False,False,False,False,False,False,False
	23-48,20233000101,Property Damage Only,Solved,,False,False,False,False,True,False,False,	07608,3,3,Stark County,City,Massillon,1/1/2023 5:00:00 PM,48244,40.794932,-81.491884,,,,Rhode Island,Avenue,50.00,Feet,East,,,,2220 Rhode Island Ave SE,House Number,,False,,False,On Roadway,Sideswipe; opposite direction,Clear,Daylight,False,False,False,False,,,Unit 3 was traveling westbound On Rhode Island Ave SE when it struck unit 2; which was parked on the north side of the street. Unit 3 continued to drive; striking Unit 1. Units 1 and 2 suffered minor damage to the rear driver side of the vehicles. Unit 3 suffered damage to the front passenger side including a flat tire. A witness in the area stated that two suspects exited unit 3 and fled toward the southeast.,Police,False,1/2/2023 5:00:00 PM,1/1/2023 8:11:00 PM,1/1/2023 8:15:00 PM,1/1/2023 9:22:00 PM,30,101,Jones; Jacob Ryan,157,Dadisman; Shaun A.,110,False,,,Curve Level,Dry,Blacktop; Bituminous; Asphalt,0,0,101,False,False,False,False,False,False,False,False,False,False,False,False,False,False,False,False,False
	20230000000007,20233000102,Property Damage Only,,,False,False,False,False,False,False,False,	01700,1,98,Crawford County,City,JEFFERSON (TOWNSHIP OF),1/2/2023 6:48:44 PM,38570,40.807111,-82.812535,Numbered County Route,0330,,LINCOLN HIGHWAY,Road,2.00,Feet,East,Numbered County Route,0229,,LEESVILLE ROAD,Intersection,Road,False,,False,On Roadway,Not Collision Between Two Vehicles in Transport,Fog; Smog; Smoke,Dark - Roadway Not Lighted,False,False,False,False,,,Unit#1 was traveling West on CR 330 East of the intersection of CR 330 and CR 229. The driver of Unit#1 stated that a deer entered the roadway and he braked in an attempt to avoid a collision. Unit#1 struck the deer with it's front right bumper.,Police,False,1/2/2023 6:48:44 PM,1/2/2023 7:14:26 PM,1/2/2023 7:30:00 PM,1/2/2023 7:37:12 PM,0,0,SCHOENFELT; JOHN O,1709,SCHOENFELT; JOHN O,1709,False,,,Straight Grade,Wet,Blacktop; Bituminous; Asphalt,0,0,23,True,True,False,False,False,False,False,False,False,False,False,False,False,False,False,False,False
	PPD-2300002,20233000106,Property Damage Only,,,False,True,False,True,True,False,False,	02309,2,1,Fairfield County,City,Pickerington,1/2/2023 5:49:00 PM,62498,39.890069,-82.777302,,,,Diley,Road,50.00,Feet,South,,,,LONG,Intersection,Road,True,4,False,On Roadway,Rear-end,Cloudy,Dark - Lighted Roadway,False,False,False,False,,,U2 stopped at intersection signal on Diley Rd. and Long Rd facing northbound. U1 did not stop with enough assured clear distance and struck U2 in the rear.,Police,False,1/2/2023 5:49:00 PM,1/2/2023 5:49:00 PM,1/2/2023 5:51:00 PM,1/2/2023 6:12:00 PM,60,83,McMenamin; Collin,411,Rathgaber; Erich,406,False,,,Straight Level,Dry,Blacktop; Bituminous; Asphalt,0,0,83,False,False,True,False,False,False,False,False,False,False,False,False,False,True,False,False,False
	20230000000039,20233000108,Property Damage Only,,CLOUGH PIKE,False,True,False,True,False,False,False,	01316,2,1,Clermont County,Township,UNION (TOWNSHIP OF),1/2/2023 4:58:25 PM,78288,39.085903,-84.300652,Numbered County Route,33,,CLOUGH,Pike,30.00,Feet,West,Numbered County Route,87,,MT CARMEL TOBASCO,Intersection,Road,False,,False,On Roadway,Rear-end,Cloudy,Daylight,False,False,False,False,,,Unit 1 and Unit 2 were traveling east on Clough Pike near Mt. Carmel Tobasco Rd. Unit 2 was stopped in traffic at the light on Clough Pike. Unit 1 was unable to maintain a safe distance and struck the rear of Unit 2. No injuries reported.,Police,False,1/2/2023 4:58:25 PM,1/2/2023 5:17:27 PM,1/2/2023 5:24:22 PM,1/2/2023 6:00:00 PM,0,0,Hathorn; Joshua,32,Combs; Rodney D,81,False,,,Straight Level,Dry,Blacktop; Bituminous; Asphalt,0,0,43,False,False,False,False,False,False,False,False,False,True,True,True,False,True,False,False,False
	20230000000074,20233000109,Property Damage Only,,,False,True,False,False,False,False,False,	02203,1,1,Erie County,City,SANDUSKY,1/2/2023 8:07:45 PM,70380,41.446092,-82.740825,,,West,MONROE,Street,,,,,,,HURON,Intersection,Street,False,,False,On Roadway,Not Collision Between Two Vehicles in Transport,Fog; Smog; Smoke,Dark - Lighted Roadway,False,False,False,False,,,Unit #1 traveling east on W. Monroe St. approaches Huron St.  Unit #1 slows to turn right; south; onto Huron St.  Unit #1 begins turn with other traffic in the area and strikes utility pole on southwest corner of intersection.  Unit #1 stated had he waited for other traffic to pass he may have been able to avoid the pole; which he said he thought was the curb across the road.,Police,False,1/2/2023 8:07:45 PM,1/2/2023 8:09:18 PM,1/2/2023 8:13:17 PM,1/2/2023 8:48:18 PM,0,0,GARDIN; ROBERT A,S987,LEWIS; DANNY J,S984,False,,,Straight Level,Wet,Blacktop; Bituminous; Asphalt,0,0,39,False,False,False,False,False,False,False,False,True,False,False,False,False,True,False,True,True
	20230000000004,20233000110,Property Damage Only,,,False,True,False,False,False,False,False,	01700,1,1,Crawford County,City,CRANBERRY (TOWNSHIP OF),1/2/2023 6:37:15 AM,19134,40.960561,-82.849205,State Route,0103,East,MAIN STREET,Highway,40.00,Feet,East,,,,332 EAST MAIN STREET NEW WAS,House Number,,False,,False,On Roadside,Not Collision Between Two Vehicles in Transport,Rain,Dark - Lighted Roadway,False,False,False,False,,,Unit 1 was travling westbound on SR103/East Main Street. Unit 1 went off the north side of SR103 and struck a utility pole (#5EC5-50AMP). Unit 1 continued west bound and come to final rest in the front yard of 332 SR103 facing north west.North Central Electric was the owner of the Poles.,Police,False,1/2/2023 6:37:15 AM,1/2/2023 7:04:43 AM,1/2/2023 7:04:43 AM,1/2/2023 7:50:18 AM,0,0,Thomas; Joshua J,1721,Thomas; Joshua J,1721,False,,,Straight Level,Wet,Blacktop; Bituminous; Asphalt,0,0,46,False,False,False,False,False,False,False,False,False,True,False,False,False,False,False,False,False