LocalReportNumber,DocumentNumber,CrashSeverity,HitSkip,LocalInformation,SecondaryCrash,PhotosTaken,OH2,OH3,OH1P,OHOther,PrivateProperty,ReportingAgencyNCIC,NumberOfUnits,UnitInError,County,InCityVillageTownship,CityVillageTownshipName,CrashDateTime,FIPSPlaceCode,Latitude,Longitude,LocationRouteType,LocationRouteNumber,LocationPrefix,LocationRoadName,LocationRoadType,DistanceFromReference,DistanceReferenceMeasurement,DirectionFromReference,ReferenceRouteType,ReferenceRouteNumber,ReferencePrefix,ReferenceName,ReferencePointUsed,ReferenceRoadType,IntersectionOrApproachRelated,NumberOfApproaches,WithinInterchangeArea,LocationFirstHarmfulEvent,MannerOfCollision,Weather,LightCondition,ActiveSchoolZoneRelated,WorkZoneRelated,WorkersPresent,LawEnforcementPresentInWorkZone,WorkZoneType,WorkZoneLocation,Narrative,ReportTakenBy,Supplement,CrashReportedDateTime,DispatchedDateTime,ArrivedDateTime,SceneClearedDateTime,OtherInvestigationTime,TotalTimeRoadwayClosed,OfficerName,OfficerBadgeNumber,CheckedByOfficerName,CheckedByBadgeNumber,RoadwayDivided,DividedLaneTravelDirection,DividedMedianType,RoadContour,RoadCondition,RoadSurface,TotalInjured,TotalKilled,TotalMinutes,AnimalRelated,AnimalDeerRelated,AlcoholRelated,DrugRelated,BicycleRelated,MotorCycleRelated,SpeedRelated,PedestrianRelated,SemiTruckRelated,SmallTruckRelated,YouthRelated,TeenRelated,DUI21Related,SeniorRelated,FatalNotReportable,CommercialRelated,CommercialAtFault
	20230000000045,20233000111,Property Damage Only,,4384 EASTGATE SQ,False,True,False,True,False,False,False,	01316,2,1,Clermont County,Township,UNION (TOWNSHIP OF),1/2/2023 8:32:46 PM,78288,39.093273,-84.270378,Numbered County Route,385,,EASTGATE,Square,10.00,Feet,South,,,,4384,House Number,,True,2,False,On Roadway,Angle,Cloudy,Dark - Roadway Not Lighted,False,False,False,False,,,On the above date and time; Unit #1 failed to yield from a private drive and was struck by Unit#2. Unit #1 admitted to fault.,Police,False,1/2/2023 8:32:46 PM,1/2/2023 8:38:40 PM,1/2/2023 8:41:00 PM,1/2/2023 9:20:00 PM,30,20,HALE; JAMES T,49,Combs; Rodney D,81,False,,,Straight Level,Wet,Blacktop; Bituminous; Asphalt,0,0,71,False,False,False,False,False,False,False,False,False,False,False,False,False,True,False,False,False
	2300220,20233000114,Minor Injury Suspected,,,False,False,False,False,False,False,False,	04312,2,1,Lake County,City,Willoughby,1/2/2023 5:27:18 PM,85484,41.642593,-81.426304,State Route,640,,,,,,,State Route,2,,,Intersection,,True,3,False,On Roadway,Angle,Cloudy,Dark - Lighted Roadway,False,False,False,False,,,Unit 01 was traveling e b on Vine St approaching the SR 2 w b entrance ramp. Unit 02 was traveling w b on Vine St. stopped at the traffic light on Vine St and SR 2 w b entrance ramp.  The traffic light turned green and Unit 02 proceeded w b through the intersection.  Unit 01 turned left in an attempt to get onto SR 2 w b entrance ramp and the two units collided in the middle of the intersection.,Police,False,1/2/2023 5:27:18 PM,1/2/2023 5:30:57 PM,1/2/2023 5:36:21 PM,1/2/2023 6:37:15 PM,45,0,BRANDON  ZINNER,187,KEVIN  CROWLEY,195,False,,,Straight Level,Dry,Blacktop; Bituminous; Asphalt,0,0,111,False,False,False,False,False,False,True,False,False,False,False,False,False,True,False,False,False
	2023C0000002,20233000119,Property Damage Only,,,False,False,False,False,False,False,False,	03128,2,1,Hamilton County,City,Norwood,1/1/2023 2:12:00 AM,57386,39.151347,-84.444011,Interstate Route (Turnpike is also IR),71,,,,100.00,Feet,North,,,,6.8,Mile Post,Milepost,False,,False,On Roadway,Rear-end,Clear,Dark - Lighted Roadway,False,False,False,False,,,Unit 1 was traveling north in the middle lane. Unit 2 was traveling north in the middle lane. Unit 1 failed to keep an assured clear distance ahead; striking unit 2 in the rear; causing minor damage.,Police,False,1/1/2023 2:12:00 AM,1/1/2023 2:12:00 AM,1/1/2023 2:12:00 AM,1/1/2023 2:47:00 AM,5,30,Williams; Peyton,225,Wu; Jing-Joe,190,True,North,Divided; Raised Median (Any type),Straight Level,Dry,Blacktop; Bituminous; Asphalt,0,0,40,False,False,False,False,False,False,False,False,True,True,True,False,False,False,False,True,True
	2023C0000005,20233000120,Property Damage Only,,,False,False,False,False,False,False,False,	03128,2,1,Hamilton County,City,Norwood,1/1/2023 6:44:00 AM,57386,39.170010,-84.448130,Federal US Route,22,,Montgomery,Road,,,,,,,5260,House Number,,False,,False,On Roadway,Not Collision Between Two Vehicles in Transport,Clear,Dawn/Dusk,False,False,False,False,,,Unit 1 was traveling Southbound on Montgomery Rd. near Moeller Av. and failed to maintain control of the vehicle striking Unit 2 which was parked on right shoulder.,Police,False,1/1/2023 6:44:00 AM,1/1/2023 7:00:00 AM,1/1/2023 7:05:00 AM,1/1/2023 8:00:00 AM,,,Agnew; Colton,227,Brucker; Kimberely,104,False,,,Straight Grade,Dry,Blacktop; Bituminous; Asphalt,0,0,60,False,False,True,False,False,False,False,False,False,False,False,False,False,False,False,False,False
	2023C0000006,20233000121,Property Damage Only,,,False,False,False,False,False,False,False,	03128,2,1,Hamilton County,City,Norwood,1/2/2023 3:26:00 PM,57386,39.165415,-84.445145,,,,Linden ,Avenue,20.00,Feet,East,,,,5005,House Number,,False,,False,On Roadway,Sideswipe; same direction,Cloudy,Daylight,False,False,False,False,,,On 1/2/2023 at around 3:30 p.m. Unit 1 was traveling south and attempted to pull to the curb in front of 5005 Linden Ave. and while doing so struck the front bumper of Unit 2 while it was parked facing south in front of the residence.  ,Police,False,1/2/2023 3:26:00 PM,1/2/2023 3:32:00 PM,1/2/2023 3:37:00 PM,1/2/2023 3:48:00 PM,10,0,Mollmann; Joe,198,Kilby; Jeff,161,False,,,Straight Grade,Dry,Blacktop; Bituminous; Asphalt,0,0,26,False,False,False,False,False,False,False,False,False,False,False,False,False,False,False,True,True
	23Y000367,20233000122,Property Damage Only,,GYPSY LANE  BELMONT,False,False,False,False,False,False,False,	05009,2,2,Mahoning County,City,YOUNGSTOWN,1/2/2023 4:43:00 PM,88000,41.133200,-80.666150,,,,GYPSY,Lane,,,,,,,BELMONT,Intersection,Avenue,True,4,True,On Roadway,Rear-end,Cloudy,Dawn/Dusk,False,False,False,False,,,Unit #1 was heading east bound on Gypsy Lane. Unit #1 was stopped in traffic awaiting the signal to turn green. Unit #2 was also heading east bound on Gypsy Lane stopped directly behind Unit #1. The driver of Unit #2 thought that Unit #1 started to drive therefore accelerated and struck Unit #1 which had not moved.,Police,False,1/2/2023 4:43:00 PM,1/2/2023 4:45:00 PM,1/2/2023 4:50:00 PM,1/2/2023 5:45:00 PM,,,GREG MULLENNEX,1080,ADMIN,6789,True,East,Other/Unknown,Straight Level,Wet,Blacktop; Bituminous; Asphalt,0,0,60,False,False,False,False,False,False,False,False,False,False,False,False,False,True,False,False,False
	CR-2023-000001,20233000123,Property Damage Only,,,False,False,False,False,False,False,False,	03100,1,1,Hamilton County,Township,Symmes (Township of),1/1/2023 1:28:00 AM,76028,39.247459,-84.310185,,,,Hopewell,Road,,,,,,,9218,House Number,,False,,False,On Roadside,Not Collision Between Two Vehicles in Transport,Clear,Dark - Unknown Roadway Lighting,False,False,False,False,,,On 01/01/2023; E/O M.Straughn #0552; responded  to 9218 Hopewell Rd for reports of a single vehicle auto accident. Upon arrival; R/O observed a vehicle that struck a utility pole; pole #Y2215E; shrubs; and a tree on the property of 9218 Hopewell Rd . Upon investigation R/O determined that the driver of Unit #1 attempted to make a right turn from Humphrey Rd onto Hopewell Rd; failed to maintain reasonable control ORC 4511.202 and struck the utility pole. The driver of Unit #1 was arrested for O.V.I. 4511.19A1A ORC; and 4511.19A1D; cited for 4511.202 reasonable control; cite #00-1175113-3; Cite #00-1175114-4. No injuries were reported on scene. Vehicle towed by Nicks Towing.  Duke Energy Workers responded to scene to check on pole. The Utility Pole belongs to Duke Energy 139 E.4th St. Cincinnati; OH 45202; . The struck shrubs and tree located at 9218 Hopewell Rd belong to homeowner Brian Simpson.,Police,True,1/1/2023 1:28:00 AM,1/1/2023 1:28:00 AM,1/1/2023 1:38:00 AM,1/1/2023 2:39:00 AM,61,,Straughn; Montez ,552,Maddy; Timothy ,750,False,,,Curve Grade,Wet,Blacktop; Bituminous; Asphalt,0,0,132,False,False,True,False,False,False,False,False,False,False,True,True,True,False,False,False,False
	CR-2023-000004,20233000124,Property Damage Only,,,False,False,False,False,True,False,False,	03100,2,1,Hamilton County,Township,Symmes (Township of),1/1/2023 5:29:00 PM,76028,39.291268,-84.315173,,,,Governors,Way,,,,,,,8915,House Number,,False,,False,On Roadway,Sideswipe; same direction,Clear,Dawn/Dusk,False,False,False,False,,,Unit #1 and Unit #2 were headed from west to east bound on Governors way. Unit #1 traveled left of center in the opposite lane of travel headed east bound. Unit #2 was in the straight ahead lane east bound on Governors Way. Unit #1 attempted to enter back into the correct lane of travel; merged to the right and  struck Unit #2 as they traveled in the straight ahead lane. No injuries were reported at the scene. The driver of Unit #1 was cited for a Marked Lanes Violation 4511.33 ORC. Cite 00-1175115-5,Police,False,1/1/2023 5:29:00 PM,1/1/2023 5:30:00 PM,1/1/2023 5:36:00 PM,1/1/2023 6:02:00 PM,26,,Straughn; Montez ,552,Hill; David Paul,1144,False,,,Straight Level,Dry,Blacktop; Bituminous; Asphalt,0,0,58,False,False,False,False,False,False,False,False,False,False,False,False,False,False,False,False,False
	CR-2023-000008,20233000125,Property Damage Only,,,False,False,False,False,False,False,False,	03100,1,1,Hamilton County,Township,Harrison (Township of),1/2/2023 2:23:00 PM,33852,39.299917,-84.795211,,,,New Biddinger,Road,,,,,,,11741 New Biddinger,House Number,,False,,False,On Roadside,Not Collision Between Two Vehicles in Transport,Cloudy,Daylight,False,False,False,False,,,Unit 1 was traveling northbound on New Biddinger Rd near 11741 New Biddinger Rd.  The driver of Unit 1 stated she was going faster than she should have and over corrected when her car began to slide on the road.  Unit 1 slid off the road to the right; causing Unit 1 to collide with brush.  Unit 1 came to final rest when colliding with trees.  No injuries reported at the scene.  The driver of Unit 1 was given a courtesy transport to 4144 State Line Rd.  ,Police,False,1/2/2023 2:23:00 PM,1/2/2023 2:25:00 PM,1/2/2023 2:39:00 PM,1/2/2023 3:44:00 PM,,,Schlanser; Robert k,1533,Albert; Oliver W,0111,False,,,Curve Level,Wet,Blacktop; Bituminous; Asphalt,0,0,79,False,False,False,False,False,False,True,False,False,False,False,False,False,True,False,False,False
	CR-2023-000012,20233000126,Property Damage Only,,,False,False,False,True,True,False,False,	03100,2,1,Hamilton County,Township,Symmes (Township of),1/2/2023 7:50:00 PM,76028,39.272863,-84.327080,Federal US Route,22,,Montgomery,Road,,,,,,East,Kemper,Intersection,Road,True,4,False,On Roadway,Angle,Cloudy,Dark - Roadway Not Lighted,False,False,False,False,,,The operator of Unit#1 traveling northeast on Montgomery Road (US22) at East Kemper Road in Lane#2. The operator of Unit#2 traveling southwest on Montgomery Road and making a left turn onto East Kemper Road in Lane#1. Occupant#1 seated in the front passenger seat of Unit#1. Witness#1 operating his own motor vehicle in turn lane#2. According to the operator of Unit#1 and Occupant#1 they observed a displayed Green Light in their lane of travel when they struck Unit#2. According to the operator of Unit#2 and Witness#1 they observed a displayed green left turn arrow in both lanes when Unit#2 was struck by Unit#1. Due to the totality of circumstances which included correlated damage on Unit#1 & 2; Traffic Signal cycling observed at the intersection of Montgomery Road and East Kemper Road; and statements obtained from all parties involved or witnessing the auto accident it was determined the operator of Unit#1 Failed to Obey a Traffic Control Signal before striking Unit#2.,Police,True,1/2/2023 7:52:00 PM,1/2/2023 7:56:00 PM,1/2/2023 8:07:00 PM,1/2/2023 9:20:00 PM,,,Price; Nicholas Michael,0049,Sovern; Brian C,334,False,,,Straight Level,Dry,Blacktop; Bituminous; Asphalt,0,0,84,False,False,False,False,False,False,False,False,False,False,True,False,False,False,False,False,False
	CR-2023-000014,20233000127,Injury Possible,,,False,False,False,False,True,False,False,	03100,2,1,Hamilton County,Township,Columbia (Township of),1/2/2023 7:48:00 PM,16882,39.141986,-84.340663,Federal US Route,50,,,,30.00,Feet,West,,,,8113,House Number,,False,,False,On Roadway,Angle,Clear,Dark - Roadway Not Lighted,False,False,False,False,,,Unit 1 was traveling east on US 50; nearing address 8113. Unit 2 was traveling west on US 50; approaching address 8113. Unit 1 initiated a left turn into the driveway at 8113; failing to yield the right of way; striking unit 2. Operator of unit 1 advised he was looking at his cell phone for directions at the time of turn. Both units sustained disabling damage. Unit 1 towed by Milford Towing. Unit 2 towed by OKI Towing. Operator of unit 2 was transported to Jewish Hospital by Little Miami EMS.,Police,False,1/2/2023 7:48:00 PM,1/2/2023 7:48:00 PM,1/2/2023 7:48:00 PM,1/2/2023 8:23:00 PM,,35,Brill; Thomas ,0573,Sewall; Matthew S,262,True,West,Divided Flush Median (Less than 4 feet),Straight Level,Dry,Blacktop; Bituminous; Asphalt,0,0,35,False,False,False,False,False,False,False,False,False,False,True,False,False,False,False,False,False
	230003989,20233000128,Property Damage Only,Unsolved,114,False,False,False,False,False,False,False,	COP00,2,1,Franklin County,City,Columbus,1/2/2023 12:35:00 PM,18000,39.936200,-82.982970,,,,Hanford,Street,5.00,Yards,West,,,,Lisle,Intersection,Alley,False,,False,On Roadway,Not Collision Between Two Vehicles in Transport,Cloudy,Daylight,False,False,False,False,,,The owner of unit 2 stated her vehicle was parked unoccupied on the South side of Hanford Street facing East at which time for reasons unknown; Unit 1 struck unit 2 along the left front causing disabling damage to unit 2. According to the owner of unit 2; she heard what sounded like a large truck driving in front of her residence at 463 Hanford Street prior to the collision. She was unable to verify in time if unit 1 was actually a truck that struck the vehicle. Unit 1 failed to stop after striking unit 2; then proceeded to travel South on Lisle Alley. Reporting officer discovered muddy tire tracks that led from unit 2 down the alley. Reporting officer was not able to locate unit 1 after following the tire tracks. There were no witnesses to the accident.,Police,False,1/2/2023 12:35:00 PM,1/2/2023 12:36:00 PM,1/2/2023 12:45:00 PM,1/2/2023 12:55:00 PM,,,GILROY; JAMES,2555,PARKER; CHARLES,5272,False,,,Straight Level,Wet,Blacktop; Bituminous; Asphalt,0,0,19,False,False,False,False,False,False,True,False,False,False,False,False,False,False,False,False,False
	23-000140,20233000129,Property Damage Only,,,False,False,True,False,False,False,False,	00204,2,2,Allen County,City,Lima,1/2/2023 1:35:00 PM,43554,40.744007,-84.124500,,,North,JAMESON,Avenue,10.00,Feet,North,,,West,WAYNE,Intersection,Street,True,4,False,On Roadway,Rear-end,Fog; Smog; Smoke,Daylight,False,False,False,False,,,Unit 1 and Unit 2 were stopped in traffic heading southbound on N Jameson Ave at the intersection of W Wayne St. Unit 1 started to move forward then stopped suddenly due to the vehicle in front making a left turn. Unit 2 began to move forward but failed to assure clear distance due to the sudden stop. As a result Unit 2 rear ended Unit 1 causing property damage to both vehicles. Unit 2 was cited for ACDA. Both vehicles provided proof of insurance.,Police,False,1/2/2023 1:35:00 PM,1/2/2023 1:38:00 PM,1/2/2023 1:42:00 PM,1/2/2023 2:14:00 PM,10,36,Nathan Fried,2783,Bryce Garman,8866,False,,,Straight Level,Wet,Blacktop; Bituminous; Asphalt,0,0,46,False,False,False,False,False,False,False,False,False,False,True,True,False,True,False,False,False
	23Y000372,20233000130,Property Damage Only,,,False,False,False,False,False,False,False,	05009,2,2,Mahoning County,City,YOUNGSTOWN,1/2/2023 5:37:00 PM,88000,41.060840,-80.649730,State Route,170,East,MIDLOTHIAN,Boulevard,25.00,Feet,East,,,,RUSH,Intersection,Boulevard,True,2,False,On Roadway,Sideswipe; same direction,Rain,Dark - Lighted Roadway,False,False,False,False,,,While Unit 1 was in the right/ curb lane traveling Westbound on E Midlothian BLVD near Rush BLVD. Unit 2 was in the left lane traveling same direction. Unit 2 side swiped Unit 1. Unit 2 is at fault. ,Police,False,1/2/2023 5:37:00 PM,1/2/2023 5:41:00 PM,1/2/2023 5:46:00 PM,1/2/2023 5:56:00 PM,,,J DEVINE-JONES,1204,ADMIN,6789,False,,,Straight Level,Wet,Blacktop; Bituminous; Asphalt,0,0,15,False,False,False,False,False,False,False,False,False,False,False,False,False,False,False,False,False
	23Y000415,20233000131,Property Damage Only,,,False,False,False,False,True,False,False,	05009,2,2,Mahoning County,City,YOUNGSTOWN,1/2/2023 11:01:00 PM,88000,41.076180,-80.646230,,,East,DEWEY,Avenue,0.00,Feet,West,,,,SOUTH,Intersection,Avenue,True,4,False,On Roadway,Rear-end,Fog; Smog; Smoke,Dark - Lighted Roadway,False,False,False,False,,,UNIT 2 REARENDED UNIT 1 WHILE MAKING A RIGHT TURN FROM SOUTH AVE TO E DEWEY DUE TO A DOG RUNNING IN FRONT OF UNIT 1 CAUSING HIM TO SLAM ON HIS BRAKES.,Police,False,1/2/2023 11:01:00 PM,1/2/2023 11:01:00 PM,1/2/2023 11:01:00 PM,1/2/2023 11:30:00 PM,45,0,JOSEPH BURNICH,1145,ADMIN,6789,True,South,Divided Flush Median (Less than 4 feet),Straight Level,Wet,Blacktop; Bituminous; Asphalt,0,0,74,False,False,False,False,False,False,False,False,False,False,True,False,False,True,False,False,False
	23-000026,20233000132,Property Damage Only,,,False,False,False,True,False,False,False,	05705,2,1,Montgomery County,City,KETTERING,1/1/2023 1:29:00 AM,40040,39.716220,-84.142520,,,South,SMITHVILLE,Road,50.00,Feet,North,,,,FORRER,Intersection,Boulevard,True,4,False,On Roadway,Rear-end,Clear,Dark - Lighted Roadway,False,False,False,False,,,On 01/01/2022 at approximately 0129 hours; Traffic Unit 1 was traveling south on South Smithville Road in the left through lane. When near the intersection of South Smithville Road and Forrer Boulevard; Traffic Unit 1 failed to stop within the assured clear distance ahead and collided with the rear of Traffic Unit 2. Traffic Unit 2 was stopped in traffic and also in the left through lane on South Smithville Road.,Police,False,1/1/2023 1:29:00 AM,1/1/2023 1:31:00 AM,1/1/2023 1:33:00 AM,1/1/2023 2:00:00 AM,,,P HUBBARD,KP411,K SANFORD,KP350,False,,,Straight Level,Dry,Blacktop; Bituminous; Asphalt,0,0,29,False,False,True,False,False,False,False,False,False,False,False,False,False,False,False,False,False
	23010222861448,20233000137,Injury Possible,Unsolved,SCOTT PARK ,False,False,False,False,False,False,False,	04807,3,2,Lucas County,City,TOLEDO,1/2/2023 2:48:00 PM,77000,41.685010,-83.622950,,,,SECOR,Road,,,,,,,QUEENSWOOD,Intersection,Boulevard,False,,False,On Roadway,Angle,Cloudy,Daylight,False,False,False,False,,,Unit #1 stated that he was N. bound on Secor and Unit #2 Turned right in front of him causing his vehicle to strike Unit #2.   Unit #2 stated that she was S. bound on Secor in the turn lane and attempted to make a left turn after a motorist waved her to turn. Unit #2 stated that she made the left turn and was then struck by Unit #1.  Unit #2 stated that she was struck by Unit #1 which caused her to strike Unit #3 which was stopped in the private drive. Unit #2 stated that Unit #3 fled the scene after the accident and did not return to the scene.   Unit #2 was cited for the accident based on the information and evidence. Unit #2 was given citation and mandatory court date for not producing any proof of insurance.   Both Vehicle was towed by private tow. Unit #3 did not return to the scene.,Police,False,1/2/2023 2:48:00 PM,1/2/2023 4:00:00 PM,1/2/2023 4:09:00 PM,1/2/2023 6:00:00 PM,60,,ABRAHAM HARRISON,2286,TIMOTHY HANUS,1925,False,,,Straight Level,Dry,Blacktop; Bituminous; Asphalt,0,0,180,False,False,False,False,False,False,False,False,False,True,True,False,False,False,False,False,False
	23-000264,20233000138,Property Damage Only,,,False,False,False,False,False,False,False,	05705,2,1,Montgomery County,City,KETTERING,1/2/2023 7:36:00 PM,40040,39.715020,-84.145530,,,,WILMINGTON ,Pike,25.00,Feet,South,,,,FORRER,Intersection,Boulevard,False,,False,On Roadway,Angle,Cloudy,Dark - Lighted Roadway,False,False,False,False,,,Traffic Unit #2 was traveling North in the curb lane on Wilmington Pike. Traffic Unit #1 was also traveling North on Wilmington Pike; in the left through lane; and when at Forrer Blvd. improperly changed lanes and struck Traffic Unit #2. ,Police,False,1/2/2023 7:37:00 PM,1/2/2023 7:37:00 PM,1/2/2023 7:42:00 PM,1/2/2023 8:22:00 PM,0,0,H PENNINGTON ,KP395,LT. R. VANDEGRIFT,KP344,False,,,Straight Grade,Other/Unknown,Blacktop; Bituminous; Asphalt,0,0,45,False,False,False,False,False,False,False,False,False,False,False,False,False,False,False,False,False
	23010228541708,20233000139,Property Damage Only,Unsolved,SCOTT PARK,False,False,False,False,False,False,False,	04807,2,2,Lucas County,City,TOLEDO,1/2/2023 5:08:00 PM,77000,41.626770,-83.567300,,,South,HAWLEY,Street,,,,,,,HARDING,Intersection,Drive,False,,False,On Roadway,Not Collision Between Two Vehicles in Transport,Clear,Daylight,False,False,False,False,,,Unit 1 was parked on the street  when struck by an unknown driver and vehicle of unit 2. Jasmine McCall (313)-590-5189 noticed her sister's vehicle was hit/skipped. The owner of the vehicle was not on scene but does have insurance; this unit was unable to get insurance. ,Police,False,1/2/2023 5:08:00 PM,1/2/2023 5:09:00 PM,1/2/2023 5:13:00 PM,1/2/2023 5:14:00 PM,,,EMILY HUMASON,2854,TIMOTHY HANUS,1925,False,,,Straight Level,Dry,Blacktop; Bituminous; Asphalt,0,0,5,False,False,False,False,False,False,False,False,False,False,False,False,False,False,False,False,False
	2023-00000096,20233000140,Property Damage Only,,,False,False,False,True,True,False,False,	02911,2,1,Greene County,City,Beavercreek,1/2/2023 8:14:00 AM,4720,39.731937,-84.078517,Federal US Route,35,,,,200.00,Feet,East,,,,42.4,Mile Post,Milepost,False,,False,On Roadway,Rear-end,Cloudy,Daylight,False,False,False,False,,, While traveling (WB) on US35 near mile post 42.4; Unit #01 failed to maintain an assured clear distance ahead and struck the rear of Unit #02.   ,Police,False,1/2/2023 8:14:00 AM,1/2/2023 8:15:00 AM,1/2/2023 8:20:00 AM,1/2/2023 9:15:00 AM,0,0,Trevor N Hawley,B152,Daniel Krall,B81,True,West,Divided; Raised Median (Any type),Straight Level,Wet,Blacktop; Bituminous; Asphalt,0,0,60,False,False,False,False,False,False,True,False,False,False,True,False,False,False,False,False,False
	23SO00055,20233000141,Property Damage Only,,,False,False,False,False,False,False,False,	05500,1,98,Miami County,Township,UNION (TOWNSHIP OF),1/2/2023 7:53:00 AM,78456,39.976510,-84.357050,State Route,571,,,,,,,,,,8286,House Number,,False,,False,On Roadway,Not Collision Between Two Vehicles in Transport,Fog; Smog; Smoke,Dawn/Dusk,False,False,False,False,,,UNIT 1 WAS TRAVELING WESTBOUND ON ST RT 571 WHEN A DEER ENTERED THE ROADWAY. UNIT 1 STRUCK THE DEER CAUSING DAMAGE TO THE VEHICLE,Police,False,1/2/2023 7:53:00 AM,1/2/2023 7:54:00 AM,1/2/2023 8:09:00 AM,1/2/2023 8:36:00 AM,,,JEREMY J J BUBECK,U29,LT. RANDY SLUSHER,U52,False,,,Straight Level,Wet,Blacktop; Bituminous; Asphalt,0,0,42,True,True,False,False,False,False,False,False,False,False,False,False,False,False,False,False,False
	23010128202010,20233000142,Property Damage Only,,CENTRAL,False,False,False,False,False,False,False,	04807,1,99,Lucas County,City,TOLEDO,1/1/2023 8:10:00 PM,77000,41.686460,-83.566830,Interstate Route (Turnpike is also IR),75,,I 75,Highway,,,,,,,205,Mile Post,Milepost,False,,False,On Roadway,Other/Unknown,Clear,Dark - Lighted Roadway,False,False,False,False,,,Unit 1 was traveling SB on 75 South approaching exit 205. A grill was in the middle of the freeway and Unit 1 struck the grill. ,Police,False,1/1/2023 8:10:00 PM,1/1/2023 8:15:00 PM,1/1/2023 8:20:00 PM,1/1/2023 8:30:00 PM,,,ASHER COATS,2820,TIMOTHY HANUS,1925,True,South,Divided; Raised Median (Any type),Straight Level,Dry,Blacktop; Bituminous; Asphalt,0,0,15,False,False,False,False,False,False,False,False,False,False,True,True,False,False,False,False,False
	23010127682048,20233000143,Property Damage Only,,SCOTT PARK,False,False,False,False,False,False,False,	04807,2,2,Lucas County,City,TOLEDO,1/1/2023 8:48:00 PM,77000,41.655840,-83.608860,,,,DOUGLAS,Road,,,,,,,OAKWOOD,Intersection,Avenue,True,4,False,On Roadway,Angle,Clear,Dark - Lighted Roadway,False,False,False,False,,,Unit 1 stated they were sitting at the light at Douglas and Oakwood on Oakwood facing westbound. Unit 1 stated they were preparing to turn left to go southbound on Douglas. Unit 1 stated when the light turned green they entered the intersection and Unit 2 traveling northbound ran the red light striking them.   Unit 2 stated they were traveling northbound on Douglas approaching the intersection at Douglas and Oakwood. Unit 2 stated the light turned yellow and they proceeded to go through the yellow light when Unit 1 ran the red light and struck them.   The driver of Unit 2 was found to be driving under a suspended license.  Due to conflicting stories neither party was cited for the accident. The driver of Unit 2 was cited for driving under a suspended license; advised of their mandatory court date; and released without incident.   Both vehicles were towed by Piasecki Tow Unit 1: #000022-23 and Unit 2: #000021-23. Both parties were advised a report would be done and follow up procedures. This occurred in Toledo; Lucas County; Ohio. ,Police,False,1/1/2023 8:48:00 PM,1/1/2023 8:53:00 PM,1/1/2023 8:53:00 PM,1/1/2023 10:00:00 PM,,,DAYMIEN DEVAUGHN,2768,TIMOTHY HANUS,1925,False,,,Straight Level,Wet,Concrete,0,0,67,False,False,False,False,False,False,False,False,False,False,True,False,False,False,False,False,False
	2023-00000008,20233000144,Property Damage Only,,,False,False,False,True,True,False,False,	02911,2,1,Greene County,City,Beavercreek,1/1/2023 2:12:00 AM,4720,39.768228,-84.052213,,,North,FAIRFIELD,Road,2.00,Feet,South,,,,REX,Intersection,Drive,False,,False,On Roadway,Rear-end,Clear,Dark - Lighted Roadway,False,False,False,False,,,Unit #1 was traveling N/B on N. Fairfield Rd approaching the intersection of N. Fairfield Rd. and Rex Dr. Unit #1 failed to maintain assure clear distance ahead and struck Unit #2. Unit #2 was stopped at a red light at N. Fairfield and Rex Dr.    ,Police,False,1/1/2023 2:12:00 AM,1/1/2023 2:13:00 AM,1/1/2023 2:20:00 AM,1/1/2023 3:13:00 AM,0,0,Trevor N Hawley,B152,Vincent N Amato,B89,False,,,Straight Grade,Dry,Blacktop; Bituminous; Asphalt,0,0,60,False,False,False,False,False,False,False,False,False,False,True,True,False,False,False,False,False
	23-0010,20233000145,Property Damage Only,,,False,True,False,False,False,False,False,	00601,2,1,Auglaize County,City,Auglaize (County),1/2/2023 4:10:28 PM,99011,40.600200,-84.087400,,,North,Wayne,Street,,,,,,,Jackson,Intersection,Street,True,2,False,On Roadway,Backing,Cloudy,Daylight,False,False,False,False,,,Unit 1 was sitting at the traffic signal at the intersection of Wayne St. and Jackon St.; facing south bound. As the signal changed; unit 1 reversed instead of driving forward; causing it to back into unit 2; who was directly behind unit 1. Rear center of unit 1 struck front center of unit 2.,Police,False,1/2/2023 4:10:28 PM,1/2/2023 4:12:00 PM,1/2/2023 4:13:01 PM,1/2/2023 4:40:53 PM,0,28,Eberle; Charles A,U-18,Eberle; Charles A,U-18,True,South,Divided Flush Median (Less than 4 feet),Straight Grade,Wet,Blacktop; Bituminous; Asphalt,0,0,29,False,False,False,False,False,False,False,False,False,False,False,False,False,False,False,False,False