LocalReportNumber,DocumentNumber,CrashSeverity,HitSkip,LocalInformation,SecondaryCrash,PhotosTaken,OH2,OH3,OH1P,OHOther,PrivateProperty,ReportingAgencyNCIC,NumberOfUnits,UnitInError,County,InCityVillageTownship,CityVillageTownshipName,CrashDateTime,FIPSPlaceCode,Latitude,Longitude,LocationRouteType,LocationRouteNumber,LocationPrefix,LocationRoadName,LocationRoadType,DistanceFromReference,DistanceReferenceMeasurement,DirectionFromReference,ReferenceRouteType,ReferenceRouteNumber,ReferencePrefix,ReferenceName,ReferencePointUsed,ReferenceRoadType,IntersectionOrApproachRelated,NumberOfApproaches,WithinInterchangeArea,LocationFirstHarmfulEvent,MannerOfCollision,Weather,LightCondition,ActiveSchoolZoneRelated,WorkZoneRelated,WorkersPresent,LawEnforcementPresentInWorkZone,WorkZoneType,WorkZoneLocation,Narrative,ReportTakenBy,Supplement,CrashReportedDateTime,DispatchedDateTime,ArrivedDateTime,SceneClearedDateTime,OtherInvestigationTime,TotalTimeRoadwayClosed,OfficerName,OfficerBadgeNumber,CheckedByOfficerName,CheckedByBadgeNumber,RoadwayDivided,DividedLaneTravelDirection,DividedMedianType,RoadContour,RoadCondition,RoadSurface,TotalInjured,TotalKilled,TotalMinutes,AnimalRelated,AnimalDeerRelated,AlcoholRelated,DrugRelated,BicycleRelated,MotorCycleRelated,SpeedRelated,PedestrianRelated,SemiTruckRelated,SmallTruckRelated,YouthRelated,TeenRelated,DUI21Related,SeniorRelated,FatalNotReportable,CommercialRelated,CommercialAtFault
	2300008,20233000331,Property Damage Only,,,False,False,False,False,False,False,False,	07601,2,1,Stark County,City,Alliance,1/1/2023 6:54:13 PM,1420,40.901739,-81.109321,,,West,STATE,Street,,,,,,,CLARK,Intersection,Avenue,False,,False,On Roadway,Angle,Cloudy,Dark - Lighted Roadway,False,False,False,False,,,Unit #1 was travelling north on Clark Ave; made a left turn onto State St colliding with Unit #2. Unit #1 was cited for the accident.,Police,False,1/1/2023 6:54:13 PM,1/1/2023 6:56:13 PM,1/1/2023 7:00:12 PM,1/1/2023 7:27:33 PM,15,0,CHAD D CAUGHEY,0313,PATRICK S KELLY,0270,False,,,Straight Level,Dry,Blacktop; Bituminous; Asphalt,0,0,46,False,False,False,False,False,False,False,False,False,False,True,False,False,False,False,False,False
	230007,20233000334,Property Damage Only,,D1,False,False,False,False,False,False,False,	02512,2,1,Franklin County,City,Worthington,1/3/2023 12:13:00 PM,86604,40.088670,-83.016050,State Route,161,East,Dublin-Granville,Road,,,,,,,Hartford,Intersection,Street,True,4,False,On Roadway,Rear-end,Rain,Daylight,False,False,False,False,,,Unit 1 was eastbound on SR 161; directly behind Unit 2.  Unit 2 stopped for the red light on SR 161 at Hartford Street.  Unit 1 failed to assure a safe clear distance ahead and rear ended Unit 2.,Police,False,1/3/2023 12:13:00 PM,1/3/2023 12:14:00 PM,1/3/2023 12:20:00 PM,1/3/2023 12:54:00 PM,0,40,Lanzer; Emily,347,Biller; Blake,367,False,,,Straight Level,Wet,Blacktop; Bituminous; Asphalt,0,0,40,False,False,False,False,False,False,False,False,False,False,False,False,False,False,False,False,False
	230000002,20233000335,Property Damage Only,,,False,False,False,False,False,False,False,	04308,1,1,Lake County,City,PAINESVILLE,1/2/2023 4:24:00 PM,59416,41.729550,-81.255780,,,,LAWNVIEW,Avenue,5.00,Feet,West,,,,RIDGELAWN,Intersection,Avenue,True,3,False,On Roadway,Not Collision Between Two Vehicles in Transport,Cloudy,Daylight,False,False,False,False,,,UNIT #1 WAS TRAVELING EASTBOUND ON LAWNVIEW AVE NEAR RIDGELAWN AVE. UNIT #1 HAD A TIRE BLOWOUT. UNIT #1 RAN OFF THE ROADWAY RIGHT AND STRUCK THE FIREHYDRANT. THERE WERE NO INJUIRES REPORTED.,Police,False,1/2/2023 4:24:00 PM,1/2/2023 4:25:00 PM,1/2/2023 4:27:00 PM,1/2/2023 5:00:00 PM,60,30,CORY L. WHITT,89,MICHAEL C SLOCUM,48,False,,,Straight Level,Wet,Blacktop; Bituminous; Asphalt,0,0,95,False,False,False,False,False,False,False,False,False,False,True,False,False,False,False,False,False
	230007205,20233000336,Fatal,,144,False,False,False,False,False,False,False,	COP00,3,1,Franklin County,City,Columbus,1/3/2023 5:14:00 PM,18000,39.979310,-82.843570,,,East,Broad,Street,,,,,,,Sister Carotta,Intersection,Street,True,4,False,On Roadway,Angle,Cloudy,Dark - Lighted Roadway,False,False,False,False,,,The collision occurred at the intersection of E Broad St and Sister Calotta.  The drivers of Unit #2; Unit #3 and Witness stated Unit #2 was traveling east on E Broad St when Unit #1 was in the westbound lane on E Broad St.and turned south/left in front if Unit #2.  Unit #2 struck Unit #1 in the right side of Unit #1; causing both vehicles to spin out towards Unit #3; resulting in Unit #2 striking Unit #3 that was stopped; facing north on Sister Calotta.  Unit #2 and Unit #1 came into contact again at their final resting position.  The driver and two passengers of Unit #1 were transported to Mount Carmel East by CPD medic 35; Whitehall Medic 151; and Whitehall Medic 152.  The driver of Unit #2 self transported to MCE and the driver of Unit #3 was evaluated on scene.The two passengers from Unit #1 went fatal.  AIU responded to complete the investigation.  All Units were taken to the City impound lot for evidence Det. S. Campbell 1630,Police,False,1/3/2023 5:14:00 PM,1/3/2023 5:35:00 PM,1/3/2023 5:40:00 PM,1/3/2023 7:38:00 PM,45,144,Sweet; Teresa,3149,BECKER; BRIAN,5232,False,,,Straight Grade,Wet,Blacktop; Bituminous; Asphalt,2,0,168,False,False,False,False,False,False,False,False,False,True,True,False,False,False,False,False,False
	230000001,20233000339,Property Damage Only,,,False,False,False,False,False,False,False,	04308,2,1,Lake County,City,PAINESVILLE,1/2/2023 5:53:00 PM,59416,41.713690,-81.252810,,,West,WALNUT AVE,Avenue,25.00,Feet,South,,,,489,House Number,,False,,False,On Roadway,Rear-end,Cloudy,Dark - Lighted Roadway,False,False,False,False,,,UNIT #2 WAS TRAVELING WESTBOUND ON W WALNUT AVE NEAR 489 W WALNUT AVE. UNIT #1 WAS TRAVELING BEHIND UNIT #2. UNIT #2 SLOWED IN TRAFFIC AND UNIT #1 STRCUK THE CENTER REAR OF UNIT #2. THERE WERE NO INJUIRES REPORTED.,Police,False,1/2/2023 5:53:00 PM,1/2/2023 5:53:00 PM,1/2/2023 5:59:00 PM,1/2/2023 7:08:00 PM,30,0,CORY L. WHITT,89,MICHAEL C SLOCUM,48,False,,,Straight Level,Wet,Blacktop; Bituminous; Asphalt,0,0,105,False,False,False,False,False,False,False,False,False,False,False,False,False,False,False,False,False
	23REY-247-AC,20233000343,Property Damage Only,,Area4,False,True,False,True,False,False,False,	02508,2,99,Fairfield County,City,Reynoldsburg,1/3/2023 5:36:00 PM,66390,39.937600,-82.787680,,,,TAYLOR,Road,,,,,,,2883,House Number,,False,,False,On Roadway,Other/Unknown,Cloudy,Dark - Lighted Roadway,False,False,False,False,,,On 1-3-23 Unit 01 was E/B on Taylor Road in the area of 2883 in the center lane. Unit 02 was next to Unit 01 in the curb lane. The side mirrors on the vehicles struck causing damage. Both drivers said they did not leave their lane of travel. Fault unable to be determined.,Police,False,1/3/2023 5:36:00 PM,1/3/2023 5:38:00 PM,1/3/2023 5:51:00 PM,1/3/2023 6:25:00 PM,20,,Loyszczyk; Mike,131,Ward; Gerald; JR,S165,True,East,Divided; Raised Median (Any type),Straight Grade,Wet,Blacktop; Bituminous; Asphalt,0,0,67,False,False,False,False,False,False,False,False,False,False,False,False,False,False,False,False,False
	23-182,20233000348,Minor Injury Suspected,,2 car - traffic cont,False,False,False,False,False,False,False,	07608,2,2,Stark County,City,Massillon,1/3/2023 7:44:00 PM,48244,40.812528,-81.509196,State Route,241,,Wales,Road,5.00,Feet,South,,,,Lake Ave NE,Intersection,Avenue,False,,False,On Roadway,Angle,Clear,Dark - Lighted Roadway,False,False,False,False,,,Unit #1 was south bound on Wales Rd NE near Lake Ave NE. Unit #2 was on Lake Ave NE; stopped at the red light. Unit #2 ran the red light to turn south bound onto Lake Ave NE; causing it to strike Unit #1. Both vehicles suffered disabling damage and were towed. A juvenile from Unit #1 suffered injuries and was transported to Aultman Main by Stark Summit Ambulances. Unit #2 was cited and found at fault for traffic control device.,Police,False,1/3/2023 7:44:00 PM,1/3/2023 7:47:00 PM,1/3/2023 7:52:00 PM,1/3/2023 8:28:00 PM,15,56,Kruger; Matthew Sherman,129,Dadisman; Shaun A.,110,False,,,Straight Level,Wet,Blacktop; Bituminous; Asphalt,0,0,56,False,False,False,False,False,False,False,False,False,False,True,True,False,False,False,False,False
	20230000000013,20233000355,Minor Injury Suspected,,,False,True,False,False,False,False,False,	00807,2,1,Brown County,City,MOUNT ORAB (RR NAME MOUNT OREB),1/2/2023 3:14:33 PM,52906,39.050059,-83.938652,,,,BROOKS MALOTT,Road,,,,,,,BARDWELL WEST,Intersection,Road,True,4,True,On Roadway,Angle,Clear,Daylight,False,False,False,False,,,Unit one was stopped at the stop sign at Brooks Malott and Bardwell West. Unit two was traveling eastbound on Bardwell West. Unit one failed to obey the stop sign and pulled out in front of unit two.,Police,False,1/2/2023 3:14:33 PM,1/2/2023 3:16:15 PM,1/2/2023 3:19:26 PM,1/2/2023 3:31:22 PM,0,0,NAY; JEREMY M,4M24,BAKER; GEORGE,4M84,False,,,Straight Level,Dry,Blacktop; Bituminous; Asphalt,0,0,15,False,False,False,False,False,False,False,False,False,True,True,False,False,False,False,False,False
	20230000000014,20233000356,Property Damage Only,,,False,True,False,False,False,False,False,	00807,2,1,Brown County,Village,MOUNT ORAB (RR NAME MOUNT OREB),1/2/2023 3:17:29 PM,52906,38.998491,-83.921663,,,,SOUTH HIGH,Street,,,,,,,774,Intersection,Highway,True,4,True,On Roadway,Angle,Clear,Daylight,False,False,False,False,,,Unit one was stationary at the stop sign on SR 774 and South High Street. Unit two was traveling northbound on South High Street. Unit one failed to yield and pulled out in front of unit two causing a collision.,Police,False,1/2/2023 3:17:29 PM,1/2/2023 3:32:05 PM,1/2/2023 3:32:05 PM,1/2/2023 3:59:48 PM,0,0,NAY; JEREMY M,4M24,BAKER; GEORGE,4M84,False,,,Straight Level,Dry,Blacktop; Bituminous; Asphalt,0,0,28,False,False,False,False,False,False,False,False,False,True,False,False,False,False,False,False,False
	20230000000015,20233000357,Property Damage Only,,,False,True,False,False,False,False,False,	00807,2,1,Brown County,Village,MOUNT ORAB (RR NAME MOUNT OREB),1/2/2023 4:53:06 PM,52906,39.032707,-83.944855,,,,WEST MAIN,Street,43.00,Feet,West,,,,BROOKS MALOTT,Intersection,Road,False,,False,On Roadway,Angle,Clear,Daylight,False,False,False,False,,,Unit one was stationary at Heritage Way stop sign. Unit two was traveling westbound on West Main Street approaching Brooks Malott Road. Unit one turned left onto West Main Street and entered the lane unit two was in causing a collision. Unit one was at fault for falure to yield at stop sign.,Police,False,1/2/2023 4:53:06 PM,1/2/2023 4:53:09 PM,1/2/2023 4:53:09 PM,1/2/2023 5:05:51 PM,0,0,NAY; JEREMY M,4M24,BAKER; GEORGE,4M84,False,,,Straight Level,Wet,Blacktop; Bituminous; Asphalt,0,0,13,False,False,False,False,False,False,False,False,False,False,True,True,False,False,False,False,False
	20230000000018,20233000358,Serious Injury Suspected,,,False,True,False,False,False,False,False,	00807,2,1,Brown County,Village,MOUNT ORAB (RR NAME MOUNT OREB),1/3/2023 7:35:23 AM,52906,39.031455,-83.938316,,,West,MAIN,Street,301.00,Feet,West,,,,CAMPUS,Intersection,Way,False,,False,On Roadside,Not Collision Between Two Vehicles in Transport,Rain,Dark - Lighted Roadway,True,False,False,False,,,Unit one was traveling eastbound on West Main Street near Campus Way. Pedestrian activated the cross walk flashing signs and entered the cross walk. Unit one failed to yield to pedestrian and made contact with the pedstrian causing injuries.,Police,False,1/3/2023 7:35:23 AM,1/3/2023 7:36:56 AM,1/3/2023 7:39:26 AM,1/3/2023 8:32:44 AM,0,0,NAY; JEREMY M,4M24,BAKER; GEORGE,4M84,False,,,Straight Level,Wet,Blacktop; Bituminous; Asphalt,0,0,56,False,False,False,False,False,False,False,True,False,False,True,True,False,False,False,False,False
	20230000000073,20233000359,Injury Possible,,CLEPPER LANE AT GATE,False,True,False,True,False,False,False,	01316,2,1,Clermont County,Township,UNION (TOWNSHIP OF),1/3/2023 3:57:11 PM,78288,39.093135,-84.265460,Numbered County Route,389,,CLEPPER,Lane,,,,Numbered County Route,391,,GATE,Intersection,Drive,True,4,False,On Roadway,Angle,Cloudy,Daylight,False,False,False,False,,,Unit #1 failed to yield right of way when turning left to Unit #2. Unit #1 was turning left from westbound Clepper Lane towards Sam's Club (Gate Dr). Unit #2 was traveling eastbound on Clepper Lane.,Police,False,1/3/2023 3:57:11 PM,1/3/2023 3:58:34 PM,1/3/2023 4:00:43 PM,1/3/2023 4:50:00 PM,20,0,Zimmerman; ROBERT,52,Combs; Rodney D,81,False,,,Straight Grade,Wet,Blacktop; Bituminous; Asphalt,0,0,71,False,False,False,False,False,False,False,False,False,True,False,False,False,False,False,False,False
	20230015,20233000361,Property Damage Only,,PV W/B @ 6313,False,False,False,True,False,False,False,	01825,2,1,Cuyahoga County,City,Independence,1/3/2023 3:43:00 PM,37240,41.361836,-81.644730,,,,E PLEASANT VALLEY,Road,,,,,,,6313,House Number,,False,,False,On Roadway,Sideswipe; same direction,Cloudy,Daylight,False,False,False,False,,,BOTH UNITS WERE W/B ON E PLEASANT VALLEY RD.  UNIT #1 WAS IN THE RIGHT LANE AND UNIT #2 WAS IN THE LEFT LANE.  UNIT #1 ATTEMPTED TO CHANGE LANES AND STRUCK UNIT #2 CAUSING LISTED DAMAGE.,Police,False,1/3/2023 3:43:00 PM,1/3/2023 3:46:00 PM,1/3/2023 3:49:00 PM,1/3/2023 4:03:00 PM,25,,B Dalton,3939,S Bates,3953,False,,,Straight Grade,Wet,Blacktop; Bituminous; Asphalt,0,0,42,False,False,False,False,False,False,False,False,False,False,False,False,False,False,False,False,False
	20230018,20233000362,Property Damage Only,,,False,False,False,True,False,False,False,	01825,2,2,Cuyahoga County,City,Independence,1/3/2023 4:43:00 PM,37240,41.396650,-81.652220,,,,ROCKSIDE,Road,50.00,Feet,West,Interstate Route (Turnpike is also IR),77,,I77N,Intersection,Highway,False,,False,On Roadway,Rear-end,Rain,Dawn/Dusk,False,False,False,False,,,UNIT 1 STATED HE WAS TRAVELING W/B ON ROCKSIDE RD STOPPED IN TRAFFIC WHEN HE WAS REAR ENDED BY UNIT 2. UNIT 2 STATED HE WAS TRAVELING THE SAME DIRECTION AND REALIZED UNIT 1 WAS IN FRONT OF HIM AND HE STRUCK UNIT 1 IN THE REAR BUMPER OF THE VEHICLE.,Police,False,1/3/2023 4:43:00 PM,1/3/2023 4:46:00 PM,1/3/2023 4:52:00 PM,1/3/2023 5:20:00 PM,30,,T Mercado,3919,S Bates,3953,False,,,Straight Level,Wet,Concrete,0,0,64,False,False,False,False,False,False,False,False,False,False,True,False,False,False,False,False,False
	20230000000081,20233000378,Property Damage Only,,GLENESTE WITHAMSVILL,False,True,False,True,False,False,False,	01316,2,1,Clermont County,Township,UNION (TOWNSHIP OF),1/3/2023 7:33:54 PM,78288,39.092442,-84.263400,Numbered County Route,0055,,GLENESTE WITHAMSVILLE,Road,,,,Numbered Township Route,0252,,CLEPPER,Intersection,Lane,False,,False,On Roadway,Angle,Cloudy,Dark - Roadway Not Lighted,False,False,False,False,,,Unit #1 was traveling on Clepper Lane E/B. Unit #1 was stopped at a red light that was stuck on red. Unit #2 was traveling S/B on Gleneste Withamsville Road. Unit #1 drove around multiple vehicles at the intersection and attempted to make a left turn onto N/B Gleneste. Unit #1 struck Unit #2 in the side after going through the red light.,Police,False,1/3/2023 7:33:54 PM,1/3/2023 7:37:52 PM,1/3/2023 7:40:00 PM,1/3/2023 8:20:00 PM,0,0,TOROK; DYLAN,12,Combs; Rodney D,81,False,,,Straight Level,Wet,Blacktop; Bituminous; Asphalt,0,0,42,False,False,False,False,False,False,False,False,False,True,False,False,False,False,False,False,False
	20230000000022,20233000381,Property Damage Only,,,False,False,False,False,False,False,False,	00807,2,1,Brown County,City,MOUNT ORAB (RR NAME MOUNT OREB),1/3/2023 5:21:49 PM,52906,39.040914,-83.920737,,,North,HIGH,Street,100.00,Feet,South,State Route,32,,,Intersection,,True,3,True,On Roadway,Angle,Cloudy,Daylight,False,False,False,False,,,Unit two was traveling south bound on N. High St. and entered into the round about in order to continue south. Unit one exited SR32 into the round about and failed to yield the right of way to Unit two.,Police,False,1/3/2023 5:21:49 PM,1/3/2023 5:22:51 PM,1/3/2023 5:32:16 PM,1/3/2023 5:50:03 PM,0,0,BAKER; GEORGE,4M84,BAKER; GEORGE,4M84,False,,,Straight Grade,Dry,Concrete,0,0,27,False,False,False,False,False,False,False,False,False,True,True,True,False,True,False,False,False
	23000004,20233000383,Property Damage Only,,,False,True,True,True,False,False,False,	01848,1,1,Cuyahoga County,City,SHAKER HEIGHTS,1/3/2023 10:00:00 PM,71682,41.474325,-81.551204,,,,S WOODLAND RD,Road,15.00,Feet,East,,,,BRIGHTON RD,Intersection,Road,False,,False,On Roadway,Not Collision Between Two Vehicles in Transport,Rain,Dark - Lighted Roadway,False,True,False,False,Work On Shoulder Or Median,Activity Area,UNIT 1 WAS TRAVELLING WEST ON SOUTH WOODLAND ROAD NEAR BRIGHTON ROAD. r n r nUNIT 1 STRUCK A LARGE POTHOLE IN THE WESTBOUND LANES OF SOUTH WOODLAND ROAD. r n r nTHE FRONT PASSENGER TIRE BECAME DISABLED.,Police,False,1/3/2023 10:38:30 PM,1/3/2023 10:42:18 PM,1/3/2023 10:44:41 PM,1/3/2023 11:34:17 PM,20,0,DANIEL  MITRI,9265,GARY  SALVAGE,9373,False,,,Straight Level,Wet,Blacktop; Bituminous; Asphalt,0,0,72,False,False,False,False,False,False,False,False,False,False,False,False,False,False,False,False,False
	230000261,20233000386,Property Damage Only,Solved,71,False,False,False,False,False,False,False,	COP00,2,1,Franklin County,City,Columbus,1/1/2023 12:33:00 AM,18000,39.974810,-82.956200,,,East,Long,Street,5.00,Feet,West,,,,Taylor,Intersection,Avenue,False,,False,On Roadway,Rear-end,Fog; Smog; Smoke,Dark - Lighted Roadway,False,False,False,False,,,Unit 2 stated that he was stopped at the intersection of E long St & Taylor Ave heading eastbound. Unit 2 stated that Unit 1 struck him in the rear center of Unit 2 with the center front of Unit 1. Unit 2 stated that he exited his vehicle and the Unit 1 drove off before exchanging information. Unit 2 stated that he followed Unit 1 to 370 Woodland Ave and watched the driver of Unit 1 enter apartment D. Unit 2 stated that he then called police and waited for their arrival. Officers located Unit 1 parked in front of 370 Woodland Ave with noticeable front end damage and the vehicle still running. Officers knocked on the door of 370 Woodland Ave Apt D and made contact with the driver of Unit 1. Unit 1 admitted to driving Unit 1 and and acknowledged that she struck Unit 2. ,Police,False,1/1/2023 12:33:00 AM,1/1/2023 12:37:00 AM,1/1/2023 12:49:00 AM,1/1/2023 1:31:00 AM,,,WORLEY; MATTHEW,2898,DAWSON; DONALD JR,5163,False,,,Straight Level,Wet,Blacktop; Bituminous; Asphalt,0,0,54,False,False,False,False,False,False,False,False,False,False,False,False,False,False,False,False,False
	20230000000061,20233000390,Property Damage Only,Unsolved,UNION,False,True,False,False,False,False,False,	01316,1,1,Clermont County,Township,UNION (TOWNSHIP OF),1/3/2023 6:35:23 AM,78288,39.122067,-84.274306,Numbered Township Route,0211,,Barg Salt Run,Road,,,,Interstate Route (Turnpike is also IR),0275,,I275,Intersection,Highway,False,,False,On Roadway,Not Collision Between Two Vehicles in Transport,Rain,Dark - Roadway Not Lighted,False,False,False,False,,,Unit #1 was traveling WB on Barg salt Run Rd. when the unknown driver continued thru the curve striking the guardrail.  Driver of unit #1 fled the scene.,Police,False,1/3/2023 6:35:23 AM,1/3/2023 6:36:55 AM,1/3/2023 6:43:23 AM,1/3/2023 7:03:00 AM,0,27,JAMES; BRENT,34,Wagner; Richard J,79,False,,,Curve Level,Wet,Blacktop; Bituminous; Asphalt,0,0,26,False,False,False,False,False,False,False,False,False,False,False,False,False,False,False,False,False
	230000787,20233000399,Minor Injury Suspected,,164,False,False,False,False,False,False,False,	COP00,2,1,Franklin County,City,Columbus,1/1/2023 2:42:00 AM,18000,39.971600,-83.002460,,,North,High ,Street,100.00,Feet,North,,,,Vine,Intersection,Street,False,,False,On Roadside,Not Collision Between Two Vehicles in Transport,Clear,Dark - Lighted Roadway,False,False,False,False,,,The driver of Unit #1 stated that they were driving eastbound on Vine St. turning northbound onto N. High St. when they lost control of their vehicle and ran into Unit #2 which was parked on the side of the road. Officers were not able to make contact with the driver of Unit #2 but talked to a passenger who stated that they were sitting in Unit #2 on the side of N. High St. when they were rear-ended by Unit #1    The driver of Unit #2 was transported to by Columbus Fire Medic #1 to Grant hospital in stable condition with Minor back pain. The front street passenger was admitted to Grant Hospital for minor head pain.,Police,False,1/1/2023 2:42:00 AM,1/1/2023 2:59:00 AM,1/1/2023 3:07:00 AM,1/1/2023 4:03:00 AM,,,VALESKY; ALEXANDER,3314,MASON; BRYAN,5191,False,,,Straight Level,Dry,Concrete,0,0,64,False,False,False,False,False,False,False,False,False,False,True,False,False,False,False,False,False
	2300342,20233000400,Minor Injury Suspected,,,False,True,False,True,False,False,False,	05215,1,1,Medina County,Township,Brunswick Hills (Township of),1/3/2023 3:21:00 AM,9708,41.216835,-81.803259,Numbered County Route,136,East,SLEEPY HOLLOW RD,Road,100.00,Feet,North,Numbered County Route,103,North,S CARPENTER RD,Intersection,Road,True,3,False,On Roadway,Not Collision Between Two Vehicles in Transport,Rain,Dark - Roadway Not Lighted,True,False,False,False,,,Hinckley Police was in pursuit of Unit 01 travelling south-bound on South Carpenter Road r nUnit 01 failed to stop at the stop sign at the intersection of Sleepy Hollow Road and South Carpenter Road. r nUnit 01 continued travelling at high rate of speed straight south-bound crossing over Sleepy Hollow Road. r nUnit 01 struck a traffic sign and came to final rest on the south side of Sleepy Hollow Road. r nThe driver of Unit 01 was extricated from the vehicle and placed into custody.,Police,False,1/3/2023 3:21:27 AM,1/3/2023 3:23:28 AM,1/3/2023 3:23:34 AM,1/3/2023 4:04:04 AM,,30,ZACHARY K GETTO,1316,JEREMY D MILFORD,1308,True,East,Divided; Depressed Median,Curve Level,Wet,Blacktop; Bituminous; Asphalt,0,0,41,False,False,False,True,False,False,True,False,False,False,True,False,False,False,False,False,False
	2320001377,20233000402,Property Damage Only,,,False,True,False,False,False,False,False,	01810,1,1,Cuyahoga County,City,BROOKLYN,1/3/2023 7:40:54 PM,9246,41.445040,-81.736581,,,,MEADOWBROOK AV,Avenue,20.00,Feet,North,,,,7419,House Number,,False,,False,On Roadside,Not Collision Between Two Vehicles in Transport,Clear,Dark - Lighted Roadway,False,False,False,False,,,The operator of Unit 1 backed out of the driveway at 7420 Meadowbrook Avenue. The operator of Unit 1 then backed into the front yard of 7419 Meadowbrook Avenue; which was across the street from 7420 Meadowbrook Avenue. Unit 1 struck multiple yard decorations at 7419 Meadowbrook Avenue. The operator of Unit 1 was suspected to be under the influence of narcotics. The operator of Unit 1 was transported to University Hospital Parma by Brooklyn FD. Unit 1 was towed by Parma Towing as a police tow. The operator of Unit 1 was cited for OVI; No Drivers License; and Failure to Control.,Police,False,1/3/2023 7:40:54 PM,1/3/2023 7:41:41 PM,1/3/2023 7:44:28 PM,1/3/2023 9:54:28 PM,0,0,MICHAEL  SPISAK,2267,ADAM MCQUAID,2252,False,,,Straight Level,Wet,Blacktop; Bituminous; Asphalt,0,0,133,False,False,False,True,False,False,False,False,False,False,False,False,False,False,False,False,False
	2023C0005,20233000403,Property Damage Only,,,False,False,False,False,False,False,False,	03112,2,1,Hamilton County,City,Forest Park,1/3/2023 8:40:00 PM,27706,39.279204,-84.508267,,,,ENDOR,Court,,,,,,,791,House Number,,False,,False,On Roadway,Backing,Clear,Dark - Roadway Not Lighted,False,False,False,False,,,UNIT 2 WAS PARKED ON THE ROADWAY IN FRONT OF 791 ENDOOR CT. UNIT 1 WAS BACKING OUT OF THE DRIVEWAY OF 791 ENDOOR CT AND BACKED INTO UNIT 2.,Police,False,1/3/2023 8:40:00 PM,1/3/2023 8:44:00 PM,1/3/2023 8:50:00 PM,1/3/2023 9:00:00 PM,10,,Ayers; Kurtsty,1258,Dreyer; Jackie,3970,False,,,Straight Grade,Wet,Blacktop; Bituminous; Asphalt,0,0,26,False,False,False,False,False,False,False,False,False,False,False,False,False,False,False,False,False
	235000070,20233000406,Property Damage Only,,,False,False,False,False,False,False,False,	CIP00,2,1,Hamilton County,City,CINCINNATI,1/3/2023 11:37:00 AM,15000,39.141951,-84.619421,,,,GLENWAY,Avenue,,,,,,,6093,House Number,,True,4,False,On Roadway,Angle,Rain,Daylight,False,False,False,False,,,UNIT 1 RAN RED LIGHT; STRIKING UNIT 2.,Police,False,1/3/2023 11:37:00 AM,1/3/2023 11:38:00 AM,1/3/2023 11:43:00 AM,1/3/2023 12:20:00 PM,,,SCHULTZ; YVONNE S.,PS029,CARR; BRIAN T.,S0112,False,,,Straight Level,Dry,Blacktop; Bituminous; Asphalt,0,0,42,False,False,False,False,False,False,False,False,False,False,False,False,False,False,False,False,False
	235000064,20233000407,Property Damage Only,Unsolved,,False,False,False,False,False,False,False,	CIP00,2,1,Hamilton County,City,CINCINNATI,1/3/2023 3:00:00 AM,15000,39.112198,-84.595471,,,,LOCKMAN,Avenue,,,,,,,1032,House Number,,False,,False,On Roadway,Sideswipe; same direction,Rain,Dark - Unknown Roadway Lighting,False,False,False,False,,,UNIT 1 WAS TRAVELING NORTHBOUND ON LOCKMAN AVE WHILE UNIT 2 WAS PARKED; FACING NORTHBOUND ON LOCKMAN AVE.  UNIT 1 FAILED TO MAINTAIN CONTROL AND STRUCK UNIT 2 AT 1032 LOCKMAN AVE.  UNIT 1 FLED THE SCENE THEREAFTER WITHOUT ANY EXCHANGE OF INFORMATION.,Police,False,1/3/2023 9:06:00 AM,1/3/2023 9:08:00 AM,1/3/2023 9:19:00 AM,1/3/2023 9:51:00 AM,17,,LINDLE; JASON S.,P0584,CARR; BRIAN T.,S0112,False,,,Straight Grade,Wet,Blacktop; Bituminous; Asphalt,0,0,60,False,False,False,False,False,False,False,False,False,False,False,False,False,False,False,False,False
	235000085,20233000408,Minor Injury Suspected,,,False,False,False,False,False,False,False,	CIP00,1,1,Hamilton County,City,CINCINNATI,1/3/2023 6:31:00 PM,15000,39.126351,-84.554371,,,,QUEEN CITY,Avenue,,,,,,,1731,House Number,,False,,False,On Roadway,Not Collision Between Two Vehicles in Transport,Clear,Dark - Unknown Roadway Lighting,False,False,False,False,,,UNIT#1 TRAVELLING WESTBOUND ON QUEEN CITY AV FAILED TO MAINTAIN CONTROL OF THE VEHICLE AND HIT A TREE.  PUBLIC WORKS NOTIFIED ABOUT THE TREE AND THE FENCING AROUND THE TREE THAT WAS DAMAGED.,Police,False,1/3/2023 6:31:00 PM,1/3/2023 6:33:00 PM,1/3/2023 6:37:00 PM,1/3/2023 7:25:00 PM,,,NICHOLSON; ERIC M.,P0435,WOODS; DARRELL S.,S0170,False,,,Straight Level,Dry,Blacktop; Bituminous; Asphalt,0,0,52,False,False,False,False,False,False,False,False,False,False,False,False,False,False,False,False,False
	235000089,20233000409,Property Damage Only,Unsolved,,False,False,False,False,False,False,False,	CIP00,1,1,Hamilton County,City,CINCINNATI,1/3/2023 7:18:00 PM,15000,39.148062,-84.558788,,,,WERON,Lane,,,,,,,2100,House Number,,False,,False,On Roadside,Not Collision Between Two Vehicles in Transport,Clear,Dark - Lighted Roadway,False,False,False,False,,,UNIT 1 WAS TRAVELING EASTBOUND ON WERON LN. AT 2100 WERON LN; DUE TO UNKNOWN CIRCUMSTANCES; UNIT 1 STRUCK A UTILITY POLE. DRIVER OF UNIT 1 THEN FLED IN AN UNKNOWN DIRECTION.,Police,False,1/3/2023 7:18:00 PM,1/3/2023 7:24:00 PM,1/3/2023 7:35:00 PM,1/3/2023 8:15:00 PM,,,SUNDBERG; IAN M.,P0502,KUNZ; KRAIG D.,S0235,False,,,Straight Grade,Dry,Blacktop; Bituminous; Asphalt,0,0,51,False,False,False,False,False,False,False,False,False,True,False,False,False,False,False,False,False
	235000092,20233000410,Property Damage Only,,,False,False,False,False,False,False,False,	CIP00,3,1,Hamilton County,City,CINCINNATI,1/3/2023 9:15:00 PM,15000,39.120353,-84.607216,,,,COVEDALE,Avenue,,,,,,,1347,House Number,,True,4,False,On Roadway,Angle,Clear,Daylight,False,False,False,False,,,UNIT 01 WAS TRAVELING NORTHBOUND ON RALPH AVENUE; RAN A STOP SIGN AND WAS STRUCK BY UNIT 02 TRAVELING EASTBOUND ON COVEDALE AVENUE. THE IMPACT OF THE COLLISION CAUSED UNIT 02 TO STRIKE 03 PARKED IN THE DRIVEWAY OF 1347 COVEDALE AVENUE,Police,False,1/3/2023 9:18:00 PM,1/3/2023 9:20:00 PM,1/3/2023 9:30:00 PM,1/3/2023 10:05:15 PM,,,HOLLINS; DAYEESHA C.,P0446,KUNZ; KRAIG D.,S0235,False,,,Straight Level,Wet,Concrete,0,0,45,False,False,False,False,False,False,False,False,False,False,True,True,False,False,False,False,False