LocalReportNumber,DocumentNumber,CrashSeverity,HitSkip,LocalInformation,SecondaryCrash,PhotosTaken,OH2,OH3,OH1P,OHOther,PrivateProperty,ReportingAgencyNCIC,NumberOfUnits,UnitInError,County,InCityVillageTownship,CityVillageTownshipName,CrashDateTime,FIPSPlaceCode,Latitude,Longitude,LocationRouteType,LocationRouteNumber,LocationPrefix,LocationRoadName,LocationRoadType,DistanceFromReference,DistanceReferenceMeasurement,DirectionFromReference,ReferenceRouteType,ReferenceRouteNumber,ReferencePrefix,ReferenceName,ReferencePointUsed,ReferenceRoadType,IntersectionOrApproachRelated,NumberOfApproaches,WithinInterchangeArea,LocationFirstHarmfulEvent,MannerOfCollision,Weather,LightCondition,ActiveSchoolZoneRelated,WorkZoneRelated,WorkersPresent,LawEnforcementPresentInWorkZone,WorkZoneType,WorkZoneLocation,Narrative,ReportTakenBy,Supplement,CrashReportedDateTime,DispatchedDateTime,ArrivedDateTime,SceneClearedDateTime,OtherInvestigationTime,TotalTimeRoadwayClosed,OfficerName,OfficerBadgeNumber,CheckedByOfficerName,CheckedByBadgeNumber,RoadwayDivided,DividedLaneTravelDirection,DividedMedianType,RoadContour,RoadCondition,RoadSurface,TotalInjured,TotalKilled,TotalMinutes,AnimalRelated,AnimalDeerRelated,AlcoholRelated,DrugRelated,BicycleRelated,MotorCycleRelated,SpeedRelated,PedestrianRelated,SemiTruckRelated,SmallTruckRelated,YouthRelated,TeenRelated,DUI21Related,SeniorRelated,FatalNotReportable,CommercialRelated,CommercialAtFault
	230008865,20233000563,Property Damage Only,Unsolved,5/72,False,False,False,False,False,False,False,	COP00,1,1,Franklin County,City,Columbus,1/4/2023 11:00:00 AM,18000,39.985230,-82.940990,,,East,5th,Avenue,50.00,Feet,East,,,,Nelson,Intersection,Road,False,,False,On Roadway,Not Collision Between Two Vehicles in Transport,Cloudy,Other/Unknown,False,False,False,False,,,On 1/4/2023; at approximately 11:00 a.m.; an abandoned hit-skip vehicle; unit #1; was found on the BP gas station property at 2365 E 5th Ave with heavy front end damage. The vehicle had struck and was still in contact with a damaged metal fence belonging to the City of Columbus which bordered the Public Safety Wellness Center at 790 N Nelson Rd. ,Police,False,1/4/2023 11:00:00 AM,1/4/2023 11:00:00 AM,1/4/2023 11:10:00 AM,1/4/2023 11:35:00 AM,60,0,PELLEGRINI; THOMAS,2513,RAMSEY; MICHAEL,5262,False,,,Other/Unknown,Wet,Blacktop; Bituminous; Asphalt,0,0,95,False,False,False,False,False,False,False,False,False,False,False,False,False,False,False,False,False
	230000004,20233000564,Property Damage Only,,,False,False,False,False,False,False,False,	04308,2,1,Lake County,City,PAINESVILLE,1/3/2023 2:46:00 PM,59416,41.732800,-81.247656,,,,CHESTER,Street,0.00,Feet,South,,,North,SAINT CLAIR,Intersection,Street,True,3,False,On Roadway,Angle,Rain,Daylight,False,True,False,False,Lane Closure,Activity Area,Unit #1 was traveling S B on N Saint Clair St and Unit #2 was traveling E B on Chester St. Unit #1 made a complete stop at the intersection of N Saint Clair St and Chester St. Unit #1 proceeded to make a left turn onto Chester St; failing to yield to Unit #2; resulting in Unit #1 striking the side of Unit #2.  Chester St. is currently under construction and only one-way; eastbound traffic only.,Police,False,1/3/2023 2:46:00 PM,1/3/2023 2:46:00 PM,1/3/2023 2:50:00 PM,1/3/2023 3:15:00 PM,30,0,RACHEL M CHAPMAN,108,LARRY A ARMSTRONG,44,False,,,Straight Level,Wet,Blacktop; Bituminous; Asphalt,0,0,59,False,False,False,False,False,False,False,False,False,False,False,False,False,True,False,False,False
	2390003,20233000565,Minor Injury Suspected,,,False,True,True,False,False,False,False,	01818,2,1,Cuyahoga County,City,EUCLID,1/1/2023 9:20:00 AM,25704,41.575879,-81.539281,,,,E 200 ST,Street,75.00,Feet,North,Federal US Route,6,,CHARDON RD,Intersection,Road,True,3,False,On Roadway,Head-on,Cloudy,Daylight,False,False,False,False,,,Unit 02 was traveling northbound on E.200th near Chardon Rd. Unit 01 was southbound on E.200 approaching Chardon Rd. Unit 01 went left of center crossing over into the northbound lane of travel and was struck by Unit 02. Unit 01 then ran off the road on the left hand side and struck a utility pole guide wire.,Police,False,1/1/2023 9:20:53 AM,1/1/2023 9:21:46 AM,1/1/2023 9:30:00 AM,1/1/2023 10:00:00 AM,45,0,SCOTT  KAMAN,0038,WILLIAM  WILLIAMS,0172,False,,,Straight Level,Dry,Blacktop; Bituminous; Asphalt,0,0,83,False,False,False,False,False,False,True,False,False,False,False,False,False,False,False,False,False
	23-000023,20233000566,Property Damage Only,,,False,True,True,False,False,False,False,	03501,1,1,Henry County,City,Napoleon,1/1/2023 2:24:00 PM,53550,41.399749,-84.143858,Federal US Route,24,,,,250.00,Yards,East,Federal US Route,6,,,Intersection,,False,,False,On Roadway,Not Collision Between Two Vehicles in Transport,Fog; Smog; Smoke,Daylight,False,False,False,False,,,Unit 1 was traveling eastbound on US 24 when it attempted to change lanes rapidly to make room for a merging vehicle from US 6. While making the lane change; Unit 1 lost control; striking the guard rail on the north side of the roadway; spun out; and struck the guard rail on the south side of the roadway at least two times.  Ptl. Steward U-21,Police,False,1/1/2023 2:24:00 PM,1/1/2023 2:26:00 PM,1/1/2023 2:30:00 PM,1/1/2023 3:15:00 PM,15,0,#21 Ptl. Steward,21DS,#09 Lt. Smith,09GS,True,East,Divided Flush Median (4 feet and greater),Straight Level,Wet,Blacktop; Bituminous; Asphalt,0,0,64,False,False,False,False,False,False,True,False,False,False,False,False,False,False,False,False,False
	23-000044,20233000567,Property Damage Only,,,False,True,False,False,False,False,False,	03501,1,1,Henry County,City,Napoleon,1/2/2023 5:21:00 PM,53550,41.393224,-84.122732,,,East,Clinton ,Street,,,,,,,Hobson,Intersection,Street,True,4,False,On Roadway,Not Collision Between Two Vehicles in Transport,Cloudy,Dawn/Dusk,False,False,False,False,,,Unit 1 was attempting to turn from E. Clinton St onto Hobson St and failed to negotiate the turn striking a pole; causing damage to the vehicle. ,Police,False,1/2/2023 5:21:00 PM,1/2/2023 5:23:00 PM,1/2/2023 5:26:00 PM,1/2/2023 5:34:00 PM,5,0,#09 Lt. Smith,09GS,#02 Sgt. Ruffer,02JR,False,,,Straight Level,Wet,Blacktop; Bituminous; Asphalt,0,0,16,False,False,False,False,False,False,False,False,False,False,True,True,False,False,False,False,False
	20230000000145,20233000568,Property Damage Only,,SANDUSKY,False,True,False,False,False,False,False,	02203,2,2,Erie County,City,SANDUSKY,1/4/2023 9:59:32 AM,70380,41.441715,-82.680861,,,,CLEVELAND,Road,,,,,,,CEDAR POINT,Intersection,Drive,False,,False,On Roadway,Sideswipe; same direction,Cloudy,Daylight,False,True,False,False,Lane Closure,Transition Area,Unit 1 was westbound on Cleveland Rd. at Cedar Point Dr. in the center lane. Unit 2 was westbound on Cleveland Rd. at Cedar Point Dr. in the northern most lane. Unit 2 changed to the center lane and struck Unit 1 on the front right of the vehicle.,Police,False,1/4/2023 9:59:32 AM,1/4/2023 10:01:03 AM,1/4/2023 10:10:18 AM,1/4/2023 10:31:06 AM,30,0,GREENAWALT; CAMERON G,S2126,RITTERBACH; STEPHEN,S2074,False,,,Straight Level,Wet,Blacktop; Bituminous; Asphalt,0,0,60,False,False,False,False,False,False,False,False,False,True,False,False,False,False,False,False,False
	230008766,20233000571,Property Damage Only,Unsolved,ZONE 5,False,False,False,False,False,False,False,	COP00,2,1,Franklin County,City,Columbus,1/4/2023 9:43:00 AM,18000,39.939570,-82.996250,,,South,High,Street,20.00,Feet,South,,,,Greenlawn,Intersection,Avenue,True,4,False,On Roadway,Rear-end,Cloudy,Daylight,False,False,False,False,,,Unit #2 was sitting N/B S High St in the left turn lane waiting to turn W/B Greenlawn Ave when Unit #1 who was behind Unit #2 failed to stop in time thus colliding with the rear of Unit #2.  When Unit #2 began to pull into the BP lot to exchange information; Unit #1 fled E/B Thurman Ave without stopping or exchanging any type of information.  The driver of Unit #2 believed the vehicle to be a white Honda Civic but was unable to provide any plate or driver information.,Police,False,1/4/2023 9:46:00 AM,1/4/2023 9:46:00 AM,1/4/2023 9:51:00 AM,1/4/2023 10:22:00 AM,45,,KAISER; KERRY,1788,PARKER; CHARLES,5272,False,,,Straight Level,Wet,Blacktop; Bituminous; Asphalt,0,0,81,False,False,False,False,False,False,False,False,False,False,False,False,False,False,False,False,False
	2023000018,20233000572,Property Damage Only,,,False,True,False,True,False,False,False,	04300,2,1,Lake County,Township,PERRY,1/3/2023 9:41:00 PM,61896,41.761060,-81.181056,,,,LANE,Road,,,,,,,NARROWS,Intersection,Road,True,4,False,On Roadway,Angle,Rain,Dark - Lighted Roadway,False,False,False,False,,,Unit #1 was traveling north on Lane Road. Unit #2 was traveling east on Narrows Road. Unit #1 failed to stop at the stop sign and struck Unit #2. Property damage only.,Police,False,1/3/2023 9:41:00 PM,1/3/2023 9:42:00 PM,1/3/2023 9:44:00 PM,1/3/2023 10:15:00 PM,0,0,OSAP; TONY,991072,ROPOS; ZACHARY,991050,False,,,Straight Level,Wet,Blacktop; Bituminous; Asphalt,0,0,33,False,False,False,False,False,False,False,False,False,False,True,True,False,False,False,False,False
	2230040028,20233000574,Property Damage Only,,4th St / Gay St,False,True,False,False,True,False,False,	07302,2,1,Scioto County,City,Portsmouth,1/4/2023 10:04:00 AM,64304,38.733104,-82.994568,Federal US Route,52,,GAY,Street,,,,,,,4TH,Intersection,Street,True,4,False,On Roadway,Angle,Rain,Daylight,False,False,False,False,,,Unit 2 was traveling South bound on Gay Street. Unit 1 was stopped at the stop sign at the intersection of 4th and Gay Street facing West bound. Unit 1 failed to yield for on coming traffic and pulled into the intersection; which caused unit 2 to strike unit 1.,Police,False,1/4/2023 10:04:00 AM,1/4/2023 10:04:00 AM,1/4/2023 10:10:00 AM,1/4/2023 10:53:00 AM,,,Tori Galloway,219,James Davis,168,False,,,Straight Level,Wet,Blacktop; Bituminous; Asphalt,0,0,49,False,False,False,False,False,False,False,False,False,False,True,False,False,False,False,False,False
	2230040023,20233000575,Serious Injury Suspected,,13th St / Gay St,False,True,True,True,False,False,False,	07302,2,2,Scioto County,City,Portsmouth,1/4/2023 9:17:00 AM,64304,38.740850,-82.994080,Federal US Route,23,,Gay,Street,,,,,,,13th,Intersection,Street,True,4,False,On Roadway,Angle,Rain,Daylight,False,False,False,False,,,Unit #2 was traveling north on Gay St. Unit #1 traveled east on 13th St. crossing the traffic lane of Gay St. Unit #1 struck Unit #2 in the right side.,Police,False,1/4/2023 9:17:00 AM,1/4/2023 9:17:00 AM,1/4/2023 9:19:00 AM,1/4/2023 11:01:00 AM,,160,Jeremy German,225,James Davis,168,False,,,Straight Level,Wet,Blacktop; Bituminous; Asphalt,0,0,104,False,False,False,False,False,True,False,False,False,True,False,False,False,False,False,False,False
	2300548,20233000576,Property Damage Only,,,False,True,True,True,True,False,False,	05201,4,1,Medina County,City,BRUNSWICK,1/4/2023 7:19:46 AM,9680,41.250162,-81.823831,,,,HADCOCK,Road,,,,,,,ALICE,Intersection,Avenue,True,3,False,On Roadway,Rear-end,Cloudy,Dawn/Dusk,False,False,False,False,,,Unit #4 was traveling south on Hadcock Rd and came to a stop in traffic at the intersection of Alice Ave. Unit #3 was also south on Hadcock Rd; was directly behind unit #4; and came to a stop behind unit #4. Unit #2 was south on Hadcock Rd and was directly behind unit #3. Unit #2 was slowing in traffic upon the approach to unit #3. Unit #1 was heading south on Hadcock Rd in the 900 block area. Unit #1 began to close distance on slowing unit #2. Unit #1 did not stop and struck unit #2 in the rear end. The force of the impact was great enough to have pushed unit #2 into unit #3; then unit #3 into unit #4.,Police,False,1/4/2023 7:19:46 AM,1/4/2023 7:21:38 AM,1/4/2023 7:27:07 AM,1/4/2023 8:12:57 AM,55,55,GEORGE KELEMAN,4016,MICHAEL J MATHEIS,3007,False,,,Straight Grade,Wet,Concrete,0,0,106,False,False,False,False,False,False,True,False,False,False,True,True,False,False,False,False,False
	2300007,20233000577,Serious Injury Suspected,,ZONE 1,False,False,False,False,False,False,False,	01831,2,2,Cuyahoga County,City,MIDDLEBURG HEIGHTS,1/4/2023 11:50:00 AM,49644,41.371980,-81.827193,,,East,BAGLEY RD,Road,,,,,,,18070,House Number,,False,,False,On Roadway,Angle,Rain,Daylight,False,False,False,False,,,Unit 1 was traveling westbound on Bagley Road in the through lane near 18070 Bagley Road. Unit 2 was traveling southbound; exiting private drive of 18070 Bagley Road. Unit 2 attempted to enter onto Bagley Road to head eastbound. Unit 2 failed to yield to Unit 1 and struck Unit 1 on the right side.,Police,False,1/4/2023 11:50:31 AM,1/4/2023 11:51:14 AM,1/4/2023 11:54:00 AM,1/4/2023 12:15:00 PM,30,0,SGT SANTIAGO,704,SGT SANTIAGO,704,False,,,Straight Level,Wet,Concrete,0,0,54,False,False,False,False,False,False,False,False,False,False,True,True,False,False,False,False,False
	2023-30000202,20233000579,Property Damage Only,,,False,True,True,False,True,False,False,	02101,2,1,Delaware County,City,Delaware,1/4/2023 6:56:00 AM,21434,40.298801,-83.067772,Federal US Route,36,East,WILLIAM,Street,,,,,,North, SANDUSKY,Intersection,Street,True,4,False,On Roadway,Angle,Cloudy,Dark - Lighted Roadway,False,False,False,False,,,     Deputy Cox from the Delaware County Sheriff Office was in his cruiser stopped facing east at the red light on W. William St. at S. Sandusky St.  His cruiser DVR recorded the crash.  Unit 1 was traveling south on N. Sandusky St. in the left turn lane preparing to turn left (east) onto E. William St.  Unit 2 was traveling north on S. Sandusky St. approaching the E. William St. intersection; planning to continue straight (north).  Unit 1 had a vehicle in front of her turn left and unit 1 followed.  Unit 1's driver said that her light had been green but there was no green turn arrow.  Unit 1 proceeded to turn in front of the oncoming unit 2; which was unable to stop in time before striking unit 1.  Unit 2's driver and passenger said that their light had been green.  Unit 1 was moved to a parking lot and the driver indicated she would likely be calling AAA for a tow at a later time.,Police,False,1/4/2023 6:56:00 AM,1/4/2023 6:58:00 AM,1/4/2023 7:10:00 AM,1/4/2023 8:00:00 AM,45,45,49 - Parker; Matthew,49,10 - Claar; Donald,10,False,,,Straight Level,Wet,Blacktop; Bituminous; Asphalt,0,0,107,False,False,False,False,False,False,False,False,False,False,True,False,False,False,False,False,False
	23010422701207,20233000580,Property Damage Only,,SCOTT PARK,False,False,False,False,False,False,False,	04807,2,1,Lucas County,City,TOLEDO,1/4/2023 12:07:00 PM,77000,41.685840,-83.622450,,,,SECOR,Road,,,,,,,3620,House Number,,False,,False,On Roadway,Angle,Cloudy,Daylight,False,False,False,False,,,     UNIT #1 WAS S/B ON SECOR ATTEMPTING TO TURN INTO THE LOT OF 3620 SECOR.  UNIT #1 STATED ONE CAR WAVED HIM ON TO TURN; BUT WHEN HE TURNED UNIT #2 WHO WAS ON SECOR IN RIGHT STRAIGHT LANE AND MOVING FORWARD WITH THE RIGHT OF WAY STRUCK HIM AS HE TURNED.      NO REPORTED INJURIES OR TOWS.,Police,False,1/4/2023 12:07:00 PM,1/4/2023 12:08:00 PM,1/4/2023 12:16:00 PM,1/4/2023 1:10:00 PM,,,TROY NILES,2270,TIMOTHY HANUS,1925,False,,,Straight Level,Wet,Blacktop; Bituminous; Asphalt,0,0,62,False,False,False,False,False,False,False,False,False,False,False,False,False,False,False,False,False
	23010423351113,20233000581,Property Damage Only,,CENTRAL,False,False,False,False,False,False,False,	04807,2,1,Lucas County,City,TOLEDO,1/4/2023 11:13:00 AM,77000,41.686850,-83.526850,,,,STICKNEY,Avenue,,,,,,East,MANHATTAN,Intersection,Boulevard,True,4,False,On Roadway,Sideswipe; opposite direction,Cloudy,Daylight,False,False,False,False,,,Unit 02 was going E/B on E. Manhattan. Unit 01 was going S/B on Stickney and ran a red light striking Unit 02 on the left side. Unit 01 failed to show proof of insurance.,Police,False,1/4/2023 11:13:00 AM,1/4/2023 11:17:00 AM,1/4/2023 11:24:00 AM,1/4/2023 12:55:00 PM,,,JEFFREY LEPIARZ,2335,TIMOTHY HANUS,1925,False,,,Straight Level,Wet,Blacktop; Bituminous; Asphalt,0,0,98,False,False,False,False,False,False,False,False,False,False,False,False,False,False,False,False,False
	23010424480750,20233000582,Property Damage Only,Unsolved,CENTRAL,False,False,False,False,False,False,False,	04807,2,2,Lucas County,City,TOLEDO,1/4/2023 7:50:00 AM,77000,41.698440,-83.548280,Federal US Route,24,North,DETROIT,Avenue,,,,,,,LAGRANGE,Intersection,Street,True,3,False,On Roadway,Sideswipe; same direction,Cloudy,Dark - Lighted Roadway,False,False,False,False,,,Unit 1 was NB on Detroit Ave near Lagrange in the right lane.  Unit 2 was in front of unit 1.  Unit 1 changed lanes into the left lane and began passing unit 2.  Unit 2 went left of center and vehicles collided in a sideswipe manner causing damage.  Unit 2 kept driving NB on Detroit instead of stopping for the accident.  Unit 1 called 911 and they told him to report incident at a station.    This accident report was taken at the Scott Park District Station.  Officer Joe Villanueva #2448 drafted the original traffic crash report.  Delbert A. Crowley; the registered owner of Unit 2 came to the Northwest Police Station on 01/26/2022 to make a statement on a Traffic Crash Witness Statement. Mr. Crowley Stated that he was operating Unit 2 on the date and time of the accident. Mr. Crowley stated that he was operating Unit 2 northbound on N. Detroit Ave. in the curb lane. Unit 1 was behind Unit 2 Northbound on N. Detroit Ave in the curb lane. Unit 2 passed a slow moving semi and moved into the middle lane of travel. Unit 2 returned to the curb lane after passing the semi and was struck by Unit 1.  This officer was unable to identify the at fault driver due to conflicting sequence of events given by both motorists.  Motorist 2: Delbert A. Crowley DOB: 12/12/1962 OLN: RF115418 861 S. Detroit Ave. Toledo; OH 43609 (419) 244-6267  Home Owners Insurance Policy #53-080323-00  X-Clear,Police,True,1/4/2023 7:50:00 AM,1/4/2023 10:00:00 AM,1/4/2023 10:00:00 AM,1/4/2023 10:00:00 AM,45,,DAVID MOSINIAK,2279,TIMOTHY HANUS,1925,False,,,Straight Level,Wet,Blacktop; Bituminous; Asphalt,0,0,45,False,False,False,False,False,False,False,False,False,False,True,False,False,False,False,False,False
	20230000000104,20233000583,Property Damage Only,,GLENESTE @ OLD 74,False,True,False,True,False,False,False,	01316,2,1,Clermont County,Township,UNION (TOWNSHIP OF),1/4/2023 12:48:26 PM,78288,39.100315,-84.262400,,,,GLENESTE-WITHAMSVILLE,Road,,,,,,,OLD74,Intersection,Pike,False,,False,On Roadway,Rear-end,Clear,Daylight,False,False,False,False,,,Unit#1 and Unit#2 were traveling North on Gleneste-Withamsville Rd approaching the intersection of Old 74.  Unit#1 failed to maintain a safe distance from Unit#2 and while checking crossing traffic; struck the rear of Unit#2 causing damage.,Police,False,1/4/2023 12:48:26 PM,1/4/2023 12:50:29 PM,1/4/2023 12:53:34 PM,1/4/2023 1:29:00 PM,0,0,Puckett; Keith,37,Wagner; Richard J,79,False,,,Straight Level,Dry,Blacktop; Bituminous; Asphalt,0,0,39,False,False,False,False,False,False,False,False,False,False,False,False,False,False,False,False,False
	2023-00000168,20233000584,Property Damage Only,,,False,True,False,True,False,False,False,	07700,2,1,Summit County,City,Northfield Center (Township of),1/1/2023 5:10:00 PM,56490,41.314093,-81.538336,,,East,AURORA,Road,25.00,Feet,North,,,, 14,House Number,,True,5,False,On Roadway,Rear-end,Rain,Dark - Lighted Roadway,False,False,False,False,,,Units #1 and Unit #2 were both traveling Westbound on East Aurora Road.  Unit #2 was stopped in traffic; when Unit #1 failed to maintian assured clear distance ahead and struck Unit #2. ,Police,False,1/1/2023 5:13:00 PM,1/1/2023 5:17:00 PM,1/1/2023 5:17:00 PM,1/1/2023 5:57:00 PM,0,0,1500 - Lowe; Justin,1500,1201 - Boyd; Christopher,1201,False,,,Straight Level,Wet,Blacktop; Bituminous; Asphalt,0,0,40,False,False,False,False,False,False,False,False,False,True,True,False,False,True,False,False,False
	2023-00000210,20233000585,Property Damage Only,,,False,True,False,True,False,False,False,	07700,1,1,Summit County,Township,Coventry (Township of),1/1/2023 8:22:00 PM,19036,40.990734,-81.493644,Interstate Route (Turnpike is also IR),77,,,,,,,,,, 120.4,Mile Post,Milepost,False,,False,On Roadway,Not Collision Between Two Vehicles in Transport,Rain,Dark - Lighted Roadway,False,True,False,False,Lane Shift/Crossover,Activity Area,Unit #1 was traveling Northbound on I77 and struck the guardrail that seperates the 3 lanes of travel. ,Police,False,1/1/2023 8:22:00 PM,1/1/2023 8:24:00 PM,1/1/2023 8:33:00 PM,1/1/2023 8:56:00 PM,0,0,0882 - Woodyard; Bailey,0882,0605 - Cucuz; Milorad,0605,True,North,Divided; Raised Median (Any type),Curve Level,Wet,Blacktop; Bituminous; Asphalt,0,0,32,False,False,False,False,False,False,False,False,False,False,True,False,False,False,False,False,False
	2023-00000470,20233000588,Property Damage Only,,,False,True,False,True,False,False,False,	07700,2,2,Summit County,City,Akron,1/2/2023 7:25:00 PM,1000,41.028752,-81.526979,,,South,MAIN,Street,,,,,,East, WATERLOO,Intersection,Road,True,4,False,On Roadway,Sideswipe; same direction,Fog; Smog; Smoke,Dark - Lighted Roadway,False,False,False,False,,,Unit #1 was westbound on Waterloo Road coming to the intersection at South Main Street. Unit #2 was westbound in the left turn lane at the intersection of Waterloo Road and South Main Street. Unit #1 was going straight through the intersection with a green light. Unit #2 made a improper lane change and struck Unit #1. Unit #2 failed to maintain the Rule for Marked Lanes.  ,Police,False,1/2/2023 7:29:00 PM,1/2/2023 7:29:00 PM,1/2/2023 7:29:00 PM,1/2/2023 8:05:00 PM,15,15,0799 - Weathers; Jerrime,0799,0605 - Cucuz; Milorad,0605,False,,,Straight Level,Wet,Blacktop; Bituminous; Asphalt,0,0,51,False,False,False,False,False,False,False,False,False,True,True,False,False,True,False,False,False
	20230000000036,20233000590,Property Damage Only,,,False,True,False,False,False,False,False,	03902,1,98,Huron County,City,NORWALK,1/3/2023 6:21:50 PM,57302,41.247060,-82.588091,,,,CLEVELAND,Road,,,,,,,240 CLEVELAND,House Number,,False,,False,On Roadway,Not Collision Between Two Vehicles in Transport,Cloudy,Dark - Lighted Roadway,False,False,False,False,,,     Unit 1 was traveling west on Cleveland Road and struck a deer in front of 240 Cleveland Road.  Capt. T. Cook/952,Police,False,1/3/2023 6:21:50 PM,1/3/2023 6:24:59 PM,1/3/2023 6:25:27 PM,1/3/2023 6:52:54 PM,30,0,COOK; THOMAS R,N952,COOK; THOMAS R,N952,False,,,Straight Level,Wet,Blacktop; Bituminous; Asphalt,0,0,58,True,True,False,False,False,False,False,False,False,True,False,False,False,False,False,False,False
	202300006,20233000593,Property Damage Only,,OLD HIGHLAND DR,False,True,False,True,False,False,False,	01808,2,1,Cuyahoga County,City,Brecksville,1/3/2023 4:06:00 PM,8364,41.320190,-81.631915,,,,HIGHLAND,Drive,,,,,,,OLD HIGHLAND,Intersection,Drive,True,3,False,On Roadway,Angle,Cloudy,Daylight,False,False,False,False,,,UNIT 2 TRAVELING N/B ON HIGHLAND DR IN THE ONLY N/B LANE OF TRAVEL WITHIN THE INTERSECTION OF HIGHLAND DR AND OLD HIGHLAND DR. UNIT 1 TRAVELING W/B ON OLD HIGHLAND DR STOPPED AT THE STOP SIGN AT THE INTERSECTION OF HIGHLAND DR. AND OLD HIGHLAND DR. UNIT 1 FAILED TO YIELD THE RIGHT AWAY AND WHILE ATTEMPTING A RIGHT HAND TURN; SUBSEQUENTLY STRUCK UNIT 2 IN THE PASSENGER SIDE REAR QUARTER PANEL/TIRE.,Police,False,1/3/2023 4:06:00 PM,1/3/2023 4:08:00 PM,1/3/2023 4:13:00 PM,1/3/2023 4:35:00 PM,8,,K KORINEK,1867,R JOHNSON,1849,False,,,Straight Level,Wet,Blacktop; Bituminous; Asphalt,0,0,35,False,False,False,False,False,False,False,False,False,True,False,False,False,True,False,False,False
	CR-2023-000002,20233000594,Property Damage Only,,Malta Hill Rd.,False,False,False,False,False,False,False,	05800,1,98,Morgan County,Township,Malta (Township of),1/3/2023 8:45:00 AM,46984,39.637531,-81.874290,Numbered County Route,4,,Malta Hill Rd.,Road,15.00,Feet,East,,,,2434,House Number,,True,2,False,On Roadside,Not Collision Between Two Vehicles in Transport,Rain,Dawn/Dusk,False,False,False,False,,,Unit one was traveling west on Malta hill Rd. in Malta township Morgan County Ohio. As unit one approached the driveway to 2434 Malta hill Rd. a deer ran out in front of unit one. Unit one tried to stop but was unable to before clipping the deer with the right front corner doing light damage. ,Police,False,1/3/2023 8:45:00 AM,1/3/2023 8:45:00 AM,1/3/2023 8:45:00 AM,1/3/2023 9:15:00 AM,0,0,Fisher; James R.,5809,Fisher; James R.,5809,False,,,Straight Level,Wet,Blacktop; Bituminous; Asphalt,0,0,30,True,True,False,False,False,False,False,False,False,False,False,False,False,False,False,True,False
	230007242,20233000595,Property Damage Only,,50 POLICE VEHICLE ,False,False,False,False,False,False,False,	COP00,2,1,Franklin County,City,Columbus,1/3/2023 5:20:00 PM,18000,39.988991,-82.980672,,,,Peters,Avenue,160.00,Feet,South,,,,Leona,Intersection,Avenue,False,,False,On Roadway,Not Collision Between Two Vehicles in Transport,Rain,Dawn/Dusk,False,False,False,False,,,Driver of Unit 1 was operating the vehicle in emergency response to a police barricade.  Driver of Unit 1 stated he was northbound on Peters Ave; south of Leona Ave making a left turn into the alley when he struck Unit 2.  The individual in possession of Unit 2 stated he would contact his supervisor and have the vehicle towed at a later time.,Police,False,1/3/2023 5:20:00 PM,1/3/2023 5:20:00 PM,1/3/2023 5:20:00 PM,1/3/2023 5:20:00 PM,,,MURRAY; MARK,2839,LOVELL; JOSEPH,5300,False,,,Straight Level,Wet,Blacktop; Bituminous; Asphalt,0,0,0,False,False,False,False,False,False,False,False,False,False,False,False,False,False,False,False,False
	2023-00000056,20233000596,Property Damage Only,,,False,True,False,True,False,False,False,	04701,2,1,Lorain County,City,Amherst,1/3/2023 9:57:00 AM,1798,41.414842,-82.207462,State Route,2,,STATE ROUTE 2,Highway,200.00,Feet,East,State Route,58,,Leavitt,Intersection,Road,True,3,True,Off ramp,Rear-end,Rain,Daylight,False,False,False,False,,,Unit 1 and Unit 2 were traveling westbound on State Route 2 and took the off ramp for Exit 164; for State Route 58.  Unit 1 failed to provide assured clear distance ahead and struck Unit 2 while slowing down for traffic.   ,Police,False,1/3/2023 9:57:00 AM,1/3/2023 9:57:00 AM,1/3/2023 10:00:00 AM,1/3/2023 10:30:00 AM,30,0,Terry Lepisto,093,Jacob Waryu,145,True,West,Other/Unknown,Straight Level,Wet,Blacktop; Bituminous; Asphalt,0,0,63,False,False,False,False,False,False,False,False,False,False,False,False,False,False,False,False,False
	230007803,20233000597,Property Damage Only,Solved,111,False,False,False,False,False,False,False,	COP00,2,1,Franklin County,City,Columbus,1/3/2023 4:30:00 PM,18000,39.952050,-82.982400,,,,Parsons,Avenue,25.00,Feet,South,,,East,Livingston,Intersection,Avenue,True,4,False,On Roadway,Rear-end,Other/Unknown,Daylight,False,False,False,False,,,Unit #2 was driving northbound on Parsons Avenue in the furthest right lane when it stopped for the traffic light at East Livingston Avenue. Unit #1 was driving immediately behind Unit #2 when; for some unknown reason; rear ended Unit #2 causing disabling damage to Unit #2. Unit #1 then left the scene without exchanging information. Unit #2 followed Unit #1 when it finally pulled over at Weldon & Gebert. The driver; a white male with tattoos on his arms and one under his left eye; frantically showed Unit #2 driver the State Farm insurance information for the vehicle. Unit #2 driver took pictures of the insurance and the GMC Acadia. Unit #1 driver left the scene without exchanging information. Unit #1 should have significant front end damage. FOLLOW UP INFO: Officer Banks contacted the registered owner who told him the name of the driver. Officer Banks contacted Westerville PD due to Amanda telling them that her vehicle had been stolen; in which she recanted and said it wasnt; Westerville PD Report #23-217. The GMC Acadia; Unit #1; was impounded out of another Hit/Skip; CPD Incident ##########. The driver was identified by Amanda via his Ohio ID picture. The GMC Acadia was impounded and transported to the CPD Impound Lot. Due to Amanda identifying the driver as Richard Fate; Officer Banks filed a warrant for his arrest for the car crash. ,Police,False,1/3/2023 9:19:00 PM,1/3/2023 11:48:00 PM,1/3/2023 11:53:00 PM,1/4/2023 12:24:00 AM,30,,BANKS; CODY,2953,SZABO; PAUL,5236,False,,,Straight Level,Wet,Blacktop; Bituminous; Asphalt,0,0,66,False,False,False,False,False,False,False,False,False,False,False,False,False,False,False,False,False