LocalReportNumber,DocumentNumber,CrashSeverity,HitSkip,LocalInformation,SecondaryCrash,PhotosTaken,OH2,OH3,OH1P,OHOther,PrivateProperty,ReportingAgencyNCIC,NumberOfUnits,UnitInError,County,InCityVillageTownship,CityVillageTownshipName,CrashDateTime,FIPSPlaceCode,Latitude,Longitude,LocationRouteType,LocationRouteNumber,LocationPrefix,LocationRoadName,LocationRoadType,DistanceFromReference,DistanceReferenceMeasurement,DirectionFromReference,ReferenceRouteType,ReferenceRouteNumber,ReferencePrefix,ReferenceName,ReferencePointUsed,ReferenceRoadType,IntersectionOrApproachRelated,NumberOfApproaches,WithinInterchangeArea,LocationFirstHarmfulEvent,MannerOfCollision,Weather,LightCondition,ActiveSchoolZoneRelated,WorkZoneRelated,WorkersPresent,LawEnforcementPresentInWorkZone,WorkZoneType,WorkZoneLocation,Narrative,ReportTakenBy,Supplement,CrashReportedDateTime,DispatchedDateTime,ArrivedDateTime,SceneClearedDateTime,OtherInvestigationTime,TotalTimeRoadwayClosed,OfficerName,OfficerBadgeNumber,CheckedByOfficerName,CheckedByBadgeNumber,RoadwayDivided,DividedLaneTravelDirection,DividedMedianType,RoadContour,RoadCondition,RoadSurface,TotalInjured,TotalKilled,TotalMinutes,AnimalRelated,AnimalDeerRelated,AlcoholRelated,DrugRelated,BicycleRelated,MotorCycleRelated,SpeedRelated,PedestrianRelated,SemiTruckRelated,SmallTruckRelated,YouthRelated,TeenRelated,DUI21Related,SeniorRelated,FatalNotReportable,CommercialRelated,CommercialAtFault
	2023-00000303,20233000804,Property Damage Only,Unsolved,RAMP L,False,True,True,True,False,False,False,	02911,2,1,Greene County,City,Beavercreek,1/4/2023 6:34:00 PM,4720,39.695700,-84.095330,,,,INDIAN RIPPLE,Road,50.00,Feet,South,Interstate Route (Turnpike is also IR),675,,,Intersection,,True,3,False,Off ramp,Rear-end,Clear,Daylight,False,False,False,False,,,Unit 1 was traveling northbound on IR 675 and exited off the exit ramp toward Indian Ripple Rd.; when they failed to assure clear distance ahead. Unit 1 struck the rear bumper of Unit 2; who was stopped at the intersection.   On January 4; 2023 at approximately 1905 hours; I was dispatched to exit Ramp L and Indian Ripple Rd.; reference a hit skip crash.  Upon arrival; I made contact with Hee Oh; who advised while exiting off of IR 675 northbound she was awaiting to turn right on Indian Ripple Rd.; her vehicle (EVP1885) was struck in the rear. Hee stated a male from the at fault vehicle came up to make sure she was okay and told her to pull into a church parking lot nearby. Hee did not get the males name or phone number. Hee advised she drove over to the parking lot but Unit 1 continued to drive eastbound on Indian Ripple Rd. Hee was not able to give any sort of vehicle description for this report. I checked with nearby businesses but none had outside cameras.  I collected photographs for this report and placed them on the BPD server.   ,Police,False,1/4/2023 6:34:00 PM,1/4/2023 6:44:00 PM,1/4/2023 6:59:00 PM,1/4/2023 7:50:00 PM,,,Kaleigh E Bernt,B139,Brad T Piasecki,B79,True,North,Divided Flush Median (Less than 4 feet),Curve Grade,Dry,Blacktop; Bituminous; Asphalt,0,0,66,False,False,False,False,False,False,False,False,False,False,False,False,False,False,False,False,False
	2023-00000290,20233000805,Property Damage Only,,,False,False,False,True,False,False,False,	02911,2,1,Greene County,City,Beavercreek,1/4/2023 2:16:00 PM,4720,39.756673,-84.053887,,,North,FAIRFIELD,Road,25.00,Yards,East,,,,2309,House Number,,False,,False,On Roadway,Angle,Cloudy,Daylight,False,False,False,False,,,UNIT 2 WAS TRAVELING SOUTHBOUND ON N FAIRFIELD. UNIT 1 WAS IN THE PARKING LOT OF GOODWILL ON N FAIRFIELD. UNIT 2 WAS PASSING GOODWILL WHEN UNIT 1 TURNED OUT OF THE PARKING LOT OF GOODWILL. UNIT 2 STRUCK UNIT 1.   ,Police,False,1/4/2023 2:16:00 PM,1/4/2023 2:18:00 PM,1/4/2023 2:24:00 PM,1/4/2023 3:18:00 PM,0,0,Curtis M L Kimmerly,B148,Brad T Piasecki,B79,True,South,Divided; Raised Median (Any type),Straight Grade,Dry,Blacktop; Bituminous; Asphalt,0,0,60,False,False,False,False,False,False,False,False,False,True,True,False,False,False,False,False,False
	2023-00000544,20233000806,Property Damage Only,,,False,False,False,False,False,False,False,	02506,2,1,Franklin County,City,Grove City,1/4/2023 4:26:00 PM,32592,39.860046,-83.090492,,,,ORDERS,Road,,,,,,, HAUGHN,Intersection,Road,True,4,False,On Roadway,Angle,Clear,Daylight,False,False,False,False,,,Unit 2 was traveling from South to North in the roundabout. Unit 1 was entering the roundabout from East to West. Unit 1 failed to yield the right of way to traffic in the roundabout and struck the passenger side of Unit 2.,Police,False,1/4/2023 4:26:00 PM,1/4/2023 4:32:00 PM,1/4/2023 4:43:00 PM,1/4/2023 5:05:00 PM,40,40,1671 - WILHELM; SHANNON,1671,1633 - Smith; Joshua,1633,False,,,Curve Level,Dry,Blacktop; Bituminous; Asphalt,0,0,73,False,False,False,False,False,False,False,False,False,False,False,False,False,True,False,False,False
	202300045,20233000808,Property Damage Only,,,False,False,False,False,False,False,False,	03144,2,1,Hamilton County,Township,Green (Township of),1/3/2023 7:53:00 AM,31752,39.201621,-84.658397,,,,Sheed Rd,Road,,,,,,,5740,House Number,,False,,False,On Roadway,Angle,Rain,Dawn/Dusk,False,False,False,False,,,Unit 1 was traveling W/B on Sheed Rd when she failed to maintain control of her vehicle on a bend in the road and went left of center striking Unit 2 who was traveling E/B On Sheed Rd.  No injuries were reported.,Police,True,1/3/2023 7:53:00 AM,1/3/2023 7:56:00 AM,1/3/2023 8:03:00 AM,1/3/2023 8:40:00 AM,,,JP Berger,9Rberg,Jake Richmond,9Rrich,False,,,Curve Grade,Wet,Blacktop; Bituminous; Asphalt,0,0,44,False,False,False,False,False,False,False,False,False,False,True,False,False,False,False,False,False
	202300053,20233000809,Property Damage Only,,SKYLINE,False,False,False,False,False,False,False,	03144,2,1,Hamilton County,Township,Green (Township of),1/3/2023 3:13:00 PM,31752,39.188230,-84.602230,,,,WEST FORK,Road,5.00,Yards,West,,,,NORTH BEND,Intersection,Road,True,4,False,On Roadway,Rear-end,Cloudy,Daylight,False,False,False,False,,,Unit#2 was traveling eastbound on West Fork Rd in the left turn lane just West of North Bend Rd when it was slowing / stopped in traffic for a red light. Unit#1 was traveling eastbound on West Fork Rd in the left turn lane directly behind Unit#2. Unit#1 failed to maintain assured clear distance ahead; striking the rear of Unit#2 causing minor damage to both Units.   No injuries reported at time of crash.,Police,False,1/3/2023 3:13:00 PM,1/3/2023 3:16:00 PM,1/3/2023 3:26:00 PM,1/3/2023 3:43:00 PM,,,Matt Sturgill,9Rstur,Jake Richmond,9Rrich,False,,,Straight Grade,Wet,Blacktop; Bituminous; Asphalt,0,0,27,False,False,False,False,False,False,False,False,False,False,False,False,False,True,False,False,False
	202300063,20233000810,Property Damage Only,,WWNB / NORTHBEND,False,False,False,False,False,False,False,	03144,2,2,Hamilton County,Township,Green (Township of),1/4/2023 7:47:00 AM,31752,39.164600,-84.606000,,,,Westwood Northern,Boulevard,,,,,,,North Bend,Intersection,Road,True,4,False,On Roadway,Head-on,Rain,Dawn/Dusk,False,False,False,False,,,UNIT 1 WAS TRAVELING WB ON WESTWOOD NORTHERN BLVD AT NORTH BEND ROAD WHEN UNIT 2 FAILED TO YIELD WHILE MAKEING THE LEFT TURN; CAUSING UNIT 1 TO STRIKE UNIT 2.,Police,False,1/4/2023 7:47:00 AM,1/4/2023 7:50:00 AM,1/4/2023 7:57:00 AM,1/4/2023 8:22:00 AM,,,Ryan Martin,8rmart,Daniel Jackson,9rjack,False,,,Straight Grade,Wet,Blacktop; Bituminous; Asphalt,0,0,32,False,False,False,False,False,False,False,False,False,False,False,False,False,False,False,False,False
	202300071,20233000811,Property Damage Only,,,False,False,False,False,False,False,False,	03144,2,2,Hamilton County,Township,Green (Township of),1/4/2023 5:37:00 PM,31752,39.180552,-84.604341,,,,North Bend,Road,,,,,,,5159,House Number,,False,,False,On Roadway,Sideswipe; same direction,Clear,Daylight,False,False,False,False,,,Gary (DRI; Unit 1) advised he was stopped in traffic southbound on North Bend Rd at Mercy Health Blvd in the left through lane. Gary advised Unit 2 was behind Unit 1. While Unit 2 changed into the left turn lane the passenger's mirror struck the side of Unit 1 causing damage. Unit 2 continued to the front entrance of Mercy West; and was followed by Unit 1. Danielle (DRI; Unit 2) stated she did not know the accident occurred; but did adjust her mirror into place.,Police,False,1/4/2023 5:37:00 PM,1/4/2023 5:40:00 PM,1/4/2023 5:45:00 PM,1/4/2023 5:57:00 PM,,,Kyle Riffe,9rriff,Ben Moore,9rmoor,False,,,Straight Level,Dry,Blacktop; Bituminous; Asphalt,0,0,17,False,False,False,False,False,False,False,False,False,False,False,False,False,False,False,False,False
	23-00219,20233000813,Property Damage Only,,,False,False,False,False,False,False,False,	07807,2,2,Trumbull County,City,WARREN,1/4/2023 11:41:00 AM,80892,41.236703,-80.778454,,,East,MARKET,Street,,,,,,,EASTLAND,Intersection,Avenue,False,,False,On Roadway,Rear-end,Rain,Daylight,False,False,False,False,,,Unit 1 was stopped at the red light on E Market St at Eastland Ave facing W/B in center lane.  Unit 2 was traveling W/B on E Market St in center lane.  Unit 2 failed to stop in an assured clear distance and crashed into the rear of unit 1.,Motorist,False,1/4/2023 11:41:00 AM,1/4/2023 11:52:00 AM,1/4/2023 11:53:00 AM,1/4/2023 12:12:00 PM,45,0,2199,4665,611,4656,False,,,Straight Level,Wet,Blacktop; Bituminous; Asphalt,0,0,65,False,False,False,False,False,False,False,False,False,False,False,False,False,True,False,False,False
	23-00230,20233000814,Property Damage Only,,,False,False,False,False,False,False,False,	07807,2,2,Trumbull County,City,WARREN,1/4/2023 2:57:00 PM,80892,41.236960,-80.767094,,,East,MARKET,Street,20.00,Feet,North,,,,3920,House Number,,False,,False,On Roadway,Angle,Rain,Daylight,False,False,False,False,,,Unit 1 was traveling East in the center Lane of East Market St. near 3920 E Market St. Unit 2 was pulling out of the parking lot of 3920 to turn West onto East Market St. Unit 2 failed to yield and pulled out in front of Unit 1. Unit 1 then struck unit 2.  ,Motorist,False,1/4/2023 2:57:00 PM,1/4/2023 2:59:00 PM,1/4/2023 3:07:00 PM,1/4/2023 3:35:00 PM,15,10,2200,4721,638,4695,False,,,Straight Level,Wet,Blacktop; Bituminous; Asphalt,0,0,51,False,False,False,False,False,False,False,False,False,True,False,False,False,False,False,False,False
	23-00240,20233000815,Minor Injury Suspected,,,False,False,False,False,False,False,False,	07807,2,1,Trumbull County,City,WARREN,1/4/2023 5:03:00 PM,80892,41.223973,-80.787316,,,,YOUNGSTOWN,Road,,,,,,,2525,House Number,,False,,False,On Roadway,Head-on,Cloudy,Dawn/Dusk,False,False,False,False,,,Unit #1 was traveling EB on Youngstown Rd. Unit #2 was traveling WB on Youngstown Rd. in the curb lane. Unit #1 attempted to make a left turn into 2525 Youngstown Rd. Unit #1 failed to yield; causing Unit #2 to strike Unit #1 causing heavy front damage to both units. Unit #1 was taken to St. Joes for injuries sustained during the accident. Unit #2 did not want checked by EMT. Unit #1 was issued a citation (#23334). Both vehicles towed to Mays Lot.,Motorist,False,1/4/2023 5:03:00 PM,1/4/2023 5:05:00 PM,1/4/2023 5:05:00 PM,1/4/2023 5:44:00 PM,35,25,3281,4744,638,4695,False,,,Straight Level,Wet,Blacktop; Bituminous; Asphalt,0,0,74,False,False,False,False,False,False,False,False,False,False,False,False,False,True,False,False,False
	23-00242,20233000816,Property Damage Only,,,False,False,False,False,False,False,False,	07807,2,2,Trumbull County,City,WARREN,1/4/2023 5:32:00 PM,80892,41.218045,-80.793569,,,,NILES,Road,0.00,Feet,North,,,,WICK,Intersection,Street,True,4,False,On Roadway,Angle,Rain,Dark - Lighted Roadway,False,False,False,False,,,Unit 1 was traveling South on Niles Rd. Approaching the intersection of Wick St. Unit 2 was traveling East on Wick St. and came to a stop at the intersection of Niles Rd. Unit 2 failed to yield and attempted to cross Niles Rd. when it was struck by Unit 1. ,Motorist,False,1/4/2023 5:32:00 PM,1/4/2023 5:40:00 PM,1/4/2023 5:42:00 PM,1/4/2023 6:23:00 PM,15,,2200,4721,638,4695,False,,,Straight Level,Wet,Blacktop; Bituminous; Asphalt,0,0,58,False,False,False,False,False,False,False,False,False,False,False,False,False,True,False,False,False
	2023-00000332,20233000817,Minor Injury Suspected,,,False,False,False,False,False,False,False,	04306,2,2,Lake County,City,Mentor,1/4/2023 2:48:00 PM,49056,41.646507,-81.340342,State Route,615,,CENTER,Street,,,,Interstate Route (Turnpike is also IR),90,,,Intersection,,True,2,True,On Roadway,Sideswipe; same direction,Rain,Daylight,False,False,False,False,,,Unit #1 was n/b on SR615 (Center St) in the left lane over IR90. Unit #2 was n/b on SR615 (Center St) in the right lane over IR90.  Unit #2 failed to maintain a safe distance between vehicles while switching lanes and struck the front left of Unit #1 with the left side of Unit #2.   Driver of Unit #1 complained of lower back pain and refused rescue on scene.   ,Police,False,1/4/2023 2:48:00 PM,1/4/2023 2:50:00 PM,1/4/2023 3:02:00 PM,1/4/2023 3:57:00 PM,,,Nicholas Zevnik,499,Timothy L Allen,305,False,,,Straight Grade,Wet,Concrete,0,0,67,False,False,False,False,False,False,False,False,False,False,False,False,False,True,False,False,False
	23-0000156,20233000819,Property Damage Only,,,False,True,False,False,False,False,False,	07803,2,1,Trumbull County,Township,Liberty (Township of),1/4/2023 7:21:00 PM,43344,41.155197,-80.631531,,,,LOGANGATE,Road,0.00,Feet,North,,,,MONTICELLO,Intersection,Drive,True,4,False,On Roadway,Angle,Rain,Dark - Lighted Roadway,False,False,False,False,,,UNIT #2 WAS STOPPED AT THE STOP SIGN AT MONTICELLO DRIVE AND LOGAN GATE ROAD. UNIT #1 ATTEMPTED TO TURN LEFT OFF OF LOGAN GATE ROAD AND STRUCK THE CENTER FRONT OF UNIT #2 WITH THE DRIVER SIDE FRONT OF UNIT #1.,Police,False,1/4/2023 7:21:00 PM,1/4/2023 7:23:00 PM,1/4/2023 7:26:00 PM,1/4/2023 7:58:00 PM,,,CHRISTOPHER WALLA,924,GEORGE BEDNAR,912,False,,,Straight Grade,Wet,Blacktop; Bituminous; Asphalt,0,0,35,False,False,False,False,False,False,False,False,False,False,False,False,False,True,False,False,False
	2023-00000421,20233000820,Property Damage Only,,,False,False,False,False,False,False,False,	04306,1,98,Lake County,City,Mentor,1/5/2023 6:04:00 AM,49056,41.694144,-81.308415,,,,HEISLEY,Road,50.00,Feet,North,,,,HAMILTON,Intersection,Drive,True,4,False,On Roadway,Not Collision Between Two Vehicles in Transport,Clear,Dark - Lighted Roadway,False,False,False,False,,,Unit #1 was s/b on Heisley Rd in the right s/b lane traveling at 35 mph. Unit #1 was just north of the Hamilton Dr intersection. Unit #1; while coming down the hill; struck a deer that ran in front of her and was walking in the right hand lane. Unit #1 did not have time to avoid the deer. This caused functional damage to Unit #1.   ,Police,False,1/5/2023 6:04:00 AM,1/5/2023 6:05:00 AM,1/5/2023 6:11:00 AM,1/5/2023 6:45:00 AM,0,0,Jacob Dylan Jones,10111,John Smelcer,437,False,,,Straight Level,Dry,Concrete,0,0,40,True,True,False,False,False,False,False,False,False,False,True,True,False,False,False,False,False
	2300322,20233000823,Property Damage Only,,,False,True,False,False,False,False,False,	07714,2,2,Summit County,City,Twinsburg,1/4/2023 12:00:00 AM,78050,41.307675,-81.440074,State Route,91,,DARROW,Road,,,,,,,8895,House Number,,False,,False,On Roadway,Angle,Clear,Dark - Lighted Roadway,False,False,False,False,,,Unit 01 was traveling southbound on SR 91. Unit 01 stated he was making a left turn into 8895 Darrow Rd when he was struck by unit 02. Unit 02 stated he was making a left hand turn out of 8895 Darrow Rd striking unit 01. Unit 02 stated he did not see the truck turning in front of him.,Police,False,1/4/2023 7:12:15 PM,1/4/2023 7:13:24 PM,1/4/2023 7:18:05 PM,1/4/2023 8:06:56 PM,30,0,RILEY Q POWERS,0788,PATRICK C QUINN,0763,False,,,Straight Level,Dry,Blacktop; Bituminous; Asphalt,0,0,84,False,False,False,False,False,False,False,False,False,True,False,False,False,False,False,False,False
	0104230634,20233000824,Minor Injury Suspected,,2,False,False,False,False,False,False,False,	03142,2,1,Hamilton County,Township,COLERAIN (TOWNSHIP OF),1/4/2023 3:45:00 PM,16616,39.234950,-84.627170,,,,BLUE ROCK,Road,,,,Federal US Route,126,,RONALD REAGAN,Intersection,Highway,True,3,False,On Roadway,Angle,Clear,Daylight,False,False,False,False,,,Unit 1 was exiting Ronald Reagan Highway onto Blue Rock Road. Unit 2 was traveling North on Blue Rock Road. Unit 1 failed to yield the right of way when turning left and was struck by Unit 2.,Police,False,1/4/2023 3:45:00 PM,1/4/2023 3:47:00 PM,1/4/2023 3:50:00 PM,1/4/2023 4:20:00 PM,0,,WILLIAM HANE,34,ERIC RENNER,85,False,,,Straight Level,Dry,Blacktop; Bituminous; Asphalt,0,0,33,False,False,False,False,False,False,False,False,False,False,False,False,False,True,False,False,False
	202300079,20233000825,Property Damage Only,,,False,True,False,True,False,False,False,	03123,2,1,Hamilton County,City,Montgomery,1/4/2023 5:11:00 PM,51716,39.266439,-84.356332,Interstate Route (Turnpike is also IR),71,,,,300.00,Feet,North,,,,17,Mile Post,Milepost,False,,False,On Roadway,Sideswipe; same direction,Cloudy,Daylight,False,False,False,False,,,Unit 2 was Nb on I-71 in the middle thru lane. Unit 1 was Nb on I-71 in the right thru lane. Traffic abruptly slowed in front of unit 1. Unit 1 started to change lanes and struck unit 2.,Police,False,1/4/2023 5:11:00 PM,1/4/2023 5:14:00 PM,1/4/2023 5:29:00 PM,1/4/2023 6:00:00 PM,20,,Rich Riley,4nrril,Greg Harris,4nghar,True,North,Divided; Raised Median (Any type),Straight Level,Dry,Blacktop; Bituminous; Asphalt,0,0,66,False,False,False,False,False,False,False,False,False,False,False,False,False,False,False,False,False
	0104230555,20233000826,Property Damage Only,,2,False,False,False,False,False,False,False,	03142,2,1,Hamilton County,Township,COLERAIN (TOWNSHIP OF),1/4/2023 11:44:00 AM,16616,39.262470,-84.604140,Federal US Route,27,,COLERAIN,Avenue,,,,,,,RAEANN,Intersection,Drive,True,4,False,On Roadway,Rear-end,Clear,Daylight,False,False,False,False,,,Unit 1 and Unit 2 were traveling South on Colerain Avenue approaching Raeann Drive. Unit 2 stopped for traffic; and Unit 1 failed to maintain assured clear distance ahead; striking Unit 2.,Police,False,1/4/2023 11:44:00 AM,1/4/2023 11:45:00 AM,1/4/2023 11:48:00 AM,1/4/2023 11:59:00 AM,0,,WILLIAM HANE,34,ERIC RENNER,85,True,South,Divided; Raised Median (Any type),Straight Level,Dry,Blacktop; Bituminous; Asphalt,0,0,14,False,False,False,False,False,False,False,False,False,True,False,False,False,False,False,False,False
	23B000169,20233000828,Property Damage Only,,,False,False,True,False,False,False,False,	05002,2,1,Mahoning County,Township,BOARDMAN (TOWNSHIP OF),1/4/2023 5:52:00 PM,7468,41.024280,-80.655140,Numbered County Route,155,,SOUTHERN,Boulevard,10.00,Yards,North,,,,7332 SOUTHERN BOULEVARD,House Number,,False,,False,On Roadway,Angle,Clear,Dark - Roadway Not Lighted,False,False,False,False,,,Unit 1 was East bound in the private drive of 133 Boardman-Poland Road. Unit 2 was South bound on Southern Boulevard. Unit 1 failed to yield the right of way to unit 2; attempted to turn left; stopped in the roadway; and was struck by unit 2.   the drivers of unit 1 and 2 provided written statements in regards to this incident.   The driver of unit 1 was issued citation 18068 for failure to yield from a private drive and driving under suspension. She was unable to furnish insurance information for unit 1; and stated that she does not believe that the registered owner carries insurance.   My department issued body worn camera was active while I was on scene. ,Police,False,1/4/2023 5:52:00 PM,1/4/2023 5:54:00 PM,1/4/2023 5:58:00 PM,1/4/2023 6:45:00 PM,,,JOSEPH M LAMPING,B2061,SGT. MARTIN,B2013,False,,,Straight Level,Wet,Blacktop; Bituminous; Asphalt,0,0,51,False,False,False,False,False,False,False,False,False,False,False,False,False,False,False,False,False
	2300001,20233000831,Injury Possible,,,False,False,False,True,False,False,False,	01834,2,2,Cuyahoga County,City,NORTH OLMSTED,1/1/2023 1:53:00 PM,56882,41.415673,-81.902125,State Route,252,,GREAT NORTHERN BLVD,Boulevard,5.00,Feet,North,,,,COUNTRY CLUB BLVD,Intersection,Boulevard,True,4,False,On Roadway,Angle,Cloudy,Daylight,False,False,False,False,,,Unit # 1 was NB on Great Northern Blvd in the area of Country Club Blvd in the left turn lane. Unit #2 was SB on Great Northern Blvd in the second lane. Unit #1 had a green arrow and began to turn left to head WB on Country Club Blvd. Unit #2 was unable to stop at the red light; the front right of Unit #2 struck the front right passenger door of Unit #1.,Police,False,1/1/2023 1:53:39 PM,1/1/2023 1:53:39 PM,1/1/2023 1:53:39 PM,1/1/2023 2:23:36 PM,30,0,CHRISTOPHER  KELLEY,112,ROBERT  DUNGAN,L01,False,,,Straight Level,Wet,Blacktop; Bituminous; Asphalt,0,0,60,False,False,False,False,False,False,False,False,False,False,True,True,False,False,False,False,False
	20230015,20233000833,Property Damage Only,,STOW BARLOW,False,True,False,False,False,False,False,	07705,2,2,Summit County,City,HUDSON,1/4/2023 1:55:00 PM,36651,41.210000,-81.411400,,,,STOW,Road,100.00,Feet,North,,,,BARLOW,Intersection,Road,True,4,False,On Shoulder,Rear-end,Rain,Daylight,False,False,False,False,,,Unit #1 was southbound on Stow Rd; slowing/stopped in traffic; just north of Barlow Rd.  Unit #2 was also southbound on Stow Rd; failed to maintain assured clear distance; and rear-ended Unit #1.  Damage was caused to the rear bumper / rear-end of Unit #1 and front end of Unit #2.  No injuries. Driver #2 was issued a citation for ACDA.,Police,False,1/4/2023 1:55:00 PM,1/4/2023 1:55:00 PM,1/4/2023 1:55:00 PM,1/4/2023 2:26:00 PM,30,,Brian Battaglia,108,John Dean,188,False,,,Straight Grade,Wet,Blacktop; Bituminous; Asphalt,0,0,61,False,False,False,False,False,False,False,False,False,False,True,False,False,False,False,False,False
	AP2301000115,20233000836,Property Damage Only,,CARLISLE,False,True,False,False,False,False,False,	08308,2,1,Warren County,City,Carlisle,1/4/2023 5:00:29 PM,12168,39.574667,-84.305685,,,,Central ,Avenue,100.00,Feet,North,,,,343,House Number,,False,,False,On Roadway,Rear-end,Clear,Daylight,False,False,False,False,,,I met with a Crystal Mullins; and a Dean Hill. Hill advised that he was waiting at the stop light at Central And Dayton-Oxford when a vehicle rear ended him. I than spoke with Mullins who advised that the traffic light at Central and Dayton-Oxford was backed up. Mullins advised she looked to her left for a split second; and than rear ended the vehicle in front of her. Hill advised that the accident happened in the area of Phil's Auto (343 Central Ave).  ,Police,False,1/4/2023 5:02:00 PM,1/4/2023 5:02:00 PM,1/4/2023 5:02:00 PM,1/4/2023 5:31:00 PM,,0,Matter; Nathan 1A27,1A27,Rogers; Will 1A10,1A10,False,,,Straight Grade,Dry,Blacktop; Bituminous; Asphalt,0,0,29,False,False,False,False,False,False,False,False,False,False,True,False,False,False,False,False,False
	SO2301000554,20233000837,Injury Possible,,,False,False,False,False,False,False,False,	08300,2,1,Warren County,Township,Deerfield (Township of),1/4/2023 4:42:35 PM,21238,39.310525,-84.304046,,,,DUKE,Boulevard,,,,,,,IRWIN SIMPSON,Intersection,Road,True,4,False,On Roadway,Angle,Cloudy,Daylight,False,False,False,False,,,Unit 1 was traveling Northbound on Duke Boulevard approaching Irwin-Simpson Road.  Unit 2 was approaching the same intersection traveling Westbound on Irwin-Simpson Road.  Unit 1 proceeded through a red light; striking Unit 2 in the intersection.  Both vehicles suffered disabling damage.  Driver of Unit 2 stated there was a possible injury to his lower back. ,Police,False,1/4/2023 4:43:00 PM,1/4/2023 4:43:00 PM,1/4/2023 4:55:00 PM,1/4/2023 5:42:00 PM,0,0,Palmer; Kenny 974,974,Coleman; Kennon 912,912,False,,,Straight Level,Dry,Blacktop; Bituminous; Asphalt,0,0,59,False,False,False,False,False,False,False,False,False,True,False,False,False,False,False,False,False
	SO2301000565,20233000840,Injury Possible,,,False,False,False,False,False,False,False,	08300,2,1,Warren County,Township,Deerfield (Township of),1/4/2023 6:40:00 PM,21238,39.292653,-84.313853,,,,Fields-Ertel,Road,,,,,,,Gregory,Intersection,Street,True,3,False,On Roadway,Rear-end,Clear,Dark - Roadway Not Lighted,False,False,False,False,,,Unit 1 and Unit 2 were traveling West on Fields-Ertel Road.  Unit 2 came to a stop in traffic at Gregory Street.  Unit 1 failed to assure clear distance and struck Unit 2 in the rear.  Unit 1 and Unit 2 sustained functional damage as a result of the crash.  ,Police,False,1/4/2023 6:41:22 PM,1/4/2023 6:41:00 PM,1/4/2023 6:47:00 PM,1/4/2023 7:30:00 PM,20,0,Maines; Alan 969,969,Simpson; Jack 957,957,False,,,Straight Level,Dry,Blacktop; Bituminous; Asphalt,0,0,69,False,False,False,False,False,False,False,False,False,False,False,False,False,False,False,False,False
	CR-2023-000030,20233000841,Property Damage Only,,,False,False,False,False,False,False,False,	03100,2,1,Hamilton County,Township,Anderson (Township of),1/4/2023 4:58:00 PM,1980,39.037121,-84.331995,State Route,125,,Beechmont,Avenue,,,,,,,Nagel,Intersection,Road,True,4,False,On Roadway,Angle,Clear,Dawn/Dusk,False,False,False,False,,,Unit #1 was traveling east on Beechmont Ave. attempting to turn left onto Nagel Rd. Unit #2 was traveling west on Beechmont Ave in the left lane approaching the intersection with Nagel Rd. The operator of Unit #1 stated the light changed to yellow and she began to make her left turn onto Nagel Rd. The operator of Unit #2 stated that she was not sure the color of the light due to sun glare. The operator of Unit #1 was cited for failing to yield right of way while turning left (ORC 4511.42). There were no injuries reported. ,Police,True,1/4/2023 4:58:00 PM,1/4/2023 5:01:00 PM,1/4/2023 5:04:00 PM,1/4/2023 5:44:00 PM,,,Hoover; Jonathan ,82,Maddy; Timothy ,750,False,,,Straight Level,Dry,Blacktop; Bituminous; Asphalt,0,0,43,False,False,False,False,False,False,False,False,False,False,False,False,False,True,False,False,False
	CR-2023-000032,20233000842,Property Damage Only,,,False,False,False,False,False,False,False,	03100,1,98,Hamilton County,Township,Whitewater (Township of),1/4/2023 5:55:00 PM,84938,39.187510,-84.810870,,,,Sand Run,Road,,,,,,,11035,House Number,,False,,False,On Roadway,Not Collision Between Two Vehicles in Transport,Clear,Dark - Roadway Not Lighted,False,False,False,False,,,Unit #1 was travelling westbound on Sand Run Rd; negotiating a curve in front of house #11035. As Unit #1 was travelling; a loose dog entered the roadway in front of Unit #1. Unit #1 attempted to swerve out of the way of the dog; but could not and struck the dog causing damage to the passenger side front bumper. The dog was rendered deceased upon impact. Owner of dog was contacted by Driver of Unit #1 and owner retrieved the dog.Owner of dog is William Walls of 11027 Sand Run Rd; Contact number of 513-544-0129,Police,True,1/4/2023 5:57:00 PM,1/4/2023 5:59:00 PM,1/4/2023 6:02:00 PM,1/4/2023 6:26:00 PM,0,0,Malone; Nicholas ,96,Maddy; Timothy ,750,False,,,Curve Level,Dry,Blacktop; Bituminous; Asphalt,0,0,27,True,False,False,False,False,False,False,False,False,False,False,False,False,False,False,False,False