LocalReportNumber,DocumentNumber,CrashSeverity,HitSkip,LocalInformation,SecondaryCrash,PhotosTaken,OH2,OH3,OH1P,OHOther,PrivateProperty,ReportingAgencyNCIC,NumberOfUnits,UnitInError,County,InCityVillageTownship,CityVillageTownshipName,CrashDateTime,FIPSPlaceCode,Latitude,Longitude,LocationRouteType,LocationRouteNumber,LocationPrefix,LocationRoadName,LocationRoadType,DistanceFromReference,DistanceReferenceMeasurement,DirectionFromReference,ReferenceRouteType,ReferenceRouteNumber,ReferencePrefix,ReferenceName,ReferencePointUsed,ReferenceRoadType,IntersectionOrApproachRelated,NumberOfApproaches,WithinInterchangeArea,LocationFirstHarmfulEvent,MannerOfCollision,Weather,LightCondition,ActiveSchoolZoneRelated,WorkZoneRelated,WorkersPresent,LawEnforcementPresentInWorkZone,WorkZoneType,WorkZoneLocation,Narrative,ReportTakenBy,Supplement,CrashReportedDateTime,DispatchedDateTime,ArrivedDateTime,SceneClearedDateTime,OtherInvestigationTime,TotalTimeRoadwayClosed,OfficerName,OfficerBadgeNumber,CheckedByOfficerName,CheckedByBadgeNumber,RoadwayDivided,DividedLaneTravelDirection,DividedMedianType,RoadContour,RoadCondition,RoadSurface,TotalInjured,TotalKilled,TotalMinutes,AnimalRelated,AnimalDeerRelated,AlcoholRelated,DrugRelated,BicycleRelated,MotorCycleRelated,SpeedRelated,PedestrianRelated,SemiTruckRelated,SmallTruckRelated,YouthRelated,TeenRelated,DUI21Related,SeniorRelated,FatalNotReportable,CommercialRelated,CommercialAtFault
	CR-2023-000026,20233001182,Injury Possible,,,False,False,False,False,False,False,False,	03100,2,2,Hamilton County,Township,Anderson (Township of),1/4/2023 7:25:00 AM,1980,39.072435,-84.322655,,,,Eight Mile,Road,,,,State Route,125,,Beechmont,Intersection,Avenue,True,4,False,On Roadway,Angle,Rain,Dark - Lighted Roadway,False,False,False,False,,,Unit 1 was traveling generally south on Eight Mile Rd and was crossing the intersection with SR-125 when the traffic signal turned yellow. Unit 2 was traveling generally north in the left turn lane of Eight Mile Rd and was attempting to make a left turn on SR-125 when its operated stated the light turned to yellow. Unit 2 encroached into the path of Unit 1 causing the front portion of Unit 1 to strike the front right portion of Unit 2. Unit 2 was redirected to the southwest corner of the intersection and Unit 1 was disabled in the roadway blocking the eastbound SR-125 traffic lanes. Unit 1 was struck at 0730 by another vehicle; crash report CR-2023-000027.,Police,False,1/4/2023 7:31:00 AM,1/4/2023 7:31:00 AM,1/4/2023 7:33:00 AM,1/4/2023 8:35:00 AM,,60,Maddy; Timothy ,750,Brandhorst; Jerry ,1098,False,,,Straight Level,Wet,Blacktop; Bituminous; Asphalt,0,0,64,False,False,False,False,False,False,False,False,False,False,True,True,False,False,False,False,False
	CR-2023-000027,20233001183,Injury Possible,,,True,False,False,False,True,False,False,	03100,5,2,Hamilton County,Township,Anderson (Township of),1/4/2023 7:30:00 AM,1980,39.072413,-84.322530,State Route,125,,Beechmont,Avenue,,,,,,,Eight Mile,Intersection,Road,True,4,False,On Roadway,Not Collision Between Two Vehicles in Transport,Rain,Dark - Lighted Roadway,False,False,False,False,,,Unit 1 was disabled in the intersection of Eight Mile Rd and SR-125 due to being involved in a previous crash facing in a southeasterly direction. Unit 2 was traveling generally east on SR-125 approaching the Eight Mile Rd intersection in the right lane. The operator of Unit 1; was exiting her vehicle; and Unit 4; a pedestrian; was assisting that operator. Unit 2 entered the intersection and failed to observe Unit 1 in the roadway.  With its front center; Unit 2 struck the right front portion of Unit 1. The impact caused unit 1 to rotate on its vertical axis in a counterclockwise manner and the left side portion of Unit 1 struck both Unit 3 (the operator of unit 1) and Unit 4. Unit 3 was thrown across the wet asphalt pavement in a northeasterly direction as Unit 4 was thrown in a southeasterly direction. Unit 3 was transported by the Anderson Township Fire Department to Children's Hospital with non-life-threatening injuries.The operator of Unit 2 and Unit 4 were checked on the scene but refused transportation to the hospital.  ***Supplement Narrative***On March 17; 2023; Carlos Palacio was added to the report due to being a bystander that was struck during this incident. Mr. Palacio talked to the officers on scene but never advised us he was struck to due to concerns over the other people involved and injured. This officer watched video surveillance that confirmed that Mr. Pala,Police,True,1/4/2023 7:31:00 AM,1/4/2023 7:31:00 AM,1/4/2023 7:33:00 AM,1/4/2023 8:35:00 AM,,60,Maddy; Timothy ,750,McGourty; Matthew D,303,False,,,Straight Level,Wet,Blacktop; Bituminous; Asphalt,0,0,64,False,False,False,False,False,False,False,True,False,False,False,False,False,False,False,False,False
	CR-2023-000019,20233001184,Minor Injury Suspected,,,False,False,False,False,False,False,False,	03100,1,1,Hamilton County,City,Silverton,1/3/2023 9:15:00 AM,72522,39.185878,-84.392395,Interstate Route (Turnpike is also IR),71,,,,10.00,Yards,South,,,,10.9,Mile Post,Milepost,False,,False,On Shoulder,Not Collision Between Two Vehicles in Transport,Rain,Daylight,False,False,False,False,,,Unit 1 was traveling north on IR 71 in the left lane approaching milepost 10.9. The driver of unit 1 stated due to water on the roadway; unit 1 began to hydroplane. This resulted in unit 1 veering onto the left shoulder and the front of unit  striking the raised concrete median. The driver of unit 1 complained of head/shoulder pain and had a visible laceration on his right hand. The driver of unit 1 denied medical treatment on scene and stated he would seek his own medical treatment. The concrete median is owned by ODOT 1109 Summit Rd Cincinnati; OH 45237 (513) 821-1409.Due to poor road conditions and no signs of damage to the concrete median; the driver of unit 1 was not issued citation.  ,Police,True,1/3/2023 9:18:00 AM,1/3/2023 9:19:00 AM,1/3/2023 9:41:00 AM,1/3/2023 10:26:00 AM,,,Schworer; Jonathan A,1582,Sovern; Brian C,334,True,North,Divided; Raised Median (Any type),Curve Grade,Wet,Blacktop; Bituminous; Asphalt,0,0,67,False,False,False,False,False,False,False,False,False,False,False,False,False,False,False,False,False
	CR-2023-000033,20233001185,Property Damage Only,Unsolved,,False,False,False,False,False,False,False,	03100,2,2,Hamilton County,Village,North Bend,1/5/2023 7:22:00 AM,56182,39.149066,-84.745416,Federal US Route,50,East,Three Rivers,Parkway,,,,,,,350,House Number,,False,,False,On Roadway,Not Collision Between Two Vehicles in Transport,Clear,Daylight,False,False,False,False,,,01/05/2023 07:24:566D87TB                   [1] SEE COMPL;  WHT  HYUND SONTA ;;;;LEFT SIDE PARTIALLY IN THE ROADWAY,Police,True,1/5/2023 7:22:00 AM,1/5/2023 7:29:00 AM,1/5/2023 7:34:00 AM,1/5/2023 7:50:00 AM,,,Fischer; Patrick G,1727,Carney; Mike S,980,True,East,Divided; Raised Median (Any type),Straight Level,Dry,Blacktop; Bituminous; Asphalt,0,0,21,False,False,False,False,False,False,False,False,False,False,True,False,False,False,False,False,False
	CR-2023-000034,20233001186,Property Damage Only,,Shell,False,False,False,False,True,False,False,	03100,2,1,Hamilton County,Township,Sycamore (Township of),1/5/2023 7:25:00 AM,75973,39.292700,-84.358120,,,,FIELDS ERTEL,Road,,,,,,,7555,House Number,,False,,False,On Roadway,Angle,Clear,Daylight,False,False,False,False,,,Unit 1 attempted to turn left onto Fields Ertel Rd. from the private drive at 7555 Fields Ertel Rd.  Unit 2 was traveling Eastbound on Fields Ertel Rd. in the same vicinity. Unit 1 failed to yield the right of way to Unit 2; causing the front portion of Unit # 1 to contact the right passenger side of Unit  2. Unit  1 was cited for right of way from private drive ORC 4511.44. No injuries were reported at the scene.Unit 2 was towed by Blust Towing.,Police,False,1/5/2023 8:21:00 AM,1/5/2023 7:25:00 AM,1/5/2023 7:36:00 AM,1/5/2023 8:21:00 AM,,,Disney; Matthew ,542,Hovekamp; Jason ,1497,False,,,Straight Level,Dry,Blacktop; Bituminous; Asphalt,0,0,56,False,False,False,False,False,False,False,False,False,True,False,False,False,True,False,True,True
	CR-2023-000036,20233001187,Property Damage Only,,,False,False,False,False,False,False,False,	03100,2,2,Hamilton County,City,Silverton,1/5/2023 7:30:00 AM,72522,39.193383,-84.400738,Federal US Route,22,,Montgomery,Road,,,,,,,7220,House Number,,True,4,False,On Roadway,Rear-end,Cloudy,Daylight,False,False,False,False,,,Unit #1 was stopped at the light at the intersection of US-22 (Montgomery Road) heading E/B; waiting to make a left turn onto Plainfield Road. Unit #2 was directly behind Unit #1. Unit #2 failed to assure a clear distance ahead; striking Unit #1 in the rear causing damage to both units. Unit #2 driver (John Hagerty) was cited for the crash.,Police,False,1/5/2023 7:50:00 AM,1/5/2023 7:33:00 AM,1/5/2023 7:39:00 AM,1/5/2023 8:11:00 AM,,,Trabel; Thomas ,286,Maddy; Timothy ,750,False,,,Straight Level,Dry,Blacktop; Bituminous; Asphalt,0,0,38,False,False,False,False,False,False,False,False,False,False,False,False,False,False,False,False,False
	CR-2023-000037,20233001188,Property Damage Only,,,False,False,False,False,False,False,False,	03100,2,1,Hamilton County,City,Silverton,1/4/2023 4:30:00 PM,72522,39.195580,-84.395491,Federal US Route,22,,MONTGOMERY,Road,,,,,,,HOME,Intersection,Avenue,True,6,False,On Roadway,Angle,Clear,Daylight,False,False,False,False,,,Unit#2 was traveling westbound on US 22 at Home Av in the left lane; when unit#1 who was stopped at a stop sign on Home Av at US 22; proceeded forward and struck unit#2 on the passenger side of his vehicle. Unit#1 was cited for failure to yield right of way after stopping at a stop sign. 4511.43A,Police,False,1/5/2023 8:07:00 AM,1/4/2023 4:49:00 PM,1/4/2023 5:00:00 PM,1/4/2023 5:22:00 PM,,,Elizondo; Patrick ,353,Greatorex; Chris ,1332,False,,,Straight Level,Dry,Blacktop; Bituminous; Asphalt,0,0,33,False,False,False,False,False,False,False,False,False,False,False,False,False,False,False,False,False
	CR-2023-000039,20233001189,Property Damage Only,Unsolved,,False,False,False,False,False,False,False,	03100,2,1,Hamilton County,Township,Whitewater (Township of),1/3/2023 12:00:00 PM,84938,39.217962,-84.704185,State Route,128,,HAMILTON CLEVES,Road,,,,,,,7030,House Number,,False,,False,Driveway/Alley access,Not Collision Between Two Vehicles in Transport,Other/Unknown,Other/Unknown,False,False,False,False,,,Unit#1 was parked unoccupied facing Northbound on SR128. Unit#2 was backing up onto Unit#1 driveway when the driver of Unit#2 struck Unit#1 vehicle causing damage; Unit#2 then fled in a unknown direction.,Police,True,1/5/2023 10:16:00 AM,1/5/2023 10:18:00 AM,1/5/2023 10:35:00 AM,1/5/2023 2:00:00 PM,,,Lyons; Jason P,1114,Fey; Josh ,065,False,,,Straight Level,Other/Unknown,Concrete,0,0,222,False,False,False,False,False,False,False,False,False,False,False,False,False,False,False,False,False
	CR-2023-000040,20233001190,Property Damage Only,,,False,False,False,False,False,False,False,	03100,2,2,Hamilton County,Township,Sycamore (Township of),1/5/2023 12:27:00 PM,75973,39.198000,-84.380000,Federal US Route,22,,Montgomery,Road,,,,,,,Kenwood,Intersection,Road,True,4,False,On Roadway,Rear-end,Cloudy,Daylight,False,False,False,False,,,01/05/2023 12:30:406D152JF                  [1] SEE COMP REF GRY HONDA CIVIC VS JEEP WAGONEER,Police,False,1/5/2023 12:29:00 PM,1/5/2023 12:31:00 PM,1/5/2023 12:36:00 PM,1/5/2023 12:53:00 PM,,0,Zaczek; Edward M,612,Fey; Josh ,065,False,,,Straight Level,Dry,Blacktop; Bituminous; Asphalt,0,0,22,False,False,False,False,False,False,False,False,False,False,False,False,False,True,False,False,False
	CR-2023-000042,20233001191,Property Damage Only,,,False,False,False,False,True,False,False,	03100,2,2,Hamilton County,Township,Whitewater (Township of),1/5/2023 1:37:00 PM,84938,39.185443,-84.780010,Interstate Route (Turnpike is also IR),275,,,,,,,,,,18.8,Mile Post,Milepost,False,,False,On Roadway,Rear-end,Cloudy,Daylight,False,False,False,False,,,Unit 1 and 2 were both traveling northbound in the right lane on IR 275 near the 21.8 mile post.  Unit 2 was directly behind unit 1. Driver of unit 2 stated he was attempting to pick something off the passenger floor board and in doing so struck unit 1 in the rear.  Driver of unit 2 was cited for Failing to Maintain Assured Clear Distance Ahead.,Police,False,1/5/2023 2:07:00 PM,1/5/2023 1:39:00 PM,1/5/2023 1:50:00 PM,1/5/2023 2:34:00 PM,,,Bemerer; Dan ,276,Petersman; Michael ,512,True,North,Divided Flush Median (Less than 4 feet),Straight Level,Dry,Blacktop; Bituminous; Asphalt,0,0,55,False,False,False,False,False,False,False,False,False,True,True,True,False,True,False,False,False
	CR-2023-000043,20233001192,Injury Possible,,,False,False,False,False,True,False,False,	03100,4,1,Hamilton County,Township,Symmes (Township of),1/5/2023 3:15:00 PM,76028,39.282875,-84.315796,Federal US Route,22,,Montgomery,Road,15.00,Feet,North,,,,Mason,Intersection,Road,True,4,False,On Roadway,Rear-end,Cloudy,Daylight,False,False,False,False,,,Units #1; 2; 3 and 4 were all traveling south on US 22; in the left lane; approaching Mason Rd. The driver of unit #1 failed to maintain assured clear distance ahead; striking unit #2 in the rear. The impact caused unit #2 to strike the rear of unit #3 and unit #3 to strike the rear of unit #4. The driver of unit #2 advised that her neck hurt but refused EMS; she advised she would seek treatment if needed. No other injuries were reported on scene.The driver of unit #1 was cited.,Police,False,1/5/2023 3:16:00 PM,1/5/2023 3:16:00 PM,1/5/2023 3:19:00 PM,1/5/2023 3:58:00 PM,,,Landis; Jeffrey R,1358,Petersman; Michael ,512,False,,,Straight Level,Dry,Blacktop; Bituminous; Asphalt,0,0,42,False,False,False,False,False,False,False,False,False,False,False,False,False,True,False,False,False
	CR-2023-000045,20233001193,Property Damage Only,,,False,False,False,False,False,False,False,	03100,2,1,Hamilton County,Township,Harrison (Township of),1/5/2023 6:07:00 PM,33852,39.262740,-84.761090,,,,short,Road,,,,,,,dry fork,Intersection,Road,True,3,False,On Roadway,Angle,Rain,Dark - Lighted Roadway,False,False,False,False,,,Unit 1 was traveling southbound on Short Rd near Dry Fork Rd. Unit 2 was traveling westbound on Dry Fork Rd; toward Short Rd. At the intersection of Short Rd and Dry Fork Rd; Unit 1 failed to yield the right-of-way to oncoming traffic; running through the stop sign; causing an angle collision between Unit 1 and Unit 2. No injuries were reported on scene.,Police,False,1/5/2023 6:38:00 PM,1/5/2023 6:10:00 PM,1/5/2023 6:20:00 PM,1/5/2023 6:47:00 PM,,,Abusway; Ronnie ,1518,Hill; David Paul,1144,False,,,Straight Level,Dry,Concrete,0,0,37,False,False,False,False,False,False,False,False,False,False,False,False,False,True,False,False,False
	CR-2023-000046,20233001194,Property Damage Only,,,False,False,False,False,False,False,False,	03100,2,1,Hamilton County,City,Silverton,1/5/2023 6:32:00 PM,72522,39.193055,-84.401978,,,,Montgomery,Road,,,,,,,Section,Intersection,Road,True,5,False,On Roadway,Angle,Clear,Dark - Lighted Roadway,False,False,False,False,,,Unit #1 Was traveling southbound on Section road. Unit #1 came to a complete stop at the stop sign where Montgomery Road intersects Section Road.  Unit #1 attempted to make a right turn to go west on Montgomery road. Unit #2 was traveling westbound on Montgomery Road. Unit #1 pulled in front of Unit #2 and struck the front passenger side bumper of Unit #2 causing functional damage. Unit #1 sustained disabling damage to the front driver's side bumper and front driver's side wheel/axle. The driver of Unit #1 claims their vision was obstructed by an uninvolved vehicle driving westbound and turning right (northbound) onto section road right before the collision of Unit #1 and Unit #2. ,Police,True,1/5/2023 6:32:00 PM,1/5/2023 6:34:00 PM,1/5/2023 6:46:00 PM,1/5/2023 7:18:00 PM,8,24,Richner; Seth ,214,Petersman; Michael ,512,False,,,Straight Level,Dry,Blacktop; Bituminous; Asphalt,0,0,52,False,False,False,False,False,False,False,False,False,False,True,False,False,False,False,False,False
	CR-2023-000047,20233001195,Property Damage Only,,,False,False,False,False,True,False,False,	03100,2,2,Hamilton County,Township,Anderson (Township of),1/5/2023 6:30:00 PM,1980,39.076495,-84.391953,,,,Sutton,Road,,,,,,,1244,House Number,,False,,False,On Roadway,Rear-end,Clear,Dark - Lighted Roadway,False,False,False,False,,,Unit 1 and Unit 2 were both traveling southbound of Sutton Avenue.  Unit 1 slowed to a stop to attempt a left turn into a private driveway.  The driver of Unit 2 failed to realize Unit 1 had stopped and didn't provide clear distance ahead.  Unit 2 struck the rear right side of Unit 1 causing functional damage to both vehicles.  Both parties immediately pulled over to the right side of the road to assess the damage.  The driver of Unit 2 admitted fault to causing the accident.  The driver of Unit 2 was cited for assured clear distance ahead(4511.21A). No injuries were reported at the time of the accident.,Police,False,1/5/2023 6:43:00 PM,1/5/2023 6:38:00 PM,1/5/2023 6:43:00 PM,1/5/2023 6:54:00 PM,,,Glenn; Channing ,1669,Petersman; Michael ,512,False,,,Straight Level,Dry,Blacktop; Bituminous; Asphalt,0,0,16,False,False,False,False,False,False,False,False,False,False,True,False,False,True,False,False,False
	230003,20233001196,Property Damage Only,Solved,,False,True,False,False,False,False,False,	01837,1,1,Cuyahoga County,Village,OAKWOOD,1/5/2023 10:10:00 PM,57750,41.372596,-81.500479,,,,FORBES RD,Road,,,,,,,25631,House Number,,False,,False,On Roadside,Not Collision Between Two Vehicles in Transport,Rain,Dark - Lighted Roadway,False,False,False,False,,,Unit 01 makes right turn from Tupelo Dr onto Forbes Rd heading west bound. Unit 01 drives off left side of roadway striking mailbox of 25631 Forbes Rd then immediately strikes mailbox of 25477 Forbes Rd. Unit 01 then takes left turn heading southbound on Lamson Rd. Unit 01 takes left turn onto Tryon Rd heading eastbound. Unit 01 drives off left side of roadway and strikes a boulder at the end of the driveway of 25600 Tryon Rd. Unit 01 continues on Tryon Rd and stops in the driveway of 26050 Tryon Rd.,Police,False,1/5/2023 10:10:12 PM,1/5/2023 10:10:15 PM,1/5/2023 10:14:12 PM,1/6/2023 12:41:23 AM,65,0,JUSTIN  HERRERA,086,ADAM NEALON,067,False,,,Straight Level,Wet,Blacktop; Bituminous; Asphalt,0,0,216,False,False,True,False,False,False,False,False,False,False,False,False,False,False,False,False,False
	23-000750,20233001199,Property Damage Only,,,False,False,False,False,False,False,False,	05705,1,1,Montgomery County,City,KETTERING,1/5/2023 8:42:00 PM,40040,39.728460,-84.191340,,,West,SCHANTZ ,Avenue,,,,,,,1817,House Number,,False,,False,On Roadway,Not Collision Between Two Vehicles in Transport,Clear,Dark - Lighted Roadway,False,False,False,False,,,Traffic Unit #1 was traveling westbound on W. Schantz Ave. at a high rate of speed and when in the area of 1817 W. Schantz Ave.; lost control of the vehicle and went off the roadway to the right. Traffic Unit #1 slid through the grass and struck a gate before coming to a stop. This entire incident occurred in front of the reporting officer. ,Police,False,1/5/2023 8:42:00 PM,1/5/2023 8:42:00 PM,1/5/2023 8:42:00 PM,1/5/2023 9:32:00 PM,0,0,J P MCCOY,KP377,M MARTIN,361,True,West,Divided Flush Median (Less than 4 feet),Curve Grade,Dry,Blacktop; Bituminous; Asphalt,0,0,50,False,False,False,False,False,False,True,False,False,False,True,True,False,False,False,False,False
	202300189,20233001200,Property Damage Only,,,False,False,False,False,False,False,False,	03108,3,1,Hamilton County,City,DELHI HILLS,1/5/2023 7:33:00 AM,21518,39.118090,-84.616330,,,,ANDERSON FERRY,Road,,,,,,,1268,House Number,,False,,False,On Roadway,Rear-end,Clear,Dawn/Dusk,False,False,False,False,,,Unit #1 traveling north on Anderson Ferry.  Unit #2 and Unit #3 stopped in traffic northbound on Anderson Ferry.  Unit #1 failed to maintain ACDA and struck Unit #2 in rear which caused Unit #2 to strike Unit #3 in rear resulting in an auto accident.,Police,False,1/5/2023 7:33:00 AM,1/5/2023 7:35:00 AM,1/5/2023 7:41:00 AM,1/5/2023 8:29:00 AM,,,RONALD SUPE,RLS330,GARY SCHLOEMER,GJS109,False,,,Straight Grade,Dry,Blacktop; Bituminous; Asphalt,0,0,54,False,False,False,False,False,False,False,False,False,True,False,False,False,False,False,False,False
	202300161,20233001201,Property Damage Only,Solved,,False,False,False,False,False,False,False,	03108,2,1,Hamilton County,Township,DELHI (TOWNSHIP OF),1/4/2023 2:04:00 PM,21504,39.095430,-84.628360,,,,SUNAIRE,Terrace,,,,,,,414,House Number,,False,,False,Driveway/Alley access,Rear-end,Clear,Daylight,False,False,False,False,,,UNIT #2 WAS PARKED IN HIS DRIVEWAY LOCATED AT 414 SUNAIRE TERRACE. UNIT #1 PULLED INTO THE DRIVEWAY AND STRUCK UNIT #2 IN THE REAR.  I responded to 414 Sunaire Terrace to speak with John Grimmelsman reference his vehicle being struck. John was accompanied by a contractor who was working on his house; Ian Herrmann (513-904-7141). Ian explained that he ordered pizza from Dominoes and was outside when the delivery driver pulled up. Ian stated that when the driver of the Dodge Caravan; Denise Colegate; pulled into the driveway; she squealed tires and left marks on the driveway and grass. John and Ian were very adamant that Denise hit the rear of John's vehicle when she pulled into the driveway.  I responded to Dominoes on Delhi Road reference the accident. I asked who the delivery driver was that delivered to Sunaire and Denise stated that it was her. I explained that John's vehicle was hit and if there was a possibility that she did it. Denise stated that when she pulled into the driveway; her foot slipped off of the brake and onto the gas which caused her to squeal tires and end up partially in the grass. Denise stated that she did not realize that she had hit John's vehicle. Denise did provide me with her insurance policy information which was provided to John.,Police,False,1/4/2023 2:04:00 PM,1/4/2023 2:04:00 PM,1/4/2023 2:10:00 PM,1/4/2023 2:45:00 PM,,,ASA COLDIRON,ASM611,GARY SCHLOEMER,GJS109,False,,,Straight Grade,Dry,Concrete,0,0,41,False,False,False,False,False,False,False,False,False,False,False,False,False,False,False,False,False
	202300003,20233001202,Property Damage Only,,202300003,False,False,False,False,False,False,False,	03133,2,2,Hamilton County,City,Springdale,1/2/2023 2:34:00 PM,74104,39.296336,-84.466118,Interstate Route (Turnpike is also IR),275,,,Highway,500.00,Feet,South,,,,Progress,Intersection,Place,False,,False,On Roadway,Rear-end,Cloudy,Daylight,False,False,False,False,,,Unit 1 was stopped in traffic at the bottom of the ramp from I275 WB to SR747 SB. Unit 2 was traveling directly behind Unit 1. Unit 2 failed to maintain an assured clear distance ahead. Unit 2 struck the center rear of Unit 1.,Police,False,1/2/2023 2:34:00 PM,1/2/2023 2:42:00 PM,1/2/2023 2:50:00 PM,1/2/2023 3:10:00 PM,30,,Jesse Morgan  # 2016,8PMORG,Kayla Justice  # 2051,8PJUST,True,South,Divided Flush Median (Less than 4 feet),Curve Grade,Dry,Blacktop; Bituminous; Asphalt,0,0,58,False,False,False,False,False,False,False,False,False,False,True,False,False,False,False,False,False
	2023-00000282,20233001203,Property Damage Only,Unsolved,,False,True,True,True,False,False,False,	02911,2,1,Greene County,City,Beavercreek,1/4/2023 10:41:00 AM,4720,39.772204,-84.064630,,,,PENTAGON,Boulevard,,,,,,,ROYAL GATEWAY,Intersection,Drive,True,4,True,On Roadway,Angle,Cloudy,Daylight,False,False,False,False,,,Unit 1 was traveling east on Pentagon Blvd at the intersection of Royal Gateway Dr when they failed to maintain a clear and assured distance and struck Unit 2. Unit 2 was also traveling east on Pentagon Blvd at Royal Gateway Dr  and slowed in the intersection. Unit 2 left the scene without stopping.   On 1/4/23 at 1043 hours; I was dispatched to the intersection of Pentagon Blvd and Royal Gateway Dr for a hit-skip.   Upon arrival; I spoke to the reporting party; Lauren Shroades; the driver of Unit 1. Ms. Shroades advised she was traveling east on Pentagon Blvd when the vehicle in front of her; a tan sedan; suddenly slowed in the intersection of Royal Gateway Dr. Ms. Shroades swerved to the right in an attempt to avoid a collision but still struck Unit 2 at an angle before driving off the road to the right. She pulled into a nearby parking lot; but Unit 2 did not stop. The registration and make and model of Unit 2 are unknown.   I observed tire marks on the grass where Ms. Shroades ran off the road as well as the damage to the driver's side of her vehicle. Ofc. Millette took pictures and uploaded them to the server. I will update this report if more information involving Unit 2 becomes available.   ,Police,False,1/4/2023 10:41:00 AM,1/4/2023 10:43:00 AM,1/4/2023 10:49:00 AM,1/4/2023 11:15:00 AM,0,0,Taylor M Smart,B151,Michael Hummel,B63,False,,,Straight Grade,Dry,Blacktop; Bituminous; Asphalt,0,0,32,False,False,False,False,False,False,False,False,False,False,False,False,False,False,False,False,False
	2023-00000286,20233001204,Property Damage Only,,,False,False,False,True,True,False,False,	02911,2,1,Greene County,City,Beavercreek,1/4/2023 1:07:00 PM,4720,39.696756,-84.104511,,,,INDIAN RIPPLE,Road,,,,,,,4465,House Number,,False,,False,On Roadway,Angle,Clear,Daylight,False,False,False,False,,,Unit 1 was traveling west on Indian Ripple Rd near 4465 Indian Ripple Rd when it made a lane change to the left and struck Unit 2 who was also traveling west on Indian Ripple Rd.   ,Police,False,1/4/2023 1:07:00 PM,1/4/2023 1:15:00 PM,1/4/2023 1:25:00 PM,1/4/2023 2:06:00 PM,,0,Taylor M Smart,B151,Michael Hummel,B63,False,,,Straight Grade,Dry,Blacktop; Bituminous; Asphalt,0,0,51,False,False,False,False,False,False,False,False,False,False,False,False,False,True,False,False,False
	23010427392040,20233001206,Property Damage Only,,CENTRAL,False,False,False,False,False,False,False,	04807,2,2,Lucas County,City,TOLEDO,1/4/2023 8:40:00 PM,77000,41.707150,-83.566040,,,,LEWIS,Avenue,,,,,,West,LASKEY,Intersection,Road,True,4,False,On Roadway,Angle,Rain,Dark - Lighted Roadway,False,False,False,False,,,Unit 1 came to Scott Park to file a report for an accident. Unit 1 is the sole source of information as Unit 2 was unable to be reached at the time of writing this report.  Unit 1 stated they were stopped at the light going northbound on Lewis near Laskey. Unit 2 made a left hand turn going westbound on Laskey South onto Lewis striking Unit 1.  1/5/23: Contact was made with Unit 2 who stated they did not recall the accident as they were suffering from low blood sugar. Unit 2 was cited based on information provided based on what was stated by Unit 1.,Police,False,1/4/2023 9:04:00 PM,1/4/2023 9:04:00 PM,1/4/2023 9:04:00 PM,1/4/2023 9:27:00 PM,,,JEREMY WRIGHT,2739,TIMOTHY HANUS,1925,False,,,Straight Level,Wet,Concrete,0,0,23,False,False,False,False,False,False,False,False,False,False,False,False,False,False,False,False,False
	23010429071910,20233001208,Property Damage Only,,CENTRAL ,False,False,False,False,False,False,False,	04807,2,2,Lucas County,City,TOLEDO,1/4/2023 7:10:00 PM,77000,41.722320,-83.536160,State Route,184,,ALEXIS,Road,5.00,Feet,West,Federal US Route,24,,DETROIT,Intersection,Avenue,True,4,False,On Roadway,Rear-end,Clear,Dark - Lighted Roadway,False,False,False,False,,,Unit 1 was stopped at a red light at the intersection of Detroit and Alexis facing EB. Unit 2 was behind unit 1 at the red light. Unit 2 struck unit 1 in the rear causing property damage.   There were no injuries on scene.   Unit 2 was cited for ACDA  Insurance was not verified with unit 1.   ,Police,False,1/4/2023 7:10:00 PM,1/4/2023 8:00:00 PM,1/4/2023 8:14:00 PM,1/4/2023 8:51:00 PM,,,SAMANTHA MCCONNELL,2907,TIMOTHY HANUS,1925,False,,,Straight Level,Dry,Blacktop; Bituminous; Asphalt,0,0,51,False,False,False,False,False,False,False,False,False,False,True,True,False,False,False,False,False