LocalReportNumber,DocumentNumber,CrashSeverity,HitSkip,LocalInformation,SecondaryCrash,PhotosTaken,OH2,OH3,OH1P,OHOther,PrivateProperty,ReportingAgencyNCIC,NumberOfUnits,UnitInError,County,InCityVillageTownship,CityVillageTownshipName,CrashDateTime,FIPSPlaceCode,Latitude,Longitude,LocationRouteType,LocationRouteNumber,LocationPrefix,LocationRoadName,LocationRoadType,DistanceFromReference,DistanceReferenceMeasurement,DirectionFromReference,ReferenceRouteType,ReferenceRouteNumber,ReferencePrefix,ReferenceName,ReferencePointUsed,ReferenceRoadType,IntersectionOrApproachRelated,NumberOfApproaches,WithinInterchangeArea,LocationFirstHarmfulEvent,MannerOfCollision,Weather,LightCondition,ActiveSchoolZoneRelated,WorkZoneRelated,WorkersPresent,LawEnforcementPresentInWorkZone,WorkZoneType,WorkZoneLocation,Narrative,ReportTakenBy,Supplement,CrashReportedDateTime,DispatchedDateTime,ArrivedDateTime,SceneClearedDateTime,OtherInvestigationTime,TotalTimeRoadwayClosed,OfficerName,OfficerBadgeNumber,CheckedByOfficerName,CheckedByBadgeNumber,RoadwayDivided,DividedLaneTravelDirection,DividedMedianType,RoadContour,RoadCondition,RoadSurface,TotalInjured,TotalKilled,TotalMinutes,AnimalRelated,AnimalDeerRelated,AlcoholRelated,DrugRelated,BicycleRelated,MotorCycleRelated,SpeedRelated,PedestrianRelated,SemiTruckRelated,SmallTruckRelated,YouthRelated,TeenRelated,DUI21Related,SeniorRelated,FatalNotReportable,CommercialRelated,CommercialAtFault
	2023-00000213,20233001369,Property Damage Only,,,False,False,False,False,False,False,False,	07701,2,1,Summit County,City,Akron,1/1/2023 1:18:00 PM,1000,41.063375,-81.439218,,,North,CANTON,Road,,,,,,, MOGADORE,Intersection,Road,True,4,True,On Roadway,Rear-end,Cloudy,Daylight,False,False,False,False,,,Unit #2 was stopped for the red light. Unit #1 stated they went to move forward and accidently hit the gas rather than the brake and struck Unit #2.,Police,False,1/1/2023 1:18:00 PM,1/1/2023 1:56:00 PM,1/1/2023 1:59:00 PM,1/1/2023 2:50:00 PM,30,30,1430 - Mook; Corey,1430,1122 - Donohue; James,1122,False,,,Straight Level,Wet,Blacktop; Bituminous; Asphalt,0,0,84,False,False,False,False,False,False,False,False,False,False,False,False,False,False,False,False,False
	2300012,20233001371,Property Damage Only,,,False,True,False,True,False,False,False,	04318,3,1,Lake County,Township,MADISON,1/6/2023 7:46:06 AM,46494,41.780288,-81.002647,State Route,84,South,RIDGE,Road,,,,Numbered County Route,141,,COUNTYLINE,Intersection,Road,True,4,False,On Roadway,Angle,Rain,Dawn/Dusk,False,False,False,False,,,Unit 1 was traveling west bound on S Ridge Rd. Unit 1 failed to stop at the stop sign at County Line Rd. Unit 2 was traveling south bound on County Line Rd. Unit 2 was traveling through the intersection and was struck by Unit 1. Unit 3 was east bound on S Ridge Rd. approaching the intersection. After striking Unit 2; Unit 1 struck Unit 3 before coming to a stop.,Police,False,1/6/2023 7:46:06 AM,1/6/2023 7:47:42 AM,1/6/2023 7:57:43 AM,1/6/2023 8:49:03 AM,45,30,SHAWN  MCCLURE,MA55,MATTHEW J GOSNIK,MA41,False,,,Straight Level,Wet,Blacktop; Bituminous; Asphalt,0,0,106,False,False,False,False,False,False,False,False,False,True,False,False,False,True,False,False,False
	2300652,20233001372,Minor Injury Suspected,,,False,False,False,False,False,False,False,	04312,1,1,Lake County,City,WILLOUGHBY,1/6/2023 6:59:58 AM,85484,41.633851,-81.409014,,,,WRIGHT,Street,,,,,,,38007,House Number,,False,,False,On Roadside,Not Collision Between Two Vehicles in Transport,Rain,Dark - Roadway Not Lighted,False,False,False,False,,,Unit 1 was traveling east on Wright St; approaching 38007 Wright St. The driver stated he had dosed off from being overly  tired. Unit 1 left the roadway to the left and struck a utility pole; causing disabling damage to Unit 1 as well as damage to the utility  pole. The driver of Unit 1 is at fault for Failure to Control.,Police,False,1/6/2023 6:59:58 AM,1/6/2023 7:08:04 AM,1/6/2023 7:11:41 AM,1/6/2023 7:55:39 AM,30,0,WALTER A COLE,202,BRAD  LAMPELA,176,False,,,Straight Level,Wet,Blacktop; Bituminous; Asphalt,0,0,78,False,False,False,False,False,False,False,False,False,False,False,False,False,False,False,False,False
	2023-000021,20233001373,Property Damage Only,,,False,False,False,False,False,False,False,	06300,2,1,Paulding County,Township,Auglaize (Township of),1/6/2023 6:53:00 AM,3002,41.194617,-84.470018,State Route,637,,,,0.50,Miles,East,Numbered County Route,143,,,Intersection,,False,,False,On Roadway,Rear-end,Cloudy,Dark - Roadway Not Lighted,False,False,False,False,,,Unit 2 was stopped in the roadway due to a school bus. Unit 1 struck unit 2 in the rear and the driver was issued a citation for Assured Clear Distance.,Police,False,1/6/2023 6:53:00 AM,1/6/2023 6:54:00 AM,1/6/2023 7:04:00 AM,1/6/2023 7:33:00 AM,0,39,Shepherd; Simeon,6326,Dyson; Jonathan,6302,False,,,Straight Level,Wet,Blacktop; Bituminous; Asphalt,0,0,39,False,False,False,False,False,False,False,False,False,True,False,False,False,False,False,False,False
	23-003,20233001374,Minor Injury Suspected,Solved,SHAWNEE/DRAKE,False,False,True,False,False,False,False,	03117,2,1,Hamilton County,City,The Village of Indian Hill,1/6/2023 7:41:00 AM,76582,39.180845,-84.345414,,,,SHAWNEE RUN,Road,,,,,,,DRAKE,Intersection,Road,True,4,False,On Roadway,Angle,Cloudy,Daylight,False,False,False,False,,,UNIT #1 WAS EASTBOUND ON SHAWNEE RUN AT THE DRAKE ROAD STOP SIGN. UNIT #2 WAS WESTBOUND SHAWNEE RUN ROAD AT THE DRAKE ROAD STOP SIGN. UNIT #2 ATTEMPTED TO CONTINUE STRAIGHT WEST THROUGH THE INTERSECTION. UNIT #1 ATTEMPTED TO TURN LEFT AND STRUCK UNIT #2 IN THE SIDE.,Police,False,1/6/2023 7:41:00 AM,1/6/2023 7:42:00 AM,1/6/2023 7:44:00 AM,1/6/2023 8:29:00 AM,45,,Keith Lang,KAL,Keith Lang,KAL,False,,,Straight Level,Dry,Blacktop; Bituminous; Asphalt,0,0,92,False,False,False,False,False,False,False,False,False,False,True,True,False,False,False,False,False
	2023-00000204,20233001375,Property Damage Only,,,False,False,False,False,False,True,False,	07701,2,1,Summit County,City,Akron,1/1/2023 1:12:00 PM,1000,41.084245,-81.441572,,,,EASTWOOD,Avenue,,,,,,, DARROW,Intersection,Road,True,4,False,On Roadway,Rear-end,Cloudy,Daylight,False,False,False,False,,,Unit 2 stated he was stopped in traffic at the red light on Eastwood Ave at Darrow Rd. He stated Unit 1 struck him in the rear end causing damage to his bumper. Unit 1 pulled over into the business across the street and went into the bathroom until police arrived. Unit 1 was cooperative with police. The driver of Unit 1 was a suspended driver and cited for DUS and ACD. He was transported across the street and dropped off with his father who is the owner of Unit 1 and had the insurance card for the vehicle. ,Police,False,1/1/2023 1:30:00 PM,1/1/2023 1:53:24 PM,1/1/2023 1:53:35 PM,1/1/2023 2:21:45 PM,0,0,1218 - Williamson; Patrick,1218,1186 - Burton; Karl,1186,False,,,Straight Level,Dry,Blacktop; Bituminous; Asphalt,0,0,28,False,False,False,False,False,False,False,False,False,False,False,False,False,False,False,False,False
	2023001,20233001377,Property Damage Only,,,False,True,True,True,False,False,False,	01840,2,1,Cuyahoga County,Village,ORANGE,1/3/2023 10:40:12 AM,58604,41.448349,-81.486856,,,,ORANGE PL,Place,,,,,,,HARVARD RD,Intersection,Road,True,3,False,On Roadway,Angle,Rain,Daylight,False,False,False,False,,,Unit # was eastbound on Orange Place; attempting to make a right turn on red at the intersection of Park Avenue (Pinecrest). Unit # 2 was southbound on Orange Place in the intersection; leaving Park Avenue when Unit # 1 failed to you yield and crashed into it.,Police,False,1/3/2023 10:40:12 AM,1/3/2023 10:44:04 AM,1/3/2023 10:50:00 AM,1/3/2023 11:20:00 AM,60,0,JASON MARVIN,5835,MICHAEL  ROBERTS,5883,False,,,Straight Level,Wet,Concrete,0,0,96,False,False,False,False,False,False,False,False,False,False,False,False,False,True,False,False,False
	2023-00000682,20233001378,Property Damage Only,Unsolved,,False,False,False,False,False,False,False,	07701,2,1,Summit County,City,Akron,1/2/2023 6:34:00 PM,1000,41.081753,-81.502926,,,,FOUNTAIN,Street,,,,,,North, FORGE,Intersection,Street,True,2,True,On Roadway,Rear-end,Sleet; Hail,Dark - Lighted Roadway,False,False,False,False,,,Unit 2 was traveling north on Fountain St stopped at the intersection on East Buchtel. Unit 1 came from the south to the north behind Unit 1 ;  in the same lane.  Unit 1 failed to stop and struck Unit 2.  Unit 1 then passed Unit 2 and got on State Route 8 without stopping. ,Police,False,1/2/2023 7:00:00 PM,1/2/2023 7:00:00 PM,1/2/2023 7:07:00 PM,1/2/2023 7:33:00 PM,0,0,1378 - Harrison; Michael,1378,1413 - Okoh; Utomhin,1413,False,,,Straight Level,Wet,Concrete,0,0,33,False,False,False,False,False,False,False,False,False,False,True,False,False,False,False,False,False
	23-002,20233001380,Property Damage Only,,8400 Hopewell,False,False,False,False,False,False,False,	03117,1,1,Hamilton County,City,The Village of Indian Hill,1/1/2023 4:35:00 PM,76582,39.243778,-84.335941,,,,Hopewell,Road,15.00,Feet,West,,,,8400,House Number,,False,,False,On Roadside,Not Collision Between Two Vehicles in Transport,Cloudy,Daylight,False,False,False,False,,,Operator of Unit 1 was traveling westbound on Hopewell Road. As he approached 8400 Hopewell he reached over to answer his phone and went off the right side of the roadway and struck a fire hydrant. Owner of fire hydrant is City of Indian Hill. Edward Horton; 8370 Hopewell Road; also sustained damage to his gravel driveway and yard due to the erosion caused by the broken hydrant leaking water.,Police,False,1/1/2023 4:35:00 PM,1/1/2023 4:35:00 PM,1/1/2023 4:54:00 PM,1/1/2023 5:15:00 PM,15,90,Ray Manning,RCM,Keith Lang,KAL,False,,,Straight Level,Dry,Blacktop; Bituminous; Asphalt,0,0,55,False,False,False,False,False,False,False,False,False,False,False,False,False,True,False,False,False
	23-00271,20233001381,Property Damage Only,,,False,False,False,False,False,False,False,	07807,2,2,Trumbull County,City,WARREN,1/5/2023 2:37:00 AM,80892,41.229867,-80.797251,,,,HOMEWOOD,Avenue,20.00,Feet,West,,,,709,House Number,,False,,False,On Roadway,Not Collision Between Two Vehicles in Transport,Cloudy,Dark - Lighted Roadway,False,False,False,False,,,Unit 2 was traveling southbound on Homewood Ave. Unit 2 was negotiating a curve near 709 Homewood Ave. Unit 2 drove off the roadway left and struck unit 1 parked in the driveway of 725 Homewood Ave. Unit 2 continued driving and struck multiple trees before stopping. Both units had major disabling damage. The driver reported no injuries. Both vehicles were towed by Mays. The driver was cited for OVI.,Motorist,False,1/5/2023 2:37:00 AM,1/5/2023 2:38:00 AM,1/5/2023 2:41:00 AM,1/5/2023 3:50:00 AM,50,,2467,4734,621,4673,False,,,Curve Level,Wet,Blacktop; Bituminous; Asphalt,0,0,122,False,False,True,False,False,False,True,False,False,False,False,False,False,False,False,False,False
	23-00278,20233001382,Property Damage Only,,,False,False,False,False,False,False,False,	07807,2,2,Trumbull County,City,WARREN,1/5/2023 7:51:00 AM,80892,41.236081,-80.811625,,,,E. MARKET,Street,,,,,,,ELM ,Intersection,Road,False,,False,On Roadway,Angle,Clear,Daylight,False,False,False,False,,,Unit #1 was traveling south bound on Elm Rd approaching E. Market.  Unit #2 was traveling north on Elm Rd.  Unit #2 driver made a left turn onto E. Market into the path of Unit #1.  Unit #1 could not avoid the collision.  Unit #2 driver found at fault and a citation was issued.   ,Motorist,False,1/5/2023 7:51:00 AM,1/5/2023 7:53:00 AM,1/5/2023 7:53:00 AM,1/5/2023 8:39:00 AM,20,25,615,4661,611,4656,False,,,Straight Level,Dry,Blacktop; Bituminous; Asphalt,0,0,66,False,False,False,False,False,False,False,False,False,False,True,False,False,False,False,False,False
	23-000048,20233001383,Property Damage Only,,,False,True,False,False,False,False,False,	01606,2,1,Coshocton County,Village,West Lafayette,1/5/2023 3:01:00 PM,83608,40.275171,-81.749821,,,East,Main,Street,,,,,,,123,House Number,,False,,False,On Roadway,Angle,Clear,Daylight,False,False,False,False,,,UNIT 2 WAS TRAVELING EAST ON E. MAIN ST. MAKING TURN INTO 123 E. MAIN ST. UNIT 1 WAS TURNING EAST OUT OF 123 E. MAIN ST. STRIKING UNIT 2,Police,False,1/5/2023 3:01:00 PM,1/5/2023 3:01:00 PM,1/5/2023 3:02:00 PM,1/5/2023 3:21:00 PM,,20,Bishop; Brandon ,WL4,Walters; Christopher ,WL1,True,East,Divided Flush Median (Less than 4 feet),Straight Level,Dry,Blacktop; Bituminous; Asphalt,0,0,20,False,False,False,False,False,False,False,False,False,True,True,False,False,True,False,False,False
	2023-00000670,20233001384,Property Damage Only,,,False,False,False,False,False,False,False,	07701,2,2,Summit County,City,Akron,1/2/2023 6:33:00 PM,1000,41.067716,-81.559128,,,,SUPERIOR,Avenue,,,,,,, VERNON ODOM,Intersection,Boulevard,True,4,False,On Roadway,Angle,Fog; Smog; Smoke,Dark - Lighted Roadway,False,False,False,False,,,Unit #1 was north on Superior Ave and had the green light. Unit #2 was east on Vernon Odom Blvd and had the red light. Unit #2 was stopped at the red light when the vehicle to her right; made a right on red. Unit #2 proceeded through the intersection and struck unit #1. Unit #2 failed to stop at the red light. ,Police,False,1/2/2023 6:33:00 PM,1/2/2023 6:35:00 PM,1/2/2023 6:45:00 PM,1/2/2023 7:30:00 PM,30,30,1282 - Riley; Courtney,1282,877 - Vavro; Michael,877,False,,,Straight Level,Wet,Blacktop; Bituminous; Asphalt,0,0,85,False,False,False,False,False,False,False,False,False,False,False,False,False,False,False,False,False
	2023-00000404,20233001385,Property Damage Only,,,False,False,True,False,True,False,False,	07701,2,2,Summit County,City,Akron,1/2/2023 12:05:00 AM,1000,41.053069,-81.528087,,,,STANTON,Avenue,,,,,,South, MAIN,Intersection,Street,False,,False,On Roadway,Sideswipe; opposite direction,Rain,Dark - Lighted Roadway,False,False,False,False,,,Unit 1 traveled south bound on S Main St near Stanton Av. Unit 2 ; westbound on Stanton Ave.;  turned northbound onto S Main St; lost control and struck unit 1. Unit 2 left the scene and was followed by unit 1 ; see 23-000402.  Unit 2 was cited for FTC ; and Hit skip.,Police,False,1/2/2023 12:26:00 AM,1/2/2023 1:06:00 AM,1/2/2023 1:06:00 AM,1/2/2023 2:30:00 AM,0,0,902 - Heath; Michael,902,877 - Vavro; Michael,877,False,,,Straight Level,Wet,Blacktop; Bituminous; Asphalt,0,0,84,False,False,False,False,False,False,False,False,False,True,False,False,False,False,False,False,False
	2023-00000594,20233001386,Minor Injury Suspected,,,False,False,False,False,False,False,False,	07701,1,1,Summit County,City,Akron,1/2/2023 3:33:00 PM,1000,41.046728,-81.545298,,,East,BLVD,Highway,,,,,,, 2ND,Intersection,Street,True,4,False,On Roadway,Not Collision Between Two Vehicles in Transport,Cloudy,Dawn/Dusk,False,False,False,False,,,Ofc. Fashempour (unit 604) attempted to stop reported stolen unit 1. Driver; Tristian Swisher refused to pull over and pursuit was initiated.  During the  event ; unit 1 was traveling westbound on Kenmore Blvd and the driver attempted to make a right turn onto 2nd SW but failed to control the vehicle and struck a curb and then a fence.,Police,False,1/2/2023 3:33:00 PM,1/2/2023 3:43:00 PM,1/2/2023 3:47:00 PM,1/2/2023 5:00:00 PM,75,75,1284 - Jaskolka; Janusz,1284,877 - Vavro; Michael,877,True,East,Other/Unknown,Straight Level,Wet,Blacktop; Bituminous; Asphalt,0,0,152,False,False,False,False,False,False,False,False,False,False,True,False,False,False,False,False,False
	2023-00000411,20233001388,Minor Injury Suspected,,,False,True,False,False,False,False,False,	07701,2,99,Summit County,City,Akron,1/2/2023 12:50:00 AM,1000,41.084780,-81.535838,,,South,MAPLE,Street,,,,,,West, EXCHANGE,Intersection,Street,True,4,False,On Roadway,Head-on,Rain,Dark - Lighted Roadway,False,False,False,False,,,Officers responded to listed location in reference an accident.  Officers spoke to Keyona Massey Unit 2.  Massey stated that she was going west on W. Exchange Street and the other vehicle hit her head on.  Massey stated that Unit 1 was going the wrong way on Exchange.  Massey stated that she had the green light. Officers spoke to Lavoris Jones Unit 1.  Jones stated that he was going west on W. Exchange Street and the other vehicle hit him.  Jones stated that he had the green light.  Jones was given a citation for operating a vehicle with an expired license.  Jones was transported to AGMC by AFD med unit. Officers had both vehicles towed to Stans.  Pictures of the scene were taken and uploaded to evidence.com.  Officers were unable to determine who was at fault for the accident due to conflicting statements and no witnesses.  The road department was notified about a crosswalk pole that was damaged. BWC.,Police,False,1/2/2023 12:50:00 AM,1/2/2023 12:51:00 AM,1/2/2023 12:53:00 AM,1/2/2023 2:20:00 AM,30,30,1497 - Luke; David,1497,1323 - Carson; Christopher,1323,False,,,Straight Grade,Wet,Blacktop; Bituminous; Asphalt,0,0,119,False,False,False,False,False,False,False,False,False,False,False,False,False,False,False,False,False
	2023-000023,20233001389,Property Damage Only,,,False,False,False,False,False,False,False,	06300,1,98,Paulding County,Township,Washington (Township of),1/6/2023 9:39:00 AM,81536,41.048596,-84.390167,Numbered County Route,60,,,,1.00,Miles,East,Numbered Township Route,187,,,Intersection,,False,,False,On Roadway,Not Collision Between Two Vehicles in Transport,Cloudy,Dawn/Dusk,False,False,False,False,,,Unit 1 was traveling west on county road 60 east of road 187 when a deer entered the roadway and struck unit 1 in the front.,Police,False,1/6/2023 9:39:00 AM,1/6/2023 9:40:00 AM,1/6/2023 9:41:00 AM,1/6/2023 9:56:00 AM,0,16,Shepherd; Simeon,6326,Dyson; Jonathan,6302,False,,,Straight Level,Wet,Blacktop; Bituminous; Asphalt,0,0,16,True,True,False,False,False,False,False,False,False,True,False,False,False,False,False,False,False
	2023-00000917,20233001390,Property Damage Only,,,False,False,False,False,False,False,False,	07701,2,2,Summit County,City,Akron,1/3/2023 10:51:00 AM,1000,41.096282,-81.550934,,,,JEFFERSON,Avenue,,,,,,, 1036,House Number,,False,,False,On Roadway,Not Collision Between Two Vehicles in Transport,Rain,Daylight,False,False,False,False,,,Unit 1 was parked at the curb in front of 1036 Jefferson Ave; partially blocking the apron of the shared lot of 1030 and 1036.  Unit 2 backed from the lot and struck unit 1.  ,Police,False,1/3/2023 10:51:00 AM,1/3/2023 11:10:00 AM,1/3/2023 11:17:00 AM,1/3/2023 12:18:00 PM,0,0,1055 - Cunningham; James,1055,1125 - Hentosz; James,1125,False,,,Straight Level,Wet,Brick/Block,0,0,68,False,False,False,False,False,False,False,False,False,False,False,False,False,False,False,False,False
	2023-00001481,20233001392,Property Damage Only,Unsolved,,False,False,False,False,False,False,False,	07701,2,2,Summit County,City,Akron,1/2/2023 3:10:00 PM,1000,41.072534,-81.512495,,,East,EXCHANGE,Street,,,,,,, 300,House Number,,False,,False,On Roadway,Not Collision Between Two Vehicles in Transport,Clear,Daylight,False,False,False,False,,,    Unit 01 was parked in front of 300 E Exchange. Unit 02 backed into Unit 01 causing minor damage. ,Police,False,1/4/2023 4:26:00 PM,1/4/2023 4:26:00 PM,1/4/2023 4:26:00 PM,1/4/2023 6:00:00 PM,0,0,1389 - Collins; Brandon,1389,1305 - Lepa; Christopher,1305,False,,,Straight Level,Other/Unknown,Blacktop; Bituminous; Asphalt,0,0,94,False,False,False,False,False,False,False,False,False,False,False,False,False,False,False,False,False
	23WHI-467-AC,20233001393,Property Damage Only,Solved,,False,True,False,True,False,False,False,	02511,1,1,Franklin County,City,Whitehall,1/5/2023 2:37:00 PM,84742,39.961702,-82.890997,,,,VIRGINIA,Circle,,,,,,,4060,House Number,,False,,False,Outside Trafficway,Not Collision Between Two Vehicles in Transport,Clear,Daylight,False,False,False,False,,,Unit 1 was traveling westbound on Virgina Cir E. approaching in front of 4060. Unit 1 went off the right side of the road; struck a curb; and then struck a utility pole.     #118,Police,False,1/5/2023 2:37:00 PM,1/5/2023 2:37:00 PM,1/5/2023 2:40:00 PM,1/5/2023 4:15:00 PM,60,,WATTS; HOLLY R,118,NICOL; DAVID R,77,False,,,Straight Level,Dry,Blacktop; Bituminous; Asphalt,0,0,158,False,False,False,False,False,False,False,False,False,False,True,True,False,False,False,False,False
	2390010,20233001395,Injury Possible,,EUCLID,False,False,True,False,False,False,False,	01818,2,1,Cuyahoga County,City,EUCLID,1/3/2023 4:50:00 PM,25704,41.620977,-81.502240,State Route,283,,LAKE SHORE BLVD,Boulevard,,,,,,,E 260 ST,House Number,,False,,False,On Roadway,Angle,Rain,Dawn/Dusk,False,False,False,False,,,Unit 2 was traveling east on Lakeshore Boulevard (SR-283) approaching 26100 Lakeshore Boulevard in the left lane (lane 1).  Unit 1 was exiting the private driveway of 26100 Lakeshore Boulevard onto Lakeshore Boulevard.  Unit 1 improperly turned left (west) into unit 2 s lane of travel causing unit 2 to strike unit 1 on the left front with the front center.  No citation issued.,Police,False,1/3/2023 4:54:33 PM,1/3/2023 4:55:31 PM,1/3/2023 5:06:49 PM,1/3/2023 5:48:00 PM,25,0,KYLE  NYMAN,0031,MICHAEL WALSH,0218,False,,,Straight Level,Wet,Blacktop; Bituminous; Asphalt,0,0,77,False,False,False,False,False,False,False,False,False,False,False,False,False,True,False,False,False
	2023002,20233001399,Property Damage Only,,,False,False,False,False,False,False,False,	07707,1,1,Summit County,City,MACEDONIA,1/2/2023 3:02:06 PM,45976,41.335540,-81.515317,,,,FREEWAY,Drive,150.00,Feet,South,,,,LEDGE,Intersection,Road,False,,False,Outside Trafficway,Not Collision Between Two Vehicles in Transport,Cloudy,Daylight,False,False,False,False,,,Driver of unit # 1 was northbound on Freeway Dr. at the curves; when her vehicle slid on the wet pavement and went off the right side of the roadway and struck the cement barrier.  Her vehicle then came back onto the roadway; where she crossed the roadway running off the left side ; went into a ditch and struck a culvert.,Police,True,1/2/2023 3:02:06 PM,1/2/2023 3:03:39 PM,1/2/2023 3:05:08 PM,1/2/2023 3:31:05 PM,20,0,CHRIS NEAL,0403,CHRISTIAN COSTELLO,0474,False,,,Straight Grade,Wet,Blacktop; Bituminous; Asphalt,0,0,47,False,False,False,False,False,False,False,False,False,False,True,True,False,False,False,False,False
	AC01230004,20233001403,Property Damage Only,,,False,True,False,False,False,False,False,	06500,2,1,Pickaway County,Township,SCIOTO (TOWNSHIP OF),1/4/2023 6:08:00 AM,70870,39.721120,-83.019710,State Route,316,,,,10.00,Yards,East,State Route,104,,,Intersection,,True,4,False,On Roadway,Rear-end,Clear,Dark - Roadway Not Lighted,False,False,False,False,,,On 1/4/2023; unit 2 was stopped at the stop light at SR104/SR316. When the light turned green; unit 1 started a forward motion before unit 2; causing unit 1 to strike the back of unit 2. Unit 2 suffered cosmetic damage. Unit 1 damage was not discernable. ,Police,False,1/4/2023 6:08:00 AM,1/4/2023 6:09:00 AM,1/4/2023 6:16:00 AM,1/4/2023 6:33:00 AM,,,CLARK KREAGER,51,JOYCE DAVIS,7,False,,,Straight Level,Wet,Blacktop; Bituminous; Asphalt,0,0,24,False,False,False,False,False,False,False,False,False,True,False,False,False,False,False,False,False
	S-P2300021,20233001406,Property Damage Only,,,False,True,False,True,False,False,False,	04200,1,98,Knox County,Township,Brown (Township of),1/4/2023 9:13:00 PM,9470,40.487294,-82.355001,,,,WOOSTER,Road,30.00,Feet,North,,,,17769,House Number,,False,,False,On Roadway,Not Collision Between Two Vehicles in Transport,Clear,Dark - Roadway Not Lighted,False,False,False,False,,,On January 4; 2023 Unit one was traveling Northbound on Wooster Rd. near 17769 Wooster Rd. A deer entered the right side of the roadway and Unit 1 struck the deer.,Police,False,1/4/2023 9:14:00 PM,1/4/2023 9:16:00 PM,1/4/2023 9:30:00 PM,1/4/2023 9:48:00 PM,0,32,Ramsier; Jesse,7863,Sheffer; Jay,2324,False,,,Straight Grade,Dry,Blacktop; Bituminous; Asphalt,0,0,32,True,True,False,False,False,False,False,False,False,True,False,False,False,False,False,False,False
	2023-00001200,20233001407,Property Damage Only,,,False,True,False,False,False,False,False,	07701,2,1,Summit County,City,Akron,1/3/2023 11:00:00 PM,1000,41.046683,-81.527439,,,East,ARCHWOOD,Avenue,20.00,Feet,East,,,South, MAIN,Intersection,Street,False,,False,On Roadway,Backing,Rain,Dark - Lighted Roadway,False,False,False,False,,,Car 1 was traveling EB on Archwood Ave after turning off Main St Car 2 was following behind him off of Main St onto Archwood Ave Car 1 had to sit behind another vehicle that was sitting in the street facing East; talking to another person in a car facing West and both vehicles were blocking the street Car 1 needed to get around them so he backed up and did not see Car 2 behind him and backed into the car. ,Police,False,1/3/2023 11:07:00 PM,1/3/2023 11:21:00 PM,1/3/2023 11:21:00 PM,1/3/2023 11:55:00 PM,45,45,1578 - Hastie; Nathan,1578,861 - Mara; Steven,861,False,,,Straight Level,Wet,Blacktop; Bituminous; Asphalt,0,0,79,False,False,False,False,False,False,False,False,False,False,False,False,False,False,False,False,False
	23-01-000047,20233001409,Property Damage Only,,,False,True,False,False,False,False,False,	08100,1,98,Van Wert County,Township,Tully (Township of),1/5/2023 7:41:00 AM,77756,40.921408,-84.789536,,,,Werner,Road,75.00,Yards,North,,,,5732,House Number,,False,,False,On Roadway,Not Collision Between Two Vehicles in Transport,Clear,Daylight,False,False,False,False,,,On Thursday 01/05/2023 at approx. 0741 hours Unit#1 was SB on Werner Road approaching House # 5732; when a deer ran from the filed on the west side of the roadway.  Unit#1 struck the deer.  The deer was killed and a Deer slip was issued to Justin Gibson.  ,Police,False,1/5/2023 7:41:00 AM,1/5/2023 7:46:00 AM,1/5/2023 8:10:00 AM,1/5/2023 8:31:00 AM,30,,Wiley; Colleen K,8111,Smith; Rodney W,8144,False,,,Straight Level,Dry,Blacktop; Bituminous; Asphalt,0,0,75,True,True,False,False,False,False,False,False,False,False,True,True,False,False,False,False,False
	2023-00000925,20233001410,Property Damage Only,,,False,False,False,False,False,False,False,	07701,2,2,Summit County,City,Akron,1/3/2023 11:14:00 AM,1000,41.031430,-81.550205,,,,I 277 E TO W WATERLOO,Road,,,,,,West, WATERLOO,Intersection,Road,False,,False,On Roadway,Angle,Rain,Daylight,False,False,False,False,,,Unit #1 was eastbound on I-277 in the middle lane.  Unit #2 was eastbound in the left lane.  The driver of Unit #2 stated her vehicle hydroplaned and she lost control.  Unit #2 spun out into the middle lane.  The front end of Unit #2 struck the left fender/wheel on a 12 foot enclosed utility trailer (TTH9651; 10WCV16174W039447) being towed by Unit #1.  The trailer was disabled due to damage to the wheel.  ,Police,False,1/3/2023 11:15:00 AM,1/3/2023 11:18:00 AM,1/3/2023 11:22:00 AM,1/3/2023 12:30:00 PM,10,10,1083 - Mckeel; Jason,1083,1125 - Hentosz; James,1125,False,,,Straight Level,Wet,Blacktop; Bituminous; Asphalt,0,0,82,False,False,False,False,False,False,False,False,False,True,True,False,False,False,False,False,False