LocalReportNumber,DocumentNumber,CrashSeverity,HitSkip,LocalInformation,SecondaryCrash,PhotosTaken,OH2,OH3,OH1P,OHOther,PrivateProperty,ReportingAgencyNCIC,NumberOfUnits,UnitInError,County,InCityVillageTownship,CityVillageTownshipName,CrashDateTime,FIPSPlaceCode,Latitude,Longitude,LocationRouteType,LocationRouteNumber,LocationPrefix,LocationRoadName,LocationRoadType,DistanceFromReference,DistanceReferenceMeasurement,DirectionFromReference,ReferenceRouteType,ReferenceRouteNumber,ReferencePrefix,ReferenceName,ReferencePointUsed,ReferenceRoadType,IntersectionOrApproachRelated,NumberOfApproaches,WithinInterchangeArea,LocationFirstHarmfulEvent,MannerOfCollision,Weather,LightCondition,ActiveSchoolZoneRelated,WorkZoneRelated,WorkersPresent,LawEnforcementPresentInWorkZone,WorkZoneType,WorkZoneLocation,Narrative,ReportTakenBy,Supplement,CrashReportedDateTime,DispatchedDateTime,ArrivedDateTime,SceneClearedDateTime,OtherInvestigationTime,TotalTimeRoadwayClosed,OfficerName,OfficerBadgeNumber,CheckedByOfficerName,CheckedByBadgeNumber,RoadwayDivided,DividedLaneTravelDirection,DividedMedianType,RoadContour,RoadCondition,RoadSurface,TotalInjured,TotalKilled,TotalMinutes,AnimalRelated,AnimalDeerRelated,AlcoholRelated,DrugRelated,BicycleRelated,MotorCycleRelated,SpeedRelated,PedestrianRelated,SemiTruckRelated,SmallTruckRelated,YouthRelated,TeenRelated,DUI21Related,SeniorRelated,FatalNotReportable,CommercialRelated,CommercialAtFault
	2023-00000062,20233001863,Property Damage Only,,,False,False,False,False,False,False,False,	04701,2,1,Lorain County,City,Amherst,1/3/2023 3:09:00 PM,1798,41.414992,-82.208828,State Route,2,,STATE ROUTE 2,Highway,,,,State Route,58,,Leavitt,Intersection,Road,True,3,True,Off ramp,Rear-end,Rain,Daylight,False,False,False,False,,,Units 1 and 2 were on the westbound State Route 2 exit ramp at State Route 58.  A dark colored minivan; was traveling southbound on St. Rt. 58 and performed an illegal U-turn and proceeded to travel northbound.  Unit 2 was attempting to make a right hand turn and was forced to stop suddenly.  Unit 1 struck the rear of Unit 2 in the process.  Both operators of Units 1 and 2 did observe the minivan perform an improper U-turn.  No further description or witnesses could be obtained.   ,Police,False,1/3/2023 3:09:00 PM,1/3/2023 3:09:00 PM,1/3/2023 3:09:00 PM,1/3/2023 3:25:00 PM,15,0,Jacob Waryu,145,Christopher Alten,009,True,West,Other/Unknown,Straight Level,Wet,Blacktop; Bituminous; Asphalt,0,0,31,False,False,False,False,False,False,False,False,False,False,False,False,False,False,False,False,False
	2023-00000098,20233001870,Property Damage Only,,,False,False,False,False,False,False,False,	04701,2,1,Lorain County,City,Amherst,1/4/2023 4:53:00 PM,1798,41.411784,-82.238985,,,,OAK POINT,Road,15.00,Yards,South,,,,Cooper Foster Park,Intersection,Road,True,4,True,On Roadway,Angle,Cloudy,Daylight,False,False,False,False,,,The operator of Unit 1 stated as she was exiting the WB exit ramp onto Oak Point Rd; she became stuck in the middle of the intersection due to backed up traffic. The operator of Unit 1 stated after traffic started to move; she attempted to get into the left turn lane and struck Unit 2 in the passenger side doors with her front left bumper.  The operator of Unit 2 stated after her traffic signal turned green she proceeded north into the intersection and drove towards the left turn lane where Unit 1 struck her passenger side.   I observed Unit 1's front left bumper to have numerous scratch marks and a minor dent.  Unit 2's entire passenger side had deep scratch marks and dents throughout.   ,Police,False,1/4/2023 4:53:00 PM,1/4/2023 4:56:00 PM,1/4/2023 5:02:00 PM,1/4/2023 5:13:00 PM,20,,Jason Nahm,095,Jason Nahm,095,False,,,Straight Grade,Dry,Blacktop; Bituminous; Asphalt,0,0,37,False,False,False,False,False,False,False,False,False,False,True,False,False,False,False,False,False
	2023C0006,20233001871,Property Damage Only,Unsolved,,False,False,False,False,False,False,False,	03112,2,1,Hamilton County,City,Forest Park,1/4/2023 2:21:00 PM,27706,39.294560,-84.535920,,,,KEMPER MEADOW ,Drive,,,,,,,1500,House Number,,False,,False,Outside Trafficway,Angle,Clear,Daylight,False,False,False,False,,,UNIT 2 WAS PARKED IN THE PARKING LOT OF 1500 KEMPER MEADOW. UNIT 1  (DRIVERLESS) FAILED TO MAINTAIN REASONABLE CONTROL AND STRUCK THE FRONT LEFT PORTION OF UNIT2. UNIT 1 WAS FOUND TO HAVE LOCKED DOORS AND THE TRANSMISSION WAS LEFT IN NEUTRAL. UNIT 1 DRIVER WAS NOT ON SCENE. ,Police,False,1/4/2023 2:21:00 PM,1/4/2023 3:34:00 PM,1/4/2023 3:36:00 PM,1/4/2023 3:38:00 PM,,,Thompson; Josh,8830,Nared; Darnell,6807,False,,,Straight Level,Dry,Blacktop; Bituminous; Asphalt,0,0,4,False,False,False,False,False,False,True,False,False,False,False,False,False,False,False,False,False
	23-000068,20233001873,Serious Injury Suspected,,,False,True,False,False,False,False,False,	01600,1,1,Coshocton County,City,Coshocton,1/7/2023 10:33:00 AM,18868,40.272302,-81.868019,,,,Walnut St,Street,150.00,Feet,East,,,South,S. 2nd St.,Intersection,Street,False,,False,On Shoulder,Not Collision Between Two Vehicles in Transport,Clear,Daylight,False,False,False,False,,,U/1 was traveling east on Walnut St. when he went off the right side of the roadway and struck a utility pole.  U/1 appeared to have a medical issue prior to the accident.,Police,True,1/7/2023 10:33:00 AM,1/7/2023 10:33:00 AM,1/7/2023 10:33:00 AM,1/7/2023 11:27:00 AM,,,White; Michael ,15,White; Michael ,15,False,,,Straight Level,Dry,Blacktop; Bituminous; Asphalt,0,0,54,False,False,False,False,False,False,False,False,False,False,False,False,False,True,False,False,False
	20230033,20233001874,Injury Possible,,.,False,True,False,True,False,False,False,	07705,2,2,Summit County,City,HUDSON,1/6/2023 3:34:00 PM,36651,41.219040,-81.466549,,,,Barlow,Road,1.00,Feet,East,,,,Reserve,Intersection,Lane,True,2,False,On Roadway,Rear-end,Rain,Daylight,False,False,False,False,,,Unit #1 and #2 were west bound on Barlow Road. Unit #1 stated he slowed to turn into Reserve Lane and was struck by Unit #2 in the rear bumper. Unit #2 stated she struck unit #1 but a third car struck her pushing her into Unit #1. No evidence (damage or marks to the rear of Unit #2) suggested that a third car was involved. Unit #2 is at fault and cited for ACDA. Unit #1 stated he was going to seek medical treatment for lower back pain. This was reported on station (1/6/22) after the crash had occurred (1/3/22).,Police,False,1/6/2023 3:34:00 PM,1/6/2023 3:35:00 PM,1/6/2023 3:38:00 PM,1/6/2023 4:12:00 PM,60,,Daniel Worley,122,Troy Wilcox,185,False,,,Straight Level,Wet,Blacktop; Bituminous; Asphalt,0,0,97,False,False,False,False,False,False,False,False,False,True,True,True,False,False,False,False,False
	2023-00000220,20233001875,Property Damage Only,,,False,True,False,False,False,False,False,	04701,1,98,Lorain County,City,Amherst,1/8/2023 6:25:00 AM,1798,41.410511,-82.248728,State Route,2,,STATE ROUTE 2,Highway,100.00,Feet,East,,,,161.8,Mile Post,Milepost,False,,False,On Roadway,Not Collision Between Two Vehicles in Transport,Clear,Dark - Roadway Not Lighted,False,False,False,False,,,UNIT 1 WAS W/B ON S.R. 2 IN THE RIGHT LANE. UNIT 1 STATED A DEER ENTERED THE ROADWAY FROM THE MEDIAN AND HE STRUCK THE DEER. UNIT 1 SUSTAINED DISABLING DAMAGE TO THE FRONT BUMPER AND INTERNALS OF THE VEHICLE AND WAS TOWED FROM THE SCENE BY VAUGHN'S TOWING. THE OPERATOR OF UNIT 1 DID NOT SUSTAIN ANY INJURIES AND WAS GIVEN A COURTESY RIDE TO THE AMHERST POLICE DEPARTMENT WHERE HE WAITED TO BE PICKED UP.   ,Police,False,1/8/2023 6:25:00 AM,1/8/2023 6:25:00 AM,1/8/2023 6:28:00 AM,1/8/2023 6:49:00 AM,60,0,Brandon Michael Stanton,154,Brian Bowers,022,True,West,Divided; Depressed Median,Straight Level,Dry,Blacktop; Bituminous; Asphalt,0,0,84,True,True,False,False,False,False,True,False,False,False,False,False,False,False,False,False,False
	2023006,20233001881,Property Damage Only,,,False,True,False,True,False,False,False,	01809,2,99,Cuyahoga County,City,BROADVIEW HEIGHTS,1/7/2023 7:27:40 PM,9064,41.345010,-81.681798,,,East,E WALLINGS RD,Road,,,,,,,419,House Number,,False,,False,On Roadway,Sideswipe; opposite direction,Snow,Dark - Lighted Roadway,False,False,False,False,,,Unit 1 was traveling easbound on E. Wallings Rd; and Unit 2 was traveling westbound on E. Wallings Rd.  At some point; one of the units crossed the center line causing the units to sideswipe in the opposite direction.  Unit in error is undetermined.,Police,False,1/7/2023 7:27:40 PM,1/7/2023 7:31:24 PM,1/7/2023 7:35:57 PM,1/7/2023 8:19:24 PM,30,0,MIKE  MAZANEC,1934,MICHAEL  SEMANCO,1920,False,,,Straight Level,Wet,Blacktop; Bituminous; Asphalt,0,0,78,False,False,False,False,False,False,True,False,False,False,True,False,False,False,False,False,False
	2023002,20233001884,Property Damage Only,,271 N.B.,False,True,False,True,False,False,False,	07726,2,2,Summit County,Township,RICHFIELD,1/4/2023 2:48:23 PM,66530,41.201395,-81.683936,Interstate Route (Turnpike is also IR),271,North,271 N.B,Highway,0.50,Miles,North,,,,7,Mile Post,Milepost,False,,False,On Roadway,Sideswipe; same direction,Rain,Daylight,False,False,False,False,,,Unit one was traveling northbound on 271 in the right-hand lane. The driver stated that a semi-truck changed lanes and struck his vehicle. This caused unit one to spin out and go into the median. The driver of unit one gave a description of a semi-truck with a sky-blue cab but did not know anything further. The semi-truck did not stop.  At 0300 hours the driver of the semitruck returned to 271 and called police. The driver of unit two believed he was involved in an accident that occured on 271 around 1500 hours. He did not know he was involved in an accident until he was dropping off his load in Buffalo and saw that damage to his vehicle. He stated that he heard a thud but it was raining very hard and he did not know that he hit something.,Police,False,1/4/2023 2:48:23 PM,1/4/2023 2:49:52 PM,1/4/2023 2:55:17 PM,1/4/2023 4:03:49 PM,60,30,SHELBY  NOFFSINGER,720,MICHAEL  TESTA,717,True,North,Divided; Depressed Median,Straight Level,Wet,Blacktop; Bituminous; Asphalt,0,0,134,False,False,False,False,False,False,False,False,True,False,False,False,False,False,False,True,True
	2300085,20233001888,Minor Injury Suspected,Solved,,False,True,False,False,False,False,False,	01815,3,1,Cuyahoga County,City,Cleveland Heights,1/7/2023 9:43:39 AM,16014,41.501087,-81.593015,,,,CEDAR RD,Road,0.00,Miles,West,,,,SURREY RD,Intersection,Road,False,,False,On Roadway,Angle,Snow,Daylight,False,False,False,False,,,Unit 1 was traveling east bound on Cedar Rd. Unit 2 was stopped at the red light at the intersection of Cedar Rd at Surrey Rd. Unit 3 was stopped in traffic on Cedar Rd at Grandivew Ave in the right hand lane facing east bound. Unit 1 failed to stop at the red light at Cedar Rd at Surrey Rd striking Unit 2. Unit 1 spun out south west towards Grandview Ave striking unit 3.,Police,False,1/7/2023 9:43:39 AM,1/7/2023 9:43:39 AM,1/7/2023 9:43:39 AM,1/7/2023 10:56:45 AM,25,0,RYAN A WARTON,8561,DOUGLAS X EVANS,8543,False,,,Straight Level,Snow,Concrete,0,0,98,False,False,False,False,False,False,True,False,False,False,False,False,False,False,False,False,False
	202300023,20233001889,Property Damage Only,,,False,True,False,False,False,False,False,	06712,1,1,Portage County,City,Streetsboro,1/3/2023 11:58:00 AM,75014,41.227113,-81.322897,,,,DEER MEADOW,Boulevard,15.00,Feet,North,State Route,14,,,Intersection,,False,,False,On Roadway,Not Collision Between Two Vehicles in Transport,Rain,Daylight,False,False,False,False,,,Unit 1 was eastbound on SR 14 and was attempting to make a left turn on to Deer Meadow Blvd when he failed to control his vehicle and struck the entrance sign to the Deer Meadow neighborhood. The driver was also found to have a temporary driver's license and did not have a valid passenger in the vehicle.  The driver did not report any injury and the vehicle required a tow from the scene by Gateway Towing. The driver was cited for failure to control and no operator's license.,Police,False,1/3/2023 11:58:00 AM,1/3/2023 11:59:00 AM,1/3/2023 12:07:00 PM,1/3/2023 1:07:00 PM,10,,Joshua Bartholomew,532,Stanley Siedlecki,508,True,North,Divided; Raised Median (Any type),Straight Level,Wet,Blacktop; Bituminous; Asphalt,0,0,78,False,False,False,False,False,False,False,False,False,False,True,False,False,False,False,False,False
	23-004,20233001899,Property Damage Only,Solved,BLOME RD BRIDGE,False,True,True,False,False,False,False,	03117,2,1,Hamilton County,City,The Village of Indian Hill,1/7/2023 4:58:00 PM,76582,39.218133,-84.346060,,,,BLOME,Road,466.00,Yards,South,,,,SPOOKY HOLLOW,Intersection,Road,False,,False,On Roadway,Sideswipe; opposite direction,Clear,Daylight,False,False,False,False,,,UNIT 1 AND 2 APPROACHED BLOME ROAD BRIDGE AT APPROXIMATELY SAME TIME. UNIT 2 WAS NORTHBOUND AND HAD JUST GONE OVER THE BLOME ROAD ONE LANE BRIDGE. UNIT 1 WAS STOPPED JUST PAST THE WHITE YIELD TRIANGLE MARKINGS WHERE THE ROAD NARROWS. UNIT 2 CAME UP CLOSE ALONG SIDE UNIT 1 WITH THEIR WINDOW ROLLED DOWN AND ASKED WHAT ARE YOU DOING? UNIT 1 ALLEGEDLY IGNORED UNIT 2 AND DROVE OFF STRIKING THE SIDE OF UNIT 2. UNIT 2 TURNED AROUND; FOLLOWED UNIT 1 HONKING & FLASHING LIGHTS BUT IT DID NOT STOP.,Police,False,1/7/2023 4:58:00 PM,1/7/2023 4:58:00 PM,1/7/2023 5:06:00 PM,1/7/2023 5:12:00 PM,120,,Keith Lang,KAL,Shawn Perdue,SDP,False,,,Straight Level,Dry,Blacktop; Bituminous; Asphalt,0,0,134,False,False,False,False,False,False,False,False,False,False,False,False,False,False,False,False,False
	20230000082496,20233001901,Property Damage Only,,,False,True,False,False,True,False,False,	08728,2,1,Wood County,City,PERRYSBURG (TOWNSHIP OF),1/5/2023 5:57:23 PM,62162,41.548265,-83.598781,,,,FREMONT,Pike,100.00,Feet,West,,,,LAKEVUE,Intersection,Drive,False,,False,On Roadway,Rear-end,Rain,Dark - Lighted Roadway,False,False,False,False,,,Unit #1 was traveling west bound on U.S. 20 near lakevue Dr. Unit #2 was traveling east bound directly in front of Unit 1. Unit #2 began to slow in traffic. Unit #1 failed to assure clear distance ahead and struck Unit #2 in the rear.,Police,False,1/5/2023 5:57:23 PM,1/5/2023 6:22:29 PM,1/5/2023 6:24:00 PM,1/5/2023 6:40:04 PM,0,0,RINGLE; CLAYTON CHARLES,101,GLADNEY; JASON W,129,False,,,Straight Level,Wet,Blacktop; Bituminous; Asphalt,0,0,18,False,False,False,False,False,False,False,False,False,True,False,False,False,False,False,False,False
	2023-00000507,20233001911,Property Damage Only,Solved,,False,True,True,False,False,False,False,	03201,2,1,Hancock County,City,Findlay,1/8/2023 1:32:00 AM,27048,41.050877,-83.658860,,,,DEFIANCE,Avenue,343.00,Feet,East,,,,FRANKLIN,Intersection,Avenue,False,,False,On Roadway,Not Collision Between Two Vehicles in Transport,Clear,Dark - Lighted Roadway,False,False,False,False,,,Unit 1 was westbound on Defiance Avenue going approximately 25 mph.  Unit 2 was unoccupied and legally parked on Defiance Avenue.  Unit 1 side swiped Unit 2 and failed to stop.  After about half a block a traffic stop was preformed on Unit 1.  Unit 1 sustained functional damage to its passenger side mirror.  Unit 2 sustained functional damage to its driver's side mirror.  Unit 1 was driven from the scene. No injuries were reported.    Unit 1 is a gray 2001 Chevy S-10 bearing Ohio registration JJS7296. Unit 1 was driven by Luis Servando Hinojosa.  The registered owner of Unit 1 is Luis Alfred Hinojosa Escobedo.                  Unit 2 is a black 2004 Ford Edge bearing Ohio registration JYK3391 and was unoccupied and parked legally.  The registered owner for Unit 2 is Conner Brooks.  On 1/8/23 at 0132 hrs. I was stationary in the 300 Block of North Cory Street observing traffic.  I observed a gray 2001 Chevy S-10 bearing Ohio registration JJS7296 driving westbound in the E/W Meeks Alley.  The Chevy slowed as it reached N. Cory Street. The Chevy failed to stop for the stop sign and turned northbound onto N. Cory Street.  The Chevy went through the intersection at approximately 5mph.  I began to follow the Chevy northbound on N. Cory Street.   The Chevy turned westbound onto Defiance Avenue. maintaining a speed of 25 mph.  The Chevy stayed close to the northside of the road  ,Police,False,1/8/2023 1:32:00 AM,1/8/2023 1:33:00 AM,1/8/2023 1:33:00 AM,1/8/2023 2:21:00 AM,25,0,Joshua M Bortel,194,Ryan D Hackworth,868,False,,,Straight Level,Dry,Blacktop; Bituminous; Asphalt,0,0,73,False,False,False,False,False,False,False,False,False,True,False,False,False,False,False,False,False
	2230040053,20233001915,Property Damage Only,,10TH/ COURT ST,False,True,False,False,False,False,False,	07302,2,99,Scioto County,City,Portsmouth,1/4/2023 4:33:00 PM,64304,38.738410,-83.000440,,,,10TH,Street,,,,,,,COURT,Intersection,Street,True,3,False,On Roadway,Sideswipe; opposite direction,Clear,Daylight,False,False,False,False,,,Unit 1 was traveling West on 10th st approaching the intersection of Court St. Unit 2 was North on Court St. approaching 10th St. Both units began turning and they both struck each other during the turn. It is undetermined which unit was at fault.,Police,False,1/4/2023 4:33:00 PM,1/4/2023 4:38:00 PM,1/4/2023 4:41:00 PM,1/4/2023 4:51:00 PM,,,Kyle Galloway,221,Paul Lancaster,190,False,,,Straight Level,Dry,Blacktop; Bituminous; Asphalt,0,0,13,False,False,False,False,False,False,False,False,False,False,False,False,False,False,False,False,False
	2230060051,20233001916,Property Damage Only,,7TH STREET 600 BLK,False,True,False,False,False,False,False,	07302,2,1,Scioto County,City,Portsmouth,1/6/2023 5:40:00 PM,64304,38.735653,-82.999275,,,,7TH,Street,25.00,Feet,South,,,,633,House Number,,False,,False,On Roadway,Head-on,Clear,Dark - Lighted Roadway,False,False,False,False,,,Unit-1 was westbound on 7th Street. Unit-2 was eastbound on 7th Street. The driver of Unit-1 attempted to make a left hand turn into the alley accross from 633 7th Street and failed to yield the right of way to Unit-2. In response; Unit-1 hit Unit-2 attempting to make a left hand turn.,Police,False,1/6/2023 5:40:00 PM,1/6/2023 5:40:00 PM,1/6/2023 5:45:00 PM,1/6/2023 6:24:00 PM,,15,Tyler Messer,231,Paul Lancaster,190,False,,,Straight Level,Dry,Blacktop; Bituminous; Asphalt,0,0,44,False,False,False,False,False,False,False,False,False,False,False,False,False,False,False,False,False
	20230000000139,20233001917,Property Damage Only,Unsolved,,False,False,False,False,False,False,False,	03903,2,1,Huron County,City,WILLARD,1/8/2023 9:12:00 AM,85232,41.061816,-82.727464,,,,ELIZABETH,Street,,,,,,,312,House Number,,False,,False,On Roadway,Other/Unknown,Other/Unknown,Dark - Roadway Not Lighted,False,False,False,False,,,Un.2 was parked and unoccupied. Un.1 (unknown) struck Un. 2 causing front end damage to it. Un.1 then left the secen.,Police,False,1/8/2023 9:12:00 AM,1/8/2023 9:22:43 AM,1/8/2023 9:26:22 AM,1/8/2023 9:41:43 AM,0,0,KELBLEY; CHRISTOPHER ROBERT,8027,SLONE; BRIAN KEITH,8029,False,,,Straight Level,Other/Unknown,Blacktop; Bituminous; Asphalt,0,0,19,False,False,False,False,False,False,False,False,False,False,False,False,False,False,False,False,False
	2300295,20233001918,Property Damage Only,Unsolved,,False,False,True,False,True,False,False,	07604,1,1,Stark County,City,CANTON,1/8/2023 1:27:00 AM,12000,40.803074,-81.363404,,,,WC HENDERSON AVE NE,Avenue,,,,,,,LIPPERT RD NE,Intersection,Road,True,4,False,On Roadside,Not Collision Between Two Vehicles in Transport,Clear,Dark - Lighted Roadway,False,False,False,False,,,Unit 1 traveling south on WC Henderson Ave NE struck a utility pole just south of Lippert Rd NE and fled the scene.,Police,False,1/8/2023 1:27:00 AM,1/8/2023 1:29:00 AM,1/8/2023 1:33:00 AM,1/8/2023 2:30:00 AM,10,0,DILLON SHROYER,159,MICHAEL NORDICK,180,False,,,Straight Level,Dry,Blacktop; Bituminous; Asphalt,0,0,71,False,False,False,False,False,False,False,False,False,False,False,False,False,False,False,False,False
	23-499,20233001919,Property Damage Only,,,False,False,False,False,False,False,False,	07608,2,2,Stark County,City,Massillon,1/8/2023 11:40:00 AM,48244,40.787980,-81.532720,,,,Walnut,Road,,,,,,,9th,Intersection,Street,True,4,False,On Roadway,Angle,Clear,Daylight,False,False,False,False,,,Unit 1 was westbound on Walnut Rd. SW.  Unit 2 was northbound on 9th SW; stopped at the stop sign then proceeded.  The driver of unit 2 did not see unit 1 and was struck by unit 1 in the intersection.  Unit 2 is at fault and was cited.,Police,False,1/8/2023 11:40:00 AM,1/8/2023 11:41:00 AM,1/8/2023 11:46:00 AM,1/8/2023 12:10:00 PM,60,89,Smith; Jason A.,PTL-96,Smith; Dennis M.,PTL101,False,,,Straight Level,Dry,Blacktop; Bituminous; Asphalt,0,0,89,False,False,False,False,False,False,False,False,False,False,False,False,False,True,False,False,False
	23A000377,20233001920,Injury Possible,,,False,False,False,False,True,False,False,	05001,2,2,Mahoning County,Township,AUSTINTOWN (TOWNSHIP OF),1/8/2023 9:23:00 AM,3198,41.087940,-80.732320,,,South,RACCOON,Road,,,,,,,BURKEY,Intersection,Road,True,4,False,On Roadway,Angle,Cloudy,Daylight,False,False,False,False,,,Unit #1 was traveling eastbound on Burkey Rd.; through the intersection at S. Raccoon Rd.  Unit #2 was traveling southbound on S. Raccoon Rd. approaching Burkey Rd.; at which time the driver of Unit #2 failed to obey the traffic control device (red traffic signal) at the intersection; striking Unit #1 on the left rear with the center front of Unit #2.,Police,False,1/8/2023 9:23:00 AM,1/8/2023 9:24:00 AM,1/8/2023 9:33:00 AM,1/8/2023 10:31:00 AM,,,SCOTT MCINTYRE,105,PEZZUOLO,118,False,,,Straight Level,Dry,Blacktop; Bituminous; Asphalt,0,0,67,False,False,False,False,False,False,False,False,False,False,False,False,False,False,False,False,False
	230018444,20233001922,Property Damage Only,Unsolved,3 / 101,False,False,False,False,False,False,False,	COP00,2,1,Franklin County,City,Columbus,1/8/2023 4:08:00 AM,18000,39.939640,-83.075210,,,,Wiltshire,Road,20.00,Yards,North,,,,Eakin,Intersection,Road,False,,False,On Roadway,Not Collision Between Two Vehicles in Transport,Clear,Dark - Lighted Roadway,False,False,False,False,,,The owner of Unit #2 stated her vehicle was parked unoccupied in front of her residence (735 Wiltshire Rd.) when it was struck by Unit #1. The owner of Unit #2 stated the driver of Unit #1 fled the scene without leaving information. There were no witnesses to the incident and there is no description of the driver at this time. The vehicle (Unit #1) was towed due to being left in the middle of the roadway. Officers followed up at the registered address for the owner of Unit #1 and were unable to make contact. ,Police,True,1/8/2023 4:08:00 AM,1/8/2023 6:37:00 AM,1/8/2023 6:50:00 AM,1/8/2023 7:37:00 AM,,,M. Baldwin,774,BEESON; ROBERT,5290,False,,,Straight Level,Dry,Blacktop; Bituminous; Asphalt,0,0,60,False,False,False,False,False,False,False,False,False,False,False,False,False,False,False,False,False
	PPD-2300016,20233001925,Property Damage Only,,,False,True,False,True,True,False,False,	02309,2,1,Fairfield County,City,Pickerington,1/5/2023 1:40:00 PM,62498,39.909972,-82.778946,,,,Refugee,Road,30.00,Yards,West,State Route,256,,,Intersection,,True,4,False,On Roadway,Rear-end,Cloudy,Daylight,False,False,False,False,,,Unit #2 was stopped in the left through lane on Refugee Rd facing east just west of SR256 for a red light.  Unit #1 was traveling east behind Unit #2.  Unit #1 did not stop and struck Unit #2 from behind.  Unit #1 is at primary fault in the crash for failure to allow an assured clear distance ahead.,Police,False,1/5/2023 1:40:00 PM,1/5/2023 1:40:00 PM,1/5/2023 1:44:00 PM,1/5/2023 2:17:00 PM,0,37,Snyder; Stephen,440,Wallace; Chad,404,False,,,Straight Level,Dry,Blacktop; Bituminous; Asphalt,0,0,37,False,False,False,False,False,False,False,False,False,True,False,False,False,False,False,False,False
	23A000385,20233001928,Property Damage Only,,,False,False,False,False,False,False,False,	05001,2,2,Mahoning County,Township,AUSTINTOWN (TOWNSHIP OF),1/8/2023 12:23:00 PM,3198,41.083360,-80.732330,,,,NEW,Road,,,,,,South,RACCOON,Intersection,Road,True,4,False,On Roadway,Angle,Clear,Daylight,False,False,False,False,,,  This investigation reveals that unit 1 was traveling south on S. Raccoon Rd passing New Rd. Unit 2 was traveling east on New Rd. and stopped at the red light. Unit 2 began to turn right (south) on S. Raccoon Rd failing to yield to unit 1 striking a 5X8 CARR Trailer being towed by unit 1. Unit 2 struck unit 1's trailer on the right rear tire area with the front right of unit 2; causing damage to the trailer and to unit 2.      The trailer bearing Ohio registration ( SYY-9315) year 2021,Police,False,1/8/2023 12:23:00 PM,1/8/2023 12:25:00 PM,1/8/2023 12:28:00 PM,1/8/2023 1:30:00 PM,,,CHRIS PASVANIS,U126,PEZZUOLO,118,False,,,Straight Level,Dry,Blacktop; Bituminous; Asphalt,0,0,65,False,False,False,False,False,False,False,False,False,True,False,False,False,False,False,False,False
	PPD-2300021,20233001929,Property Damage Only,,,False,True,False,True,False,False,False,	02309,2,1,Fairfield County,City,Pickerington,1/6/2023 3:37:00 PM,62498,39.874798,-82.778778,,,,Diley,Road,,,,,,,Pickerington Ponds,Intersection,Drive,True,3,False,On Roadway,Angle,Cloudy,Daylight,False,False,False,False,,,Unit #2 was traveling south in the left lane of Diley Rd just north of Pickerington Ponds Dr.  Unit #1 was stopped waiting to turn left from Pickerington Ponds Dr onto Diley Rd.  Unit #1 pulled forward in an attempt to make the left turn but; struck Unit #2 as it reached that intersection.  Unit #1 is at primary fault in the crash for failure to yield on a left turn.,Police,False,1/6/2023 3:37:00 PM,1/6/2023 3:37:00 PM,1/6/2023 3:51:00 PM,1/6/2023 5:07:00 PM,0,90,Snyder; Stephen,440,Wallace; Chad,404,False,,,Straight Level,Dry,Blacktop; Bituminous; Asphalt,0,0,90,False,False,False,False,False,False,True,False,False,False,True,True,False,False,False,False,False
	CP2301000512,20233001931,Property Damage Only,,,False,True,False,False,False,False,False,	08304,2,1,Warren County,City,Mason,1/6/2023 4:42:48 PM,48188,39.337241,-84.329809,,,,Snider,Road,,,,,,,Western Row,Intersection,Road,True,4,False,On Roadway,Angle,Cloudy,Daylight,False,False,False,False,,,Unit 2 was traveling southbound on Snider Road at Western Row Road. Unit 1 was traveling north on Snider Road and attempted to make a left turn onto Western Row Road. Unit 1 failed to yield to Unit 2 and struck Unit 2 on the back driver side. ,Police,False,1/6/2023 4:43:00 PM,1/6/2023 4:43:00 PM,1/6/2023 4:44:00 PM,1/6/2023 5:35:00 PM,30,0,Donley; Tommy 1C15,1C15,Fitzgerald; Eric 1C37,1C37,False,,,Straight Level,Dry,Blacktop; Bituminous; Asphalt,0,0,82,False,False,False,False,False,False,False,False,False,False,True,True,False,True,False,False,False