LocalReportNumber,DocumentNumber,CrashSeverity,HitSkip,LocalInformation,SecondaryCrash,PhotosTaken,OH2,OH3,OH1P,OHOther,PrivateProperty,ReportingAgencyNCIC,NumberOfUnits,UnitInError,County,InCityVillageTownship,CityVillageTownshipName,CrashDateTime,FIPSPlaceCode,Latitude,Longitude,LocationRouteType,LocationRouteNumber,LocationPrefix,LocationRoadName,LocationRoadType,DistanceFromReference,DistanceReferenceMeasurement,DirectionFromReference,ReferenceRouteType,ReferenceRouteNumber,ReferencePrefix,ReferenceName,ReferencePointUsed,ReferenceRoadType,IntersectionOrApproachRelated,NumberOfApproaches,WithinInterchangeArea,LocationFirstHarmfulEvent,MannerOfCollision,Weather,LightCondition,ActiveSchoolZoneRelated,WorkZoneRelated,WorkersPresent,LawEnforcementPresentInWorkZone,WorkZoneType,WorkZoneLocation,Narrative,ReportTakenBy,Supplement,CrashReportedDateTime,DispatchedDateTime,ArrivedDateTime,SceneClearedDateTime,OtherInvestigationTime,TotalTimeRoadwayClosed,OfficerName,OfficerBadgeNumber,CheckedByOfficerName,CheckedByBadgeNumber,RoadwayDivided,DividedLaneTravelDirection,DividedMedianType,RoadContour,RoadCondition,RoadSurface,TotalInjured,TotalKilled,TotalMinutes,AnimalRelated,AnimalDeerRelated,AlcoholRelated,DrugRelated,BicycleRelated,MotorCycleRelated,SpeedRelated,PedestrianRelated,SemiTruckRelated,SmallTruckRelated,YouthRelated,TeenRelated,DUI21Related,SeniorRelated,FatalNotReportable,CommercialRelated,CommercialAtFault
	23010128491930,20233002145,Property Damage Only,,CENTRAL,False,False,False,False,False,False,False,	04807,1,1,Lucas County,City,TOLEDO,1/1/2023 7:30:00 PM,77000,41.687240,-83.560680,,,,BERDAN,Avenue,10.00,Feet,South,,,,JEEP,Intersection,Parkway,True,3,True,On Roadway,Not Collision Between Two Vehicles in Transport,Clear,Dark - Lighted Roadway,False,False,False,False,,,Unit 1 was traveling South on Berdan Ave approaching Jeep Pkwy roundabout. Unit 1 stated that a vehicle was traveling in the right lane beside it; and attempted to merge into the left lane where Unit 1 was. Unit 1 stated that he took evasive action; however jumped the curb disabling his vehicle. Unit 1 was not able to give this unit any information on the vehicle that cut him off. Unit 1 was cited with failure to control and released. ,Police,False,1/1/2023 7:30:00 PM,1/1/2023 7:32:00 PM,1/1/2023 7:35:00 PM,1/1/2023 7:50:00 PM,,,SPENCER HASTEDT,2849,TIMOTHY HANUS,1925,True,South,Divided Flush Median (Less than 4 feet),Straight Level,Dry,Blacktop; Bituminous; Asphalt,0,0,18,False,False,False,False,False,False,False,False,False,False,True,True,False,False,False,False,False
	2023-00000656,20233002146,Property Damage Only,,,False,False,True,True,False,False,False,	02911,1,98,Greene County,City,Beavercreek,1/8/2023 8:43:00 AM,4720,39.719095,-84.056820,Federal US Route,35,,,,,,,,,,44,Mile Post,Milepost,False,,False,On Roadway,Not Collision Between Two Vehicles in Transport,Clear,Daylight,False,False,False,False,,,Unit 1 was driving west on US 35 near MM 44 when it struck a deer.     Owner of the struck deer:  Ohio Department of Natural Resources 2045 Morse Rd Columbus; OH 43229 (614)265-6565   ,Police,False,1/8/2023 8:43:00 AM,1/8/2023 8:45:00 AM,1/8/2023 8:54:00 AM,1/8/2023 9:45:00 AM,,,Taylor M Smart,B151,Daniel Krall,B81,True,West,Divided; Raised Median (Any type),Straight Level,Dry,Blacktop; Bituminous; Asphalt,0,0,60,True,True,False,False,False,False,False,False,False,False,False,False,False,False,False,False,False
	DPD-23-00088,20233002147,Minor Injury Suspected,,,False,True,True,False,False,False,False,	02001,2,1,Defiance County,City,DEFIANCE,1/3/2023 6:35:00 AM,21308,41.286637,-84.365122,,,West,Third ,Street,,,,,,,Jackson ,Intersection,Avenue,True,4,False,On Roadway,Angle,Rain,Dark - Lighted Roadway,False,False,False,False,,,Unit #1 was traveling northeast on Jackson Street and failed to stop for the stop sign at the intersection of Jackson and West Third Street. Unit #2 was traveling southwest on West Third Street and struck Unit #1 causing damage. Unit #1 operator not on scene.,Police,False,1/3/2023 6:36:00 AM,1/3/2023 6:36:00 AM,1/3/2023 6:38:00 AM,1/3/2023 6:59:00 AM,60,83,Saylor; Jordan,U78,Williams; Ben,U46,False,,,Straight Level,Wet,Blacktop; Bituminous; Asphalt,0,0,83,False,False,False,False,False,False,False,False,False,True,False,False,False,True,False,False,False
	22-188,20233002148,Property Damage Only,,,False,True,False,True,False,False,False,	01315,2,1,Clermont County,Township,Miami (Township of),1/6/2023 12:44:00 PM,49322,39.188487,-84.258900,State Route,28,,,,,,,,,,Romar,Intersection,Drive,False,,False,On Roadway,Rear-end,Cloudy,Daylight,False,False,False,False,,,Unit #2 was stopped in traffic.  Unit #1 struck unit #2 in the rear.,Police,False,1/6/2023 12:44:00 PM,1/6/2023 12:45:00 PM,1/6/2023 12:52:00 PM,1/6/2023 1:30:00 PM,0,45,Thompson; Shane,M76,Thompson; Shane,M76,False,,,Straight Level,Dry,Blacktop; Bituminous; Asphalt,0,0,45,False,False,False,False,False,False,False,False,False,False,True,False,False,False,False,False,False
	SO2301000627,20233002149,Property Damage Only,,,False,True,False,False,False,False,False,	08300,2,1,Warren County,Township,Lebanon,1/5/2023 6:05:00 AM,42364,39.404724,-84.152429,,,,Phillips,Road,,,,,,,1740,House Number,,False,,False,On Roadway,Rear-end,Clear,Dark - Roadway Not Lighted,False,False,False,False,,,Unit 1 failed to allow assured clear distance ahead as Unit 2 was slowing to a stop for a school bus with flashing lights and stop sign activated.  Unit 1 struck Unit 2 in the rear causing disabling damage to Unit 1 and minor damage to Unit 2.  Unit 1 was cited for 4511.21A ACDA through the Lebanon Municipal Court.  Unit 1 was towed from the scene by Case Towing.  No injuries were reported.  ,Police,False,1/5/2023 6:06:14 AM,1/5/2023 6:06:00 AM,1/5/2023 6:15:00 AM,1/5/2023 7:15:00 AM,15,60,Hofele; Benjamin 931,931,Saylor; Ryan 964,964,False,,,Straight Level,Dry,Blacktop; Bituminous; Asphalt,0,0,84,False,False,False,False,False,False,False,False,False,False,True,True,False,False,False,False,False
	2023-00000570,20233002150,Property Damage Only,,,False,False,False,False,False,False,False,	02911,4,1,Greene County,City,Beavercreek,1/7/2023 3:02:00 PM,4720,39.769698,-84.054013,,,,PENTAGON,Boulevard,,,,,,,3360,House Number,,False,,False,On Roadway,Rear-end,Clear,Daylight,False,False,False,False,,,Unit 01 rear ended Unit 2 pushing them into Unit 3 who was pushed into Unit 4; while traveling eastbound in front of 3360 Pentagon BLVD.    ,Police,False,1/7/2023 3:02:00 PM,1/7/2023 3:03:00 PM,1/7/2023 3:13:00 PM,1/7/2023 4:13:00 PM,,,Dylan J Zimmerman,B138,Brian Cline,B77,True,East,Divided; Raised Median (Any type),Straight Level,Dry,Blacktop; Bituminous; Asphalt,0,0,70,False,False,False,False,False,False,False,False,False,False,True,False,False,False,False,False,False
	23010128202138,20233002151,Property Damage Only,,CENTRAL,False,False,False,False,False,False,False,	04807,2,1,Lucas County,City,TOLEDO,1/1/2023 9:38:00 PM,77000,41.688700,-83.584640,,,,BERDAN,Avenue,,,,,,,JACKMAN,Intersection,Road,True,4,False,On Roadway,Rear-end,Clear,Dark - Lighted Roadway,False,False,False,False,,,Unit 2 was on Berdan facing EB at the red light at Jackman and Berdan. Unit 1 was traveling EB on berdan approaching the intersection of Berdan and Jackman. Unit 1 failed to maintain an assured clear distance and stop and as a result struck Unit 2.   TFD (Engine 17) came out and treated the listed operators. TFD left the scene.   This officer verified through LEADS that the operator of unit 1 did not have a valid drivers license. This officer cited the operator of unit 1 for assured clear distance and driving without a valid operators license. ,Police,False,1/1/2023 9:38:00 PM,1/1/2023 9:38:00 PM,1/1/2023 9:48:00 PM,1/1/2023 10:40:00 PM,,,ASHER COATS,2820,TIMOTHY HANUS,1925,False,,,Straight Level,Dry,Blacktop; Bituminous; Asphalt,0,0,62,False,False,False,False,False,False,True,False,False,True,False,False,False,False,False,False,False
	23-00978,20233002152,Injury Possible,,,False,False,True,False,False,False,False,	01202,1,1,Clark County,City,Springfield,1/8/2023 12:30:00 PM,74118,39.924531,-83.813990,,,,LEXINGTON,Avenue,,,,,,,2624,House Number,,False,,False,On Roadside,Not Collision Between Two Vehicles in Transport,Cloudy,Daylight,False,False,False,False,,,Unit 1 was west on Lexington Ave approaching 2624 Lexington.  After passing the driveway to 2624; he operator of Unit 1; for an unknown reason steered the vehicle off the right side of the roadway; and struck a wooden light pole.,Police,False,1/8/2023 12:32:00 PM,1/8/2023 12:33:00 PM,1/8/2023 12:44:00 PM,1/8/2023 1:09:00 PM,,,Dykes; Johnny ,717,Evans; William ,799,False,,,Straight Level,Dry,Blacktop; Bituminous; Asphalt,0,0,36,False,False,False,False,False,False,False,False,False,False,False,False,False,True,False,False,False
	SO2301000771,20233002153,Property Damage Only,,,False,True,False,False,False,False,False,	08300,1,1,Warren County,Township,Franklin (Township of),1/6/2023 12:45:29 AM,28490,39.515858,-84.331416,,,,Dixie ,Highway,,,,,,,Lesley,Intersection,Lane,False,,False,On Roadside,Not Collision Between Two Vehicles in Transport,Cloudy,Dark - Roadway Not Lighted,False,False,False,False,,,Unit #1 was southbound on Dixie Hwy. when just north of Lesley Lane; Unit#1 ran off the road to the right and drove into a ditch. The driver continued to drive through the ditch at full speed attempting to drive out of ditch. Driver then struck a bridge abutment to Lesley lane.  ,Police,False,1/6/2023 12:46:00 AM,1/6/2023 12:47:00 AM,1/6/2023 12:55:00 AM,1/6/2023 1:47:00 AM,,0,Billmaier; Noah 865,865,McGill; Roy 864,864,False,,,Straight Level,Dry,Blacktop; Bituminous; Asphalt,0,0,60,False,False,False,False,False,False,True,False,False,False,False,False,False,False,False,False,False
	2023003534,20233002154,Property Damage Only,,23-0035-34,False,True,True,True,True,False,False,	05021,1,1,Mahoning County,Township,Jackson (Township of),1/4/2023 4:57:00 PM,37884,41.126700,-80.893920,,,West,GLADSTONE,Road,,,,,,,12855,House Number,,False,,False,On Roadside,Not Collision Between Two Vehicles in Transport,Cloudy,Daylight,False,False,False,False,,,Unit # 1 was traveling West bound on Gladstone Road when she ran off the right side of the roadway 223' hitting a mailbox at 12855 Gladstone and two tree stumps and planter boxes at 12906 Gladstone. . Unit # 1 has damage to the passenger side fender; headlight and front bumper. Possible undercarriage damage to the vehicle from running over two tree stumps and planter boxes and wheel barrel.   No injuries were reported at the time of the accident.,Police,False,1/4/2023 4:57:00 PM,1/4/2023 4:57:00 PM,1/4/2023 5:04:00 PM,1/4/2023 6:17:00 PM,,,Storey; Lisa Renee,4103,Schneider; Steven Edward,4101,False,,,Straight Level,Wet,Blacktop; Bituminous; Asphalt,0,0,80,False,False,False,False,False,False,False,False,False,False,False,False,False,True,False,False,False
	23010328221847,20233002155,Injury Possible,,SCOTT PARK,False,False,False,False,False,False,False,	04807,2,99,Lucas County,City,TOLEDO,1/3/2023 6:47:00 PM,77000,41.638180,-83.645500,,,,HILL,Avenue,50.00,Feet,East,,,,WENZ,Intersection,Road,False,,False,On Roadway,Angle,Rain,Dark - Lighted Roadway,False,False,False,False,,,Unit two was driving E/B on Hill avenue from Wens road. Unit one was parked and un occupied. The parking break of unit one's vehicle did disengage and cause the un occupied vehicle to roll out into the roadway. Unit one's vehicle did strike unit two. No parties cited. Unit two's operator did require medical attention; and was treated on scene by TFD engine 4; and cleared at the scene. Both parties did not provide valid insurance.,Police,False,1/3/2023 6:47:00 PM,1/3/2023 7:00:00 PM,1/3/2023 7:00:00 PM,1/3/2023 7:10:00 PM,,,MATTHEW HUGHES,2822,TIMOTHY HANUS,1925,False,,,Straight Level,Wet,Blacktop; Bituminous; Asphalt,0,0,10,False,False,False,False,False,False,False,False,False,False,False,False,False,False,False,False,False
	2023-00000425,20233002156,Minor Injury Suspected,,,False,True,False,True,False,False,False,	02911,2,1,Greene County,City,Beavercreek,1/6/2023 6:58:00 AM,4720,39.696606,-84.104385,,,,COUNTY LINE,Road,75.00,Yards,North,,,,INDIAN RIPPLE,Intersection,Road,False,,False,On Roadway,Angle,Cloudy,Dark - Lighted Roadway,False,False,False,False,,, UNIT 2 WAS TRAVELING NORTHBOUND ON COUNTY LINE RD JUST NORTH OF THE INDIAN RIPPLE RD INTERSECTION.   UNIT 1 PULLED OUT OF THE LOT OF SHELL (3151 E DOROTHY LN); DROVE ACROSS 6 LANES OF TRAVEL AND WAS STRUCK BY UNIT 2 AS HE ATTEMPTED TO ENTER THE ACCESS RD TO THE GREENE CROSSING SHOPPING PLAZA.  UNIT 1 FAILED TO YIELD THE RIGHT OF WAY TO UNIT 2 AND HE WAS FOUND TO BE AT FAULT FOR THIS CRASH.    ,Police,False,1/6/2023 6:58:00 AM,1/6/2023 6:59:00 AM,1/6/2023 7:12:00 AM,1/6/2023 8:29:00 AM,,,Cynthia M Peffly,B121,Daniel Krall,B81,False,,,Straight Grade,Dry,Blacktop; Bituminous; Asphalt,0,0,90,False,False,False,False,False,False,False,False,False,False,False,False,False,False,False,False,False
	23010423681500,20233002157,Property Damage Only,,CENTRAL,False,False,False,False,False,False,False,	04807,2,2,Lucas County,City,TOLEDO,1/4/2023 3:00:00 PM,77000,41.667190,-83.575820,State Route,51,,MONROE,Street,100.00,Feet,West,,,,ALBION,Intersection,Street,True,2,False,On Roadway,Sideswipe; same direction,Cloudy,Daylight,False,False,False,False,,,ON LISTED DATE AND TIME; UNIT #1 ADVISED THIS OFFICER OF THE ACCIDENT. UNIT #1 STATED SHE WAS HEADING SOUTHWEST ON MONROE STREET (SR-51) IN THE LEFT LANE WHEN UNIT #2 (RIGHT LANE) ATTEMPTED TO CHANGE LANES AND SIDE SWIPED UNIT #1. THIS OFFICER SPOKE WITH UNIT #2 VIA PHONE. UNIT #2 STATED HE WAS ATTEMPTING TO CHANGING LANES BECAUSE OF A STOPPED VEHICLE IN HIS LANE. UNIT #2 STATED HE DID NOT SEE UNIT #1 IN HIS MIRROR AND THAT UNIT #1 WAS IN HIS BLIND SPOT. UNIT #2 ADMITTED THAT THE ACCIDENT WAS HIS FAULT TO UNIT #1 AND THIS OFFICER. ALL PARTIES WERE ADVISED THAT A REPORT WOULD BE ON FILE. ,Police,False,1/4/2023 3:00:00 PM,1/4/2023 3:00:00 PM,1/4/2023 3:00:00 PM,1/4/2023 4:00:00 PM,0,0,RICHARD KOVACS,2368,TIMOTHY HANUS,1925,False,,,Straight Level,Dry,Concrete,0,0,60,False,False,False,False,False,False,False,False,False,False,True,True,False,False,False,False,False
	23010427211710,20233002158,Injury Possible,,SCOTT PARK,False,False,False,False,False,False,False,	04807,2,1,Lucas County,City,TOLEDO,1/4/2023 5:10:00 PM,77000,41.652920,-83.613220,State Route,246,,DORR,Street,5.00,Yards,East,,,,BROER,Intersection,Avenue,False,,False,On Roadway,Rear-end,Clear,Daylight,False,False,False,False,,,Unit 1 and Unit 2 were both traveling eastbound on Dorr. Unit 1 lost control and rear ended Unit 2 and then struck a pole on Dorr. The driver of Unit 1 was injured. Unit 1 was cited and the vehicle was towed. Neither party had proof of insurance.,Police,False,1/4/2023 5:10:00 PM,1/4/2023 5:10:00 PM,1/4/2023 5:15:00 PM,1/4/2023 5:40:00 PM,30,,GRANT PARTON,2721,TIMOTHY HANUS,1925,False,,,Straight Level,Dry,Concrete,0,0,60,False,False,False,False,False,False,False,False,False,False,False,False,False,False,False,False,False
	23-00895,20233002159,Property Damage Only,,,False,False,False,False,True,False,False,	01202,2,1,Clark County,City,Springfield,1/7/2023 6:40:00 PM,74118,39.941720,-83.835832,,,North,BECHTLE,Avenue,,,,,,,TROY,Intersection,Road,True,4,False,On Roadway,Angle,Clear,Dark - Lighted Roadway,False,False,False,False,,,Unit one was traveling from the west to the east on Troy Road; approaching the intersection of Bechtle Avenue and Troy Road. Unit two was traveling from the east to the west on Troy Road in the turn lane attempting to turn to the south from Troy Road onto N. Bechtle Avenue. Unit one failed to stop at the red light and struck unit two in the front drivers side causing damage. Unit one was written a citation for Red Light Violation under citation number 337031.,Police,False,1/7/2023 7:35:00 PM,1/7/2023 6:41:00 PM,1/7/2023 6:46:00 PM,1/7/2023 8:07:00 PM,0,0,Malone; Gary ,902,Fredendall; R. Michael,751,False,,,Straight Level,Dry,Blacktop; Bituminous; Asphalt,0,0,86,False,False,False,False,False,False,False,False,False,False,True,True,False,False,False,False,False
	2390035,20233002160,Property Damage Only,,EUCLID,False,False,False,False,False,False,False,	01818,2,1,Cuyahoga County,City,EUCLID,1/7/2023 1:57:10 PM,25704,41.597902,-81.510285,,,,E 250 ST,Street,,,,,,,N LAKELAND BL,Intersection,Boulevard,False,,False,On Roadway,Rear-end,Clear,Daylight,False,False,False,False,,,Unit 01 was travelling south on E. 250th St. near N. Lakeland Blvd and failed to maintain assured clear distance ahead and struck Unit 02 in the rear.,Police,False,1/7/2023 1:57:10 PM,1/7/2023 2:03:29 PM,1/7/2023 2:07:19 PM,1/7/2023 2:23:43 PM,10,0,BEN  WILCOX,0036,WILLIAM  WILLIAMS,0172,False,,,Straight Level,Wet,Blacktop; Bituminous; Asphalt,0,0,30,False,False,False,False,False,False,False,False,False,False,True,False,False,True,False,False,False
	23010529571548,20233002161,Property Damage Only,,CENTRAL,False,False,False,False,False,False,False,	04807,2,2,Lucas County,City,TOLEDO,1/5/2023 3:48:00 PM,77000,41.685760,-83.543520,,,,MANHATTAN BL,Avenue,,,,,,,LAGRANGE,Intersection,Street,True,4,False,On Roadway,Head-on,Clear,Daylight,False,False,False,False,,, Unit 1 was traveling E/B on Manhattan when Unit 2 turned into her causing this incident.     Unit 2 was traveling W/B on Manhattan and attempted to turn Left on Lagrange causing this accident. Unit 2 failed to clear the intersection when turning left. Unit 2 was cited and released.,Police,False,1/5/2023 3:48:00 PM,1/5/2023 3:51:00 PM,1/5/2023 4:17:00 PM,1/5/2023 5:20:00 PM,,,JASON STAMBAUGH,2957,TIMOTHY HANUS,1925,False,,,Straight Level,Dry,Blacktop; Bituminous; Asphalt,0,0,89,False,False,False,False,False,False,False,False,False,True,True,False,False,False,False,False,False
	2023-00000511,20233002162,Property Damage Only,,,False,False,False,True,True,False,False,	02911,2,1,Greene County,City,Beavercreek,1/7/2023 1:11:00 AM,4720,39.753602,-84.081765,,,,GRANGE HALL,Road,,,,,,,2136,House Number,,False,,False,On Roadway,Rear-end,Clear,Dark - Roadway Not Lighted,False,False,False,False,,,Unit 1 was traveling southbound on Grange Hall Rd..  When at 2136 Grange Hall Rd.; Unit 1 struck Unit 2 that was stopped in traffic. Unit 2 had stopped due to a silver car sitting in the roadway. The driver of the vehicle a (W/F) was walking around in the street. After the crash took place the female got back into her vehicle and left southbound on Grange Hall Rd.. The female was not identified. Property damage was light and no one was injured.  The driver of Unit 1 was issued a citation for unable to stop in assured clear distance ahead.   ,Police,False,1/7/2023 1:11:00 AM,1/7/2023 1:13:00 AM,1/7/2023 1:18:00 AM,1/7/2023 2:46:00 AM,,,James Spicer,B44,Francesco G Trimboli,B123,True,South,Divided Flush Median (Less than 4 feet),Straight Level,Dry,Concrete,0,0,93,False,False,False,False,False,False,True,False,False,False,True,False,False,False,False,False,False
	DPD-23-00227,20233002163,Property Damage Only,,,False,True,False,True,False,False,False,	02001,2,1,Defiance County,City,DEFIANCE,1/6/2023 3:55:00 PM,21308,41.282758,-84.351231,State Route,15,,Douglas ,Street,,,,State Route,18,East,Second ,Intersection,Street,True,4,True,On Roadway,Rear-end,Clear,Daylight,False,False,False,False,,,Unit 2 was stopped on Douglas St.; facing south in a traffic jam. Unit 1 was negotiating a right turn from E. Second St.; onto Douglas St.. Unit 1 front struck Unit 2 rear.,Police,False,1/6/2023 3:55:00 PM,1/6/2023 4:04:00 PM,1/6/2023 4:04:00 PM,1/6/2023 4:30:00 PM,60,86,Schalk; Whitney,U72 ,Williams; Ben,U46,False,,,Straight Level,Dry,Blacktop; Bituminous; Asphalt,0,0,86,False,False,False,False,False,False,False,False,False,False,False,False,False,True,False,False,False
	23-00891,20233002165,Property Damage Only,,,False,False,False,False,True,False,False,	01202,2,1,Clark County,City,Springfield,1/7/2023 5:57:00 PM,74118,39.926730,-83.805660,,,East,NORTH,Street,,,,,,,201,House Number,,False,,False,On Roadway,Rear-end,Clear,Dark - Lighted Roadway,False,False,False,False,,,Unit 2 was traveling east to west on E. North Street in the center lane of E. North Street. Unit 2 began to slow for traffic in front of 201 E. North Street. Unit 1 was traveling behind Unit 2 and struck Unit 2 in the rear causing minor damage to the left side of the rear bumper. Both vehicles sustained very minor damage. Both vehicles were driven from the scene. Driver of Unit 1 was cited for assured clear distance.  ,Police,False,1/7/2023 5:57:00 PM,1/7/2023 6:32:00 PM,1/7/2023 6:35:00 PM,1/7/2023 7:15:00 PM,,,Lyons; Dennis ,871,Eggers; Jacob ,835,False,,,Straight Level,Dry,Blacktop; Bituminous; Asphalt,0,0,43,False,False,False,False,False,False,False,False,False,False,False,False,False,False,False,False,False
	23010628760501,20233002166,Injury Possible,,CENTRAL,False,False,False,False,False,False,False,	04807,2,1,Lucas County,City,TOLEDO,1/6/2023 5:01:00 AM,77000,41.639600,-83.543970,,,,NEWTON,Street,,,,,,,BROADWAY,Intersection,Street,True,4,False,On Roadway,Angle,Clear,Dark - Lighted Roadway,False,False,False,False,,,On the listed date and time; Unit 1 was heading east on Newton; at the intersection of Broadway; and had a flashing red light. Unit 2 was traveling south on Broadway; and had a flashing yellow light. Unit 1 went through the intersection; without yielding to Unit 2. Unit 1 struck the side of Unit 2. A witness on scene saw the incident and gave a statement to these officers.   The driver of Unit 1 had a possible injury; but refused transport by TFRD. The driver of Unit 1 was cited for Failure to Obey Traffic Control Devices; and was picked up by a family member. The driver of Unit 2 had a possible injury and was transported to St. Vincent by TFRD E5. Both vehicles had disabling damage and required tows. Neither the driver of Unit 1 or the driver of Unit 2 could provide proof of insurance. ,Police,False,1/6/2023 5:01:00 AM,1/6/2023 5:04:00 AM,1/6/2023 5:10:00 AM,1/6/2023 6:09:00 AM,0,0,SCOTT POKRAJAC,2876,TIMOTHY HANUS,1925,False,,,Straight Level,Dry,Blacktop; Bituminous; Asphalt,0,0,65,False,False,False,False,False,False,False,False,False,False,True,False,False,False,False,False,False
	23010621940907,20233002167,Property Damage Only,Unsolved,CENTRAL,False,False,False,False,False,False,False,	04807,1,1,Lucas County,City,TOLEDO,1/6/2023 9:07:00 AM,77000,41.723030,-83.508730,,,East,ALEXIS,Road,,,,,,,HAGMAN,Intersection,Road,True,4,False,On Shoulder,Not Collision Between Two Vehicles in Transport,Rain,Daylight,False,False,False,False,,,UNIT#1 WAS HEADING WESTBOUND ON W ALEXIS RD IN THE RIGHT CURB LANE AND ENTERED THE INTERSECTION AT HAGMAN RD.  UNIT#1 WENT OFF OF THE ROAD TO THE RIGHT AS IT CROSSED THE INTERSECTION; HIT THE CURB; THEN HIT A GUIDE WIRE ATTACHED TO A TELEPHONE POLE AT THE INTERSECTION; WENT AIRBORN; WENT ACROSS THE DRIVEWAY TO THE CIRCLE K AT 1565 E ALEXIS RD; WENT THROUGH THE GRASS; THROUGH A NUMBER OF BUSHES; AND FINALLY CAME TO REST IN THE PARKING LOT OF THE CIRCLE K.  A WITNESS (419-944-3372); WHO COULD NOT BE REACHED AT THIS TIME; CALLED THE ACCIDENT IN.  THE WITNESS STATED THAT THE UNKNOWN DRIVER OF UNIT#1 WAS PICKED UP BY A CITIZEN DRIVING A BLUE DODGE RAM WITH OHIO PLATE OF EWE4913 AND FLED THE SCENE WESTBOUND ON E ALEXIS RD.  THIS UNIT OBSERVED SURVEILLANCE VIDEO OF THE ACCIDENT FROM A DISTANCE FROM THE CIRCLE K AT 1565 E ALEXIS RD; BUT THERE WAS NO MORE INFORMATION THAT COULD BE GATHERED ON UNIT#1'S DRIVER; AS THE SURVEILLANCE CAMERA COULD NOT BE ZOOMED IN.  NO WITNESSES WERE ON SCENE WHEN POLICE ARRIVED.  UNIT#1 WAS TOWED AND HELD FOR HIT SKIP.  THERE WAS HEAVY DAMAGE TO THE GUIDE WIRE; LAWN; AND BUSHES.  TOLEDO EDISON WAS NOTIFIED.  REPORT FORWARDED TO HIT SKIP UNIT.  Officer John Mattimore #2194 drafted the original traffic crash report.  Karen Vargas; the renter of Enterprise vehicle/Unit 1 came to the Northwest Police Station on 01/31/2023 to make a statement on a Traffic Crash W,Police,True,1/6/2023 9:11:00 AM,1/6/2023 9:15:00 AM,1/6/2023 9:25:00 AM,1/6/2023 10:15:00 AM,30,0,DAVID MOSINIAK,2279,TIMOTHY HANUS,1925,False,,,Straight Level,Wet,Blacktop; Bituminous; Asphalt,0,0,90,False,False,False,False,False,False,False,False,False,False,False,False,False,False,False,False,False
	23010628020521,20233002169,Minor Injury Suspected,,CENTRAL,False,False,False,False,False,False,False,	04807,1,1,Lucas County,City,TOLEDO,1/6/2023 5:21:00 AM,77000,41.646680,-83.516300,,,,6TH,Street,25.00,Feet,West,,,,EAST BROADWAY,Intersection,Street,False,,False,On Roadway,Not Collision Between Two Vehicles in Transport,Clear,Dark - Lighted Roadway,False,False,False,False,,,Unit was traveling southwest on 6th when for unknown reasons left the roadway to the right and struck a utility pole which caused the vehicle to then spin and strike another utility pole further south on 6th on the northern side of the street. the driver of Unit 1 was uncooperative and found to be driving under suspension.,Police,False,1/6/2023 5:21:00 AM,1/6/2023 5:23:00 AM,1/6/2023 5:28:00 AM,1/6/2023 6:00:00 AM,0,0,ADRIAN LANNING,2802,TIMOTHY HANUS,1925,False,,,Curve Level,Wet,Blacktop; Bituminous; Asphalt,0,0,37,False,False,False,False,False,False,False,False,False,False,False,False,False,False,False,False,False
	23-00863,20233002170,Minor Injury Suspected,,,False,True,False,False,True,False,False,	01202,3,1,Clark County,City,Springfield,1/7/2023 12:23:00 PM,74118,39.938405,-83.802792,,,East,MCCREIGHT,Avenue,,,,,,,366,House Number,,True,3,False,On Roadway,Rear-end,Cloudy,Daylight,False,False,False,False,,,Unit 3 was stopped in traffic east bound in front of 366 E. McCreight Ave. Unit 2 was stopped in traffic east bound on E. McCreight Ave behind Unit 3. Unit 1 was east bound on E. McCreight Ave approaching 366 E. McCreight Ave. Unit 1 failed to maintain distance and struck Unit 2 in the rear causing Unit 2 to be pushed into Unit 3. Unit 1 was issued citation 337390 for Assured Clear Distance Ahead. ,Police,False,1/7/2023 12:23:00 PM,1/7/2023 12:25:00 PM,1/7/2023 12:28:00 PM,1/7/2023 2:25:00 PM,,60,DeVore; Douglas ,834,Eggers; Jacob ,835,False,,,Straight Level,Dry,Blacktop; Bituminous; Asphalt,0,0,120,False,False,False,False,False,False,False,False,False,True,True,True,False,False,False,False,False
	23-000216,20233002171,Property Damage Only,,Hamilton Lebanon,False,True,True,False,False,False,False,	00905,2,1,Warren County,City,MONROE,1/3/2023 6:17:00 PM,51310,39.439990,-84.331667,State Route,63,,,,50.00,Feet,West,,,West,1280,House Number,,False,,False,On Roadway,Sideswipe; same direction,Clear,Dark - Lighted Roadway,False,False,False,False,,,Unit 1 and Unit 2 were both traveling west on State Route 63.   Unit 1 collided with Unit 2. Unit 1 marked lanes violation .,Police,False,1/3/2023 6:17:00 PM,1/3/2023 6:18:00 PM,1/3/2023 6:19:00 PM,1/3/2023 6:51:00 PM,15,0,PO. M Lockett,873,Sgt. C. Caudill,841,False,,,Straight Level,Wet,Blacktop; Bituminous; Asphalt,0,0,48,False,False,False,False,False,False,False,False,False,True,False,False,False,False,False,False,False