LocalReportNumber,DocumentNumber,CrashSeverity,HitSkip,LocalInformation,SecondaryCrash,PhotosTaken,OH2,OH3,OH1P,OHOther,PrivateProperty,ReportingAgencyNCIC,NumberOfUnits,UnitInError,County,InCityVillageTownship,CityVillageTownshipName,CrashDateTime,FIPSPlaceCode,Latitude,Longitude,LocationRouteType,LocationRouteNumber,LocationPrefix,LocationRoadName,LocationRoadType,DistanceFromReference,DistanceReferenceMeasurement,DirectionFromReference,ReferenceRouteType,ReferenceRouteNumber,ReferencePrefix,ReferenceName,ReferencePointUsed,ReferenceRoadType,IntersectionOrApproachRelated,NumberOfApproaches,WithinInterchangeArea,LocationFirstHarmfulEvent,MannerOfCollision,Weather,LightCondition,ActiveSchoolZoneRelated,WorkZoneRelated,WorkersPresent,LawEnforcementPresentInWorkZone,WorkZoneType,WorkZoneLocation,Narrative,ReportTakenBy,Supplement,CrashReportedDateTime,DispatchedDateTime,ArrivedDateTime,SceneClearedDateTime,OtherInvestigationTime,TotalTimeRoadwayClosed,OfficerName,OfficerBadgeNumber,CheckedByOfficerName,CheckedByBadgeNumber,RoadwayDivided,DividedLaneTravelDirection,DividedMedianType,RoadContour,RoadCondition,RoadSurface,TotalInjured,TotalKilled,TotalMinutes,AnimalRelated,AnimalDeerRelated,AlcoholRelated,DrugRelated,BicycleRelated,MotorCycleRelated,SpeedRelated,PedestrianRelated,SemiTruckRelated,SmallTruckRelated,YouthRelated,TeenRelated,DUI21Related,SeniorRelated,FatalNotReportable,CommercialRelated,CommercialAtFault
	202300122,20233002231,Minor Injury Suspected,,,False,False,False,False,False,False,False,	03144,1,1,Hamilton County,Township,Green (Township of),1/7/2023 1:25:00 PM,31752,39.200710,-84.608110,,,,JESSUP,Road,,,,,,,3831,House Number,,False,,False,On Roadway,Not Collision Between Two Vehicles in Transport,Clear,Daylight,False,False,False,False,,,UNIT 1 WENT LEFT OF CENTER OVER CORRECTED AND STRUCK 3831 JESSUP,Police,False,1/7/2023 1:25:00 PM,1/7/2023 1:25:00 PM,1/7/2023 1:33:00 PM,1/7/2023 2:18:00 PM,,,Cody Leach,8rleac,JP Berger,9RBERG,False,,,Curve Level,Dry,Blacktop; Bituminous; Asphalt,0,0,53,False,False,False,False,False,False,False,False,False,False,False,False,False,True,False,False,False
	202300123,20233002232,Property Damage Only,,,False,False,False,False,False,False,False,	03144,2,1,Hamilton County,Township,Green (Township of),1/7/2023 3:13:00 PM,31752,39.119289,-84.622493,,,,Cleves Warsaw,Pike,50.00,Feet,East,,,,Pennsbury,Intersection,Drive,False,,False,On Roadway,Rear-end,Clear,Daylight,False,False,False,False,,,On 1/7/23 unit 2 was driving west on Cleves Warsaw and was stopped due to a car in front of him turning into a driveway.  Unit 1 was behind unit 2 and failed to maintain assured clear distance ahead.  Unit 1 struck the rear of unit 2.,Police,False,1/7/2023 3:13:00 PM,1/7/2023 3:17:00 PM,1/7/2023 3:25:00 PM,1/7/2023 3:40:00 PM,,,Eric Greer,8rgree,JP Berger,9RBERG,False,,,Straight Level,Dry,Blacktop; Bituminous; Asphalt,0,0,23,False,False,False,False,False,False,False,False,False,False,False,False,False,False,False,False,False
	202300127,20233002233,Property Damage Only,,,False,False,False,False,False,False,False,	03144,1,98,Hamilton County,Township,Green (Township of),1/7/2023 6:53:00 PM,31752,39.129279,-84.633878,,,,Neeb,Road,50.00,Feet,South,,,,Antoninus,Intersection,Drive,False,,False,On Roadway,Not Collision Between Two Vehicles in Transport,Clear,Dark - Lighted Roadway,False,False,False,False,,,Unit #1 was traveling north on Neeb Rd. Unit #1 struck a deer that was crossing the roadway.,Police,False,1/7/2023 6:53:00 PM,1/7/2023 6:56:00 PM,1/7/2023 7:12:00 PM,1/7/2023 7:37:00 PM,,,Quinton Evans,8revan,Jeff Sabers,9RSABE,False,,,Straight Grade,Dry,Blacktop; Bituminous; Asphalt,0,0,41,True,True,False,False,False,False,False,False,False,False,False,False,False,True,False,False,False
	202300128,20233002234,Property Damage Only,,,False,False,False,False,False,False,False,	03144,1,98,Hamilton County,Township,Green (Township of),1/7/2023 8:40:00 PM,31752,39.170620,-84.648610,,,,Hutchinson,Road,,,,,,,4300 Hutchinson,House Number,,False,,False,On Roadway,Not Collision Between Two Vehicles in Transport,Clear,Dark - Roadway Not Lighted,False,False,False,False,,,Unit 1 was traveling south in the area of 4300 Hutchinson Rd; where it struck a deer causing damage to the front; passenger's side; radiator; and possibly additional mechanical components of the vehicle.,Police,False,1/7/2023 8:40:00 PM,1/7/2023 8:46:00 PM,1/7/2023 9:13:00 PM,1/7/2023 9:20:00 PM,,,Christopher Brausch,8rbrau,Ben Moore,9rmoor,False,,,Straight Grade,Dry,Blacktop; Bituminous; Asphalt,0,0,34,True,True,False,False,False,False,False,False,False,False,False,False,False,False,False,False,False
	202300139,20233002235,Property Damage Only,Solved,,False,False,False,False,False,False,False,	03144,1,1,Hamilton County,Township,Green (Township of),1/8/2023 9:02:00 PM,31752,39.172610,-84.601930,,,,NORTH BEND,Road,,,,,,,4743,House Number,,False,,False,On Roadway,Not Collision Between Two Vehicles in Transport,Cloudy,Dark - Lighted Roadway,False,False,False,False,,,UNIT 1 WAS TRAVELING SB ON NORTH BEND RD APPROACHING REEMELIN RD WHEN HE FAILED TO MAINTAIN CONTROL OF UNIT 1 GOING OFF THE ROAD TO THE RIGHT; STRIKING A UTILITY POLE CAUSING THE POLE TO BREAK IN HALF. AFTER THE ACCIDENT DRIVER OF UNIT 1 FLED THE SCENE BY RUNNING DOWN THE STREET LEAVING THE ACCIDENT. DUKE WAS NOTIFIED REFERENCE POLE 3 J13BE.,Police,False,1/8/2023 9:02:00 PM,1/8/2023 9:03:00 PM,1/8/2023 9:12:00 PM,1/8/2023 9:33:00 PM,,,Tracy Karnes,9rkarn,Jeff Sabers,9RSABE,False,,,Curve Level,Dry,Blacktop; Bituminous; Asphalt,0,0,30,False,False,False,False,False,False,False,False,False,False,False,False,False,False,False,False,False
	23010726541900,20233002236,Property Damage Only,Unsolved,SCOTT PARK,False,False,False,False,False,False,False,	04807,2,1,Lucas County,City,TOLEDO,1/7/2023 7:00:00 PM,77000,41.638650,-83.664530,,,,HILL,Avenue,,,,Federal US Route,20,South,REYNOLDS,Intersection,Road,True,4,False,On Roadway,Angle,Cloudy,Dark - Lighted Roadway,False,False,False,False,,,Unit 1 was traveling Northbound on S. Reynolds Rd. at Hill Ave. in the right thru lane.  Unit 2 was traveling Eastbound on Hill Ave. at S. Reynolds Rd. in the left thru lane.  Unit 1 proceeded through the red light striking the passenger side rear wheel well of Unit 2.  Unit 1 then fled the scene.  **Report completed at Scott Park Desk**,Police,False,1/7/2023 7:00:00 PM,1/7/2023 9:00:00 PM,1/7/2023 9:00:00 PM,1/7/2023 9:19:00 PM,,,JOURDAN RUPERT,2654,TIMOTHY HANUS,1925,False,,,Straight Level,Dry,Blacktop; Bituminous; Asphalt,0,0,19,False,False,False,False,False,False,False,False,False,False,False,False,False,False,False,False,False
	2023-00001668,20233002237,Property Damage Only,Unsolved,,False,False,False,False,False,False,False,	07701,2,1,Summit County,City,Akron,1/5/2023 2:25:00 AM,1000,41.041614,-81.481838,,,,TRIPLETT BLVD,Highway,,,,,,, KELLY,Intersection,Avenue,True,4,True,On Roadway,Angle,Cloudy,Dark - Lighted Roadway,False,False,False,False,,,Unit 2 was northbound on Kelly Ave going through the greenlight at Triplett Blvd. Unit 1 was eastbound on Triplett Blvd. Unit 1 ran the red light; striking Unit 2. ,Police,False,1/5/2023 2:25:00 AM,1/5/2023 2:26:00 AM,1/5/2023 2:34:00 AM,1/5/2023 3:15:00 AM,0,0,1428 - Brumbaugh; Justin,1428,877 - Vavro; Michael,877,False,,,Straight Grade,Dry,Blacktop; Bituminous; Asphalt,0,0,49,False,False,False,False,False,False,False,False,False,False,True,False,False,False,False,False,False
	23010727901909,20233002238,Property Damage Only,Unsolved,SCOTT PARK ,False,False,False,False,True,False,False,	04807,2,2,Lucas County,City,TOLEDO,1/7/2023 7:09:00 PM,77000,41.648210,-83.577160,,,,BELMONT,Avenue,,,,,,,JUNCTION,Intersection,Avenue,True,4,False,On Roadway,Sideswipe; opposite direction,Clear,Dark - Lighted Roadway,False,False,False,False,,,The driver of Unit 01 stated; she was traveling WB on Belmont and stopped for the stop sign at Junction and Belmont. Unit 01 stated Unit 02 was traveling NB and attempted to make a right turn onto Belmont when Unit 02 struck her vehicle. Unit 01 stated; Unit 02 fled the scene after striking her vehicle. ,Police,False,1/7/2023 7:09:00 PM,1/7/2023 8:08:00 PM,1/7/2023 8:18:00 PM,1/7/2023 8:25:00 PM,,,ASHLEY RENEAU,2790,TIMOTHY HANUS,1925,False,,,Straight Level,Dry,Blacktop; Bituminous; Asphalt,0,0,17,False,False,False,False,False,False,False,False,False,False,False,False,False,False,False,False,False
	23010720912351,20233002239,Serious Injury Suspected,Unsolved,CENTRAL,False,False,False,False,False,False,False,	04807,2,99,Lucas County,City,TOLEDO,1/7/2023 11:50:00 PM,77000,41.650010,-83.539780,,,,MONROE,Street,60.00,Feet,East,,,,ERIE,House Number,,False,,False,On Roadway,Not Collision Between Two Vehicles in Transport,Clear,Dark - Lighted Roadway,False,False,False,False,,,UNIT 1 WAS EAST ON MONROE ST AND STRUCK PEDESTRIAN WHOM WAS CROSSING ROADWAY. UNIT 1 FLED SCENE .PEDESTRIAN TAKEN TO ST V'S BY LIFESQUAD 1. INVESTIGATION CONTINUES.,Police,False,1/7/2023 11:50:00 PM,1/7/2023 11:51:00 PM,1/7/2023 11:51:00 PM,1/8/2023 2:00:00 AM,,,SCOTT SWARTZ,2091,TIMOTHY HANUS,1925,False,,,Straight Level,Dry,Blacktop; Bituminous; Asphalt,0,0,129,False,False,False,False,False,False,False,True,False,False,False,False,False,False,False,False,False
	2023-00001982,20233002240,Property Damage Only,Unsolved,,False,True,False,False,False,False,False,	07701,1,1,Summit County,City,Akron,1/5/2023 10:42:00 PM,1000,41.064514,-81.516396,,,,SHERMAN,Street,,,,,,, 694,House Number,,False,,False,On Roadway,Not Collision Between Two Vehicles in Transport,Rain,Dark - Lighted Roadway,False,False,False,False,,,Unit 1 was  exiting the parking lot westbound of 695  Sherman St. Unit 1 was being shot at; causing the vehicle to go off the  left  side of the roadway. Unit 1 struck concrete steps and a tree before coming to final rest in the yard of 694 Sherman St. The driver of Unit 1 fled the scene. ,Police,False,1/5/2023 10:42:00 PM,1/5/2023 10:43:00 PM,1/5/2023 10:48:00 PM,1/5/2023 11:15:00 PM,0,0,1428 - Brumbaugh; Justin,1428,877 - Vavro; Michael,877,False,,,Straight Level,Wet,Blacktop; Bituminous; Asphalt,0,0,32,False,False,False,False,False,False,False,False,False,False,False,False,False,False,False,False,False
	23010826010225,20233002241,Property Damage Only,Unsolved,SCOTT PARK,False,False,False,False,False,False,False,	04807,2,2,Lucas County,City,TOLEDO,1/8/2023 2:25:00 AM,77000,41.651530,-83.668760,,,,FLAIRE,Drive,,,,,,,1225,House Number,,False,,False,Outside Trafficway,Not Collision Between Two Vehicles in Transport,Clear,Dark - Lighted Roadway,False,False,False,False,,,On the listed reported date and time Toledo Fire Department had a call for an emergency at the listed location. Firefighters all entered the building and when exiting seen that the front left drivers side wheel had been struck. No witnesses. The diagram is a estimate on what occurred. Report filed and forwarded to Hit/Skip,Police,False,1/8/2023 2:25:00 AM,1/8/2023 2:45:00 AM,1/8/2023 2:50:00 AM,1/8/2023 3:25:00 AM,0,0,BRADLEY KNAPP,2601,TIMOTHY HANUS,1925,False,,,Straight Grade,Dry,Blacktop; Bituminous; Asphalt,0,0,40,False,False,False,False,False,False,False,False,False,True,False,False,False,False,False,False,False
	23010828510418,20233002243,Property Damage Only,Unsolved,SCOTT PARK,False,False,False,False,False,False,False,	04807,1,1,Lucas County,City,TOLEDO,1/8/2023 4:18:00 AM,77000,41.630750,-83.578110,,,,SOUTH,Avenue,20.00,Feet,West,,,,CARLTON,Intersection,Street,False,,False,On Roadway,Not Collision Between Two Vehicles in Transport,Clear,Dark - Roadway Not Lighted,False,False,False,False,,,On 01/08/2023 unit on was traveling westbound on South Ave and struck a utility pole. The driver of unit 1 fled the scene prior to our arrival. Via MDT this unit observed that unit 1 was equipped with on star. Via MDT unit 1 last location was 1533 South Ave. This unit attempted to make contact with with the driver of unit 1 at the above listed address with negative results. This unit did observe a silver Chevrolet SUV with the plate of JUX7395 with front end damage and a deployed airbag in the back of 1533 South. Due to evidence of a hit skip this unit ordered a tow.  This unit was unable to identify a person that was operating unit 1.      Supplemental report written on 01-10-23.  The original report was drafted by Officer S. Thompson #2851.  The owner to Unit #1; Mrs. Waskom; contacted this Officer on 01-09-23 and inquired about her vehicle that was being held in the TPD Impound Lot. She was asked to arrive to the Northwest Police Station to give a statement. She arrived and stated that she was stopped behind a motorist at the Anthony Wayne Trail and Western. She honked her horn to remind that motorist to proceed; as she turned on Western that vehicle started to follow her. Mrs. Waskom sped up and so did the vehicle following her. When she reached for her cell phone to call 911 she veered to the right and struck a pole. Mrs. Waskom still feared for her safety so she fled to h,Police,True,1/8/2023 4:18:00 AM,1/8/2023 4:20:00 AM,1/8/2023 4:30:00 AM,1/8/2023 4:30:00 AM,,,TANJA FARRELL,2284,TIMOTHY HANUS,1925,False,,,Straight Level,Dry,Blacktop; Bituminous; Asphalt,0,0,10,False,False,False,False,False,False,False,False,False,False,False,False,False,False,False,False,False
	2300238,20233002244,Property Damage Only,,,False,False,False,False,False,False,False,	07604,2,1,Stark County,City,CANTON,1/6/2023 4:49:00 PM,12000,40.798296,-81.409979,,,,TUSCARAWAS ST W,Street,,,,,,,MARYLAND AVE SW,Intersection,Avenue,True,3,False,On Roadway,Angle,Cloudy,Dark - Lighted Roadway,False,False,False,False,,,According to witnesses on scene Unit 1 was travelling east bound on Tuscarawas St W when she failed to yield the red light striking unit 2. Unit 2 was stopped waiting for traffic attempting to turn south bound on Maryland Ave SW from Tuscarawas St W.,Police,False,1/6/2023 4:49:00 PM,1/6/2023 4:55:00 PM,1/6/2023 5:01:00 PM,1/6/2023 5:40:00 PM,0,0,BLAKE E MONTGOMERY,286,STEVEN SWANK,21,False,,,Straight Grade,Dry,Blacktop; Bituminous; Asphalt,0,0,45,False,False,False,False,False,False,False,False,False,False,True,False,False,False,False,False,False
	2023-00000353,20233002245,Property Damage Only,Unsolved,,False,False,False,True,False,False,False,	02913,2,1,Greene County,Township,Sugar Creek (Township of),1/4/2023 1:42:00 PM,75201,39.673384,-84.023172,,,,UPPER BELLBROOK,Road,395.00,Yards,West,,,,FAUBER,Intersection,Road,False,,False,On Roadway,Not Collision Between Two Vehicles in Transport,Cloudy,Daylight,False,False,False,False,,,UNIT TWO WAS TRAVELING WEST ON UPPER BELLBROOK ROAD NEGOTIATING A CURVE. UNIT ONE WAS NEGOTIATING A CURVE TRAVELING EAST ON UPPER BELLBROOK ROAD AND LOST A LARGE LOG FROM THE BED OF THE VEHICLE.  THE LOG FROM UNIT ONE STRUCK THE FRONT END OF UNIT TWO DISABLING THE VEHICLE.  UNIT ONE FAILED TO STOP FOR THE ACCIDENT. UNIT ONE COULD NOT BE IDENTIFIED.   ,Police,False,1/4/2023 1:42:00 PM,1/4/2023 1:48:00 PM,1/4/2023 1:58:00 PM,1/4/2023 2:41:00 PM,20,0,Craig M Black,SC216,Paul E  Guerrero,SC112,False,,,Curve Grade,Dry,Blacktop; Bituminous; Asphalt,0,0,73,False,False,False,False,False,False,False,False,False,True,False,False,False,False,False,False,False
	23010824240700,20233002246,Property Damage Only,Unsolved,SCOTT PARK,False,False,False,False,False,False,False,	04807,1,99,Lucas County,City,TOLEDO,1/8/2023 7:00:00 AM,77000,41.614780,-83.630130,,,,JULIET,Drive,,,,,,,1348,House Number,,False,,False,On Roadway,Other/Unknown,Other/Unknown,Other/Unknown,False,False,False,False,,,owner of unit 01 called and stated she was dropped off at her house and found her vehicle had been involved in an accident in front of her house.   The owner claimed vehicle has not moved all night and no one could have taken vehicle without her permission.     This unit found no debris indicating the accident happened in front of her house.  The vehicle was slightly warm indicating it had been on recently.  Owner just demanded report and did not want to answer anymore questions.  ,Police,False,1/8/2023 7:00:00 AM,1/8/2023 7:10:00 AM,1/8/2023 7:15:00 AM,1/8/2023 7:30:00 AM,,,BENJAMIN WOODY,2424,TIMOTHY HANUS,1925,False,,,Other/Unknown,Other/Unknown,Other/Unknown,0,0,20,False,False,False,False,False,False,False,False,False,False,False,False,False,False,False,False,False
	2300240,20233002247,Property Damage Only,,,False,False,False,False,False,False,False,	07604,1,1,Stark County,City,CANTON,1/6/2023 5:02:00 PM,12000,40.779147,-81.392527,,,,CLARK AVE SW,Avenue,,,,,,,1804,House Number,,False,,False,On Roadside,Not Collision Between Two Vehicles in Transport,Cloudy,Daylight,False,False,False,False,,,Unit 1 was northbound on Clark Ave SW near 1804 when she drove off the right side of the road and struck a utility pole.,Police,False,1/6/2023 5:02:00 PM,1/6/2023 5:14:00 PM,1/6/2023 5:25:00 PM,1/6/2023 6:01:00 PM,0,0,JASON STATEN,236,STEVEN SWANK,21,False,,,Straight Level,Dry,Blacktop; Bituminous; Asphalt,0,0,47,False,False,False,False,False,False,False,False,False,False,False,False,False,False,False,False,False
	23010822701156,20233002248,Property Damage Only,Unsolved,SCOTT PARK,False,False,False,False,False,False,False,	04807,2,2,Lucas County,City,TOLEDO,1/8/2023 11:56:00 AM,77000,41.648410,-83.574110,,,,BELMONT,Avenue,,,,,,,1246,House Number,,False,,False,On Roadway,Not Collision Between Two Vehicles in Transport,Cloudy,Other/Unknown,False,False,False,False,,,     UNIT #1 WAS LEGALLY PARKED AND UNOCCUPIED IN FRONT OF RESIDENCE AT 1246 BELMONT.  UNKNOWN UNIT #2 CAME FROM UNKNOWN DIRECTION AND STRUCK UNIT #1 IN UNKNOWN MANNER AND FLED THE SCENE.      NOTHING FURTHER ON UNIT #2 AT THE TIME OF THIS REPORT.,Police,False,1/8/2023 11:56:00 AM,1/8/2023 11:58:00 AM,1/8/2023 12:09:00 PM,1/8/2023 12:43:00 PM,,,TROY NILES,2270,TIMOTHY HANUS,1925,False,,,Straight Level,Dry,Blacktop; Bituminous; Asphalt,0,0,45,False,False,False,False,False,False,False,False,False,False,False,False,False,False,False,False,False
	2023-00000172,20233002249,Property Damage Only,,TALLMADGE,False,False,False,False,False,False,False,	07713,1,1,Summit County,City,Tallmadge,1/8/2023 10:48:00 PM,76106,41.071820,-81.415153,Interstate Route (Turnpike is also IR),76,,,,200.00,Feet,East,,,, 28.8,Mile Post,Milepost,False,,False,On Shoulder,Not Collision Between Two Vehicles in Transport,Clear,Dark - Lighted Roadway,False,False,False,False,,,Unit #1 was traveling Eastbound on 76 East when they drove off of the road to the left. Unit #1 entered and struck the grass median. Operator of Unit #1 was found to be intoxicated and was eventually placed under arrest for OVI.,Police,False,1/8/2023 10:48:00 PM,1/8/2023 10:50:00 PM,1/8/2023 10:56:00 PM,1/8/2023 11:28:00 PM,25,25,127 - Miller; Jacob,127,126 - Svidron; Joseph,126,True,East,Divided; Depressed Median,Straight Level,Dry,Concrete,0,0,63,False,False,True,False,False,False,False,False,False,False,False,False,False,False,False,False,False
	2300244,20233002250,Property Damage Only,,,False,False,False,False,False,False,False,	07604,2,1,Stark County,City,CANTON,1/6/2023 6:10:00 PM,12000,40.809513,-81.349218,,,,MAHONING RD NE,Road,,,,,,,HARRISBURG RD NE,Intersection,Road,True,4,False,On Roadway,Rear-end,Cloudy,Dark - Lighted Roadway,False,False,False,False,,,Unit 1 failed to maintain ACDA from Unit 2 which was stopped waiting on traffic in the traffic circle at Mahoning Rd NE and Harrisburg Rd NE.,Police,False,1/6/2023 6:10:00 PM,1/6/2023 6:15:00 PM,1/6/2023 6:20:00 PM,1/6/2023 6:40:00 PM,0,0,BLAKE E MONTGOMERY,286,STEVEN SWANK,21,True,East,Divided; Raised Median (Any type),Curve Level,Dry,Blacktop; Bituminous; Asphalt,0,0,25,False,False,False,False,False,False,False,False,False,False,False,False,False,True,False,False,False
	23010926570115,20233002251,Property Damage Only,Solved,SCOTT PARK,False,False,False,False,False,False,False,	04807,2,2,Lucas County,City,TOLEDO,1/9/2023 1:15:00 AM,77000,41.663300,-83.602500,,,West,BANCROFT,Street,,,,,,,ALVIN,Intersection,Street,True,3,False,On Roadway,Sideswipe; opposite direction,Clear,Dark - Lighted Roadway,False,False,False,False,,,Unit 1 was westbound on Bancroft ; waiting to make a left (southbound) turn onto Alvin. Unit 2 was northbound on Alvin approaching Bancroft. Unit 2 did not stop for the stop sign; and made a wide right turn onto Bancroft; encroaching into the lane of Unit 1 and causing a collision. Unit 2 fled eastbound on Bancroft. It was described as an older mini van ; blue/gray in color. ,Police,False,1/9/2023 1:15:00 AM,1/9/2023 1:21:00 AM,1/9/2023 1:27:00 AM,1/9/2023 1:50:00 AM,31,,JAMES MARQUIS,2657,TIMOTHY HANUS,1925,False,,,Straight Level,Dry,Concrete,0,0,60,False,False,False,False,False,False,False,False,False,False,False,False,False,True,False,False,False
	2023-00001989,20233002252,Property Damage Only,,,False,False,False,False,False,False,False,	07701,2,1,Summit County,City,Akron,1/5/2023 11:05:00 PM,1000,41.092226,-81.543498,,,South,PORTAGE PATH,Highway,,,,,,, DODGE,Intersection,Avenue,True,4,True,On Roadway,Head-on,Rain,Dark - Lighted Roadway,False,False,False,False,,,Unit 1 was traveling eastbound on Dodge approaching S Portage Path. Unit 2 was traveling westbound on Dodge Ave approaching S Portage Path. Both units had the green light as they approached the intersection. Unit 1 attempted to turn left onto S Portage Path while Unit 2 was traveling straight through the intersection. Unit 1 and 2 collided head on. The driver of Unit 1 admitted to not seeing Unit 2 coming when he attempted to make the left turn. The driver of Unit 1 was cited for Right of Way Intersection. ,Police,False,1/5/2023 11:05:00 PM,1/5/2023 11:12:00 PM,1/5/2023 11:19:00 PM,1/5/2023 11:45:00 PM,20,20,1458 - Holmes; Christopher,1458,877 - Vavro; Michael,877,False,,,Straight Level,Wet,Blacktop; Bituminous; Asphalt,0,0,53,False,False,False,False,False,False,False,False,False,False,True,True,False,False,False,False,False
	2300252,20233002254,Property Damage Only,,,False,False,True,False,True,False,False,	07604,1,1,Stark County,City,CANTON,1/6/2023 11:08:00 PM,12000,40.786049,-81.371845,,,,30 EB SE,Highway,,,,,,,CHERRY AVE SE,Intersection,Avenue,False,,False,Off ramp,Not Collision Between Two Vehicles in Transport,Freezing Rain or Freezing Drizzle,Dark - Lighted Roadway,False,True,False,False,Other,Transition Area,Unit 1 traveling 30EB and taking the Cherry Ave SE Exit slid on black ice into a concrete barrier causing damage to the vehicle.,Police,False,1/6/2023 11:08:00 PM,1/6/2023 11:12:00 PM,1/6/2023 11:21:00 PM,1/6/2023 11:59:00 PM,10,0,DILLON SHROYER,159,STEVEN SWANK,21,True,East,Divided Flush Median (Less than 4 feet),Curve Grade,Wet,Blacktop; Bituminous; Asphalt,0,0,57,False,False,False,False,False,False,True,False,False,False,False,False,False,False,False,False,False
	23010928030315,20233002255,Property Damage Only,Unsolved,CENTRAL,False,False,False,False,False,False,False,	04807,3,1,Lucas County,City,TOLEDO,1/9/2023 3:15:00 AM,77000,41.699920,-83.559520,,,,ELEANOR,Avenue,10.00,Feet,East,,,,643,House Number,,False,,False,On Roadway,Not Collision Between Two Vehicles in Transport,Clear,Dark - Lighted Roadway,False,False,False,False,,,An unwitnessed and unidentified vehicle listed as Unit 01 struck a utility pole on the northside of Eleanor in front of 643 Eleanor.  The utility pole fell into the roadway just west of the listed address and blocked the east and westbound lanes of travel.  Unit 01 left the scene without notifying emergency services of the accident.  Unit 02 was traveling westbound on Eleanor when she struck an unseen object in the road; damaging two front tires and the undercarriage.  Vehicle was towed from the scene by private tow.  Insurance verified.  Unit 03 was traveling westbound on Eleanor when he struck an unseen object in the road; damaging two front tires and the undercarriage.  Vehicle was towed to the police impound lot by Sobb. Insurance verified.  The operators of Unit 02 and Unit 03 stated that the pole was in the middle of the road and could not be seen due to its color.  Neither operator witnessed the pole being knocked down.    No witnesses could be located.  BWC present and operational.,Police,False,1/9/2023 3:15:00 AM,1/9/2023 3:17:00 AM,1/9/2023 3:28:00 AM,1/9/2023 4:40:00 AM,,,KATRINA WILSON,2803,TIMOTHY HANUS,1925,False,,,Straight Level,Dry,Blacktop; Bituminous; Asphalt,0,0,83,False,False,False,False,False,False,False,False,False,False,False,False,False,False,False,False,False
	514-2445-1,20233002256,Fatal,,,False,False,False,False,False,False,False,	02500,2,1,Franklin County,City,Groveport,1/6/2023 8:18:33 PM,32606,39.855804,-82.900063,State Route,317,,,Highway,,,,,,,GROVEPORT,Intersection,Road,True,5,False,On Roadway,Angle,Clear,Dark - Lighted Roadway,False,False,False,False,,,Unit#1 was traveling south on SR-317 at Groveport Road. Unit#2 was traveling north on SR-317 at Groveport Road. Unit#1 made a left hand turn to travel east on Groveport Road. Unit#2 struck Unit#1 in the intersection and pushed them into a light pole. The Occupant of Unit#1 was transported to Grant Hospital Emergency Room by Hamilton Township Medic #173 and he was pronounced deceased at 21:08 Hours by Doctor Ryan Lucero. ,Police,False,1/6/2023 8:18:33 PM,1/6/2023 8:20:43 PM,1/6/2023 8:24:21 PM,1/6/2023 11:30:00 PM,,190,Scott D Sorrell,1474,Joshua M Short,S13,True,North,Divided; Depressed Median,Straight Level,Dry,Blacktop; Bituminous; Asphalt,1,0,189,False,False,False,False,False,False,False,False,False,False,True,True,False,True,False,False,False
	514-2429-1,20233002257,Injury Possible,,,False,False,False,False,False,False,False,	02500,2,1,Franklin County,City,Columbus,1/5/2023 5:39:09 PM,18000,39.956211,-83.119217,Interstate Route (Turnpike is also IR),270,,,Highway,,,,Federal US Route,40,,,Intersection,,False,,False,On Roadway,Rear-end,Rain,Dark - Lighted Roadway,False,False,False,False,,,Unit 2 was in slow moving traffic on the IR270SB to US40WB exit ramp. Unit 1 changed lanes to exit from IR270SB to US40WB and struck Unit 2 from behind.,Police,False,1/5/2023 5:39:09 PM,1/5/2023 5:41:28 PM,1/5/2023 5:51:00 PM,1/5/2023 6:41:00 PM,,,Russell A Hone,1466,William J Fitzpatrick,201,False,,,Straight Level,Wet,Blacktop; Bituminous; Asphalt,0,0,60,False,False,False,False,False,False,False,False,False,False,False,False,False,False,False,False,False
	23010628621800,20233002258,Property Damage Only,,SCOTTPARK,False,False,False,False,False,False,False,	04807,1,1,Lucas County,City,TOLEDO,1/6/2023 6:00:00 PM,77000,41.628660,-83.607490,,,,AIRPORT,Highway,0.00,Miles,North,,,,SHEA,Intersection,Street,False,,False,On Roadway,Not Collision Between Two Vehicles in Transport,Clear,Dark - Lighted Roadway,False,False,False,False,,,On the listed date and time unit 1 was eastbound Airport when she lost control of the vehicle and struck the fire hydrant and street sign at the east corner of Shea and Western. The driver stated she was hit by and then ran off the road by a known fmale; Ronae Garrison; in a white Chrysler 200. This unit did not observe any damage to the vehicle that suggests she was struck on the passenger side. The stories did not line up. Unit 1 was cited for failure to control. There were no reported injuries. No insurance. The vehicle was still operable.,Police,False,1/6/2023 6:00:00 PM,1/6/2023 6:00:00 PM,1/6/2023 6:02:00 PM,1/6/2023 6:02:00 PM,,0,CLAIRE BILLINGHURST,2862,TIMOTHY HANUS,1925,False,,,Straight Level,Dry,Blacktop; Bituminous; Asphalt,0,0,2,False,False,False,False,False,False,False,False,False,False,False,False,False,False,False,False,False