LocalReportNumber,DocumentNumber,CrashSeverity,HitSkip,LocalInformation,SecondaryCrash,PhotosTaken,OH2,OH3,OH1P,OHOther,PrivateProperty,ReportingAgencyNCIC,NumberOfUnits,UnitInError,County,InCityVillageTownship,CityVillageTownshipName,CrashDateTime,FIPSPlaceCode,Latitude,Longitude,LocationRouteType,LocationRouteNumber,LocationPrefix,LocationRoadName,LocationRoadType,DistanceFromReference,DistanceReferenceMeasurement,DirectionFromReference,ReferenceRouteType,ReferenceRouteNumber,ReferencePrefix,ReferenceName,ReferencePointUsed,ReferenceRoadType,IntersectionOrApproachRelated,NumberOfApproaches,WithinInterchangeArea,LocationFirstHarmfulEvent,MannerOfCollision,Weather,LightCondition,ActiveSchoolZoneRelated,WorkZoneRelated,WorkersPresent,LawEnforcementPresentInWorkZone,WorkZoneType,WorkZoneLocation,Narrative,ReportTakenBy,Supplement,CrashReportedDateTime,DispatchedDateTime,ArrivedDateTime,SceneClearedDateTime,OtherInvestigationTime,TotalTimeRoadwayClosed,OfficerName,OfficerBadgeNumber,CheckedByOfficerName,CheckedByBadgeNumber,RoadwayDivided,DividedLaneTravelDirection,DividedMedianType,RoadContour,RoadCondition,RoadSurface,TotalInjured,TotalKilled,TotalMinutes,AnimalRelated,AnimalDeerRelated,AlcoholRelated,DrugRelated,BicycleRelated,MotorCycleRelated,SpeedRelated,PedestrianRelated,SemiTruckRelated,SmallTruckRelated,YouthRelated,TeenRelated,DUI21Related,SeniorRelated,FatalNotReportable,CommercialRelated,CommercialAtFault
	23-00539,20233003098,Property Damage Only,Unsolved,,False,False,False,False,False,False,False,	07807,2,2,Trumbull County,City,WARREN,1/9/2023 11:33:00 AM,80892,41.256887,-80.801572,,,,LARCHMONT,Avenue,,,,,,,OVERLAND,Intersection,Avenue,False,,False,On Roadway,Sideswipe; same direction,Cloudy,Daylight,False,False,False,False,,,Unit#1 was waiting on traffic to make a left hand turn onto Overland.  Unit#2 was behind Unit#1.  Unit#2 overtook Unit#1 in the intersection; using the oncoming traffic lane.  Unit#2 struck the side of Unit#1.  Unit#2 then fled the scene.  Unit#1 was seen by EMS and declined treatment.  Unit#1 was able to drive from scene. ,Motorist,False,1/9/2023 11:33:00 AM,1/9/2023 11:36:00 AM,1/9/2023 11:46:00 AM,1/9/2023 12:04:00 PM,45,,2166,4719,611,4656,False,,,Straight Level,Dry,Blacktop; Bituminous; Asphalt,0,0,73,False,False,False,False,False,False,False,False,False,False,False,False,False,False,False,False,False
	23-00575,20233003099,Property Damage Only,Solved,,False,False,False,False,False,False,False,	07807,3,3,Trumbull County,City,WARREN,1/9/2023 6:10:00 PM,80892,41.229605,-80.793505,,,,OAK KNOLL,Avenue,,,,,,,800 BLOCK ,House Number,,False,,False,On Roadway,Other/Unknown,Clear,Dark - Lighted Roadway,False,False,False,False,,,Unit 3 was traveling southbound on Oak Knoll Ave when it struck Unit 1 and Unit 2. Unit 1 and Unit 2 was parked on the side of the road when they were struck. Causing damage to the left front fender of unit 2 and the rear end of Unit 1. Unit 3 kept driving until his axle broke. ,Motorist,False,1/9/2023 6:10:00 PM,1/9/2023 6:13:00 PM,1/9/2023 6:21:00 PM,1/9/2023 7:19:00 PM,0,0,2482,4736,619,4669,False,,,Straight Level,Dry,Blacktop; Bituminous; Asphalt,0,0,66,False,False,True,False,False,False,False,False,False,True,False,False,False,False,False,False,False
	2023-00001877,20233003100,Property Damage Only,,,False,True,False,True,False,False,False,	07700,2,2,Summit County,City,Green,1/6/2023 11:43:00 AM,31860,40.979955,-81.460085,,,,BERNA,Road,15.00,Feet,South,,,, FAR VIEW,Intersection,Road,True,3,False,On Roadway,Angle,Rain,Daylight,False,False,False,False,,,Unit 1 was stopped at stop sign on Far  V iew Road at Berna Road. Unit 2 was traveling East on Berna Road to turn on to Far  V iew Road. Unit 2 made an improper turn striking the front bumper of Unit 1.,Police,False,1/6/2023 11:43:00 AM,1/6/2023 11:45:00 AM,1/6/2023 11:53:00 AM,1/6/2023 12:30:00 PM,30,30,0866 - Tait; Matthew,0866,0532 - Usinski; Corin,0532,False,,,Straight Level,Wet,Blacktop; Bituminous; Asphalt,0,0,75,False,False,False,False,False,False,False,False,False,False,True,True,False,False,False,False,False
	2023-00002611,20233003101,Minor Injury Suspected,,,False,False,False,False,False,False,False,	07701,1,1,Summit County,City,Akron,1/7/2023 3:04:00 PM,1000,41.044135,-81.552282,,,East,BLVD,Highway,,,,,,, 8TH,Intersection,Street,True,4,False,On Roadway,Not Collision Between Two Vehicles in Transport,Cloudy,Daylight,False,False,False,False,,,Unit 1 was traveling southbound on 8th St SW when the driver  intending to make a left; eastbound turn onto Kenmore Blvd. The driver failed to control the vehicle by turning prematurely. Unit 1 struck a curb and a tree and the vehicle then flipped on its roof.  Witness stated unit 1 was traveling too fast while trying to make the turn. ,Police,False,1/7/2023 3:04:00 PM,1/7/2023 3:10:00 PM,1/7/2023 3:16:00 PM,1/7/2023 4:00:00 PM,45,45,1284 - Jaskolka; Janusz,1284,877 - Vavro; Michael,877,False,,,Straight Grade,Dry,Blacktop; Bituminous; Asphalt,0,0,95,False,False,False,False,False,False,True,False,False,False,False,False,False,False,False,False,False
	23011021941310,20233003103,Property Damage Only,,SCOTT PARK,False,False,False,False,False,False,False,	04807,2,2,Lucas County,City,TOLEDO,1/10/2023 1:10:00 PM,77000,41.616640,-83.664630,,,,AIRPORT,Highway,,,,,,South,REYNOLDS,Intersection,Road,True,4,False,On Roadway,Angle,Cloudy,Daylight,False,False,False,False,,,UNIT#1 WAS HEADING SOUTHBOUND ON S REYNOLDS RD APPROACHING AIRPORT HWY IN THE PASSING LANE AND RECEIVED A GREEN LIGHT.  UNIT#2 WAS HEADING WESTBOUND ON AIRPORT HWY APPROACHING S REYNOLDS RD IN THE PASSING LANE WITH A RED LIGHT.  THE DRIVER OF UNIT#2 STATED THAT THE RIGHT TURN ARROW FOR WESTBOUND AIRPORT HWY AT S REYNOLDS RD TURNED GREEN; BUT IT REGISTERED IN HER MIND THAT SHE HAD A GREEN LIGHT; WHEN IN FACT IT WAS STILL RED.  UNIT#2 ENTERED THE INTERSECTION THROUGH THE RED LIGHT; AND THE DRIVER OF UNIT#2 STATED THAT SHE SAW THAT THE CROSS TRAFFIC ON S REYNOLDS RD WAS GOING THROUGH THE INTERSECTION.  THE DRIVER OF UNIT#2 ATTEMPTED TO STOP; BUT COLLIDED WITH UNIT#1; WHICH HAD ENTERED THE INTERSECTION WITH THE RIGHT OF WAY.  NO INJURIES REPORTED ON SCENE.  NO WITNESSES ON SCENE.  THE DRIVER OF UNIT#2 ADMITTED FAULT FOR THE ACCIDENT AND WAS CITED.  ALL PARTIES ADVISED.,Police,False,1/10/2023 1:12:00 PM,1/10/2023 1:20:00 PM,1/10/2023 1:35:00 PM,1/10/2023 2:00:00 PM,15,1,JOHN MATTIMORE,2194,TIMOTHY HANUS,1925,False,,,Straight Level,Dry,Blacktop; Bituminous; Asphalt,0,0,55,False,False,False,False,False,False,False,False,False,False,False,False,False,True,False,False,False
	2023-30000600,20233003104,Property Damage Only,Unsolved,,False,True,False,True,False,False,False,	02101,2,1,Delaware County,City,Delaware,1/9/2023 3:02:00 PM,21434,40.310679,-83.068012,,,West,HEFFNER,Street,,,,,,, 30,House Number,,False,,False,On Roadway,Not Collision Between Two Vehicles in Transport,Clear,Daylight,False,False,False,False,,,On 1/9/2023; at approximately 1502 hours; Unit 2 was parked outside of 30 W. Heffner St. on the South side of the road facing eastbound. Unit 1 was identified as a newer model; gray Dodge Ram; with a white male operator. Unit 1 struck the driver's side mirror of Unit 2 and left the scene of the crash eastbound on W. Heffner Street. Unit 1 did not leave any debris at the crash. Unit 2's owner overheard the crash.,Police,False,1/9/2023 3:02:00 PM,1/9/2023 3:02:00 PM,1/9/2023 3:17:00 PM,1/9/2023 3:48:00 PM,20,20,21 - Crosbie; Cody,21,10 - Claar; Donald,10,False,,,Straight Level,Dry,Blacktop; Bituminous; Asphalt,0,0,66,False,False,False,False,False,False,False,False,False,True,False,False,False,False,False,False,False
	23PI00312,20233003105,Property Damage Only,,,False,False,False,False,False,False,False,	05502,1,1,Miami County,City,PIQUA,1/7/2023 7:54:00 AM,62848,40.144170,-84.245090,,,,COMMERCIAL,Street,,,,,,,MIAMI,Intersection,Street,False,,False,On Shoulder,Not Collision Between Two Vehicles in Transport,Clear,Daylight,False,False,False,False,,,Unit 1 was eastbound on Miami St approaching the intersection with Commercial St.  Unit 1 stopped for the stop sign.  As Unit 1 started to make a left turn; the driver (D1) stated another car approached the intersection driving northbound on Commercial St at a high rate of speed and she didn't think the car was going to stop for the stop sign.  D1 said she turned to the left to possibly avoid a collision and struck the stop sign on the northwest corner of the intersection.  There was minor damage to Unit 1 and the stop sign was pulled out of the ground.  The northbound car continued on and did not stop.  There was no collision between the cars.  No injuries were reported and Unit 1 did not need to be towed.  D1 stayed on scene and called 911 to make a report.  She also provided insurance and said she would take care of any damage to the stop sign.  I did not issue a citation and advised D1 to contact the city to make arrangements to pay for any costs to replace the stop sign; or else the city could  make a claim against her insurance.,Police,False,1/7/2023 7:54:00 AM,1/7/2023 7:56:00 AM,1/7/2023 8:03:00 AM,1/7/2023 8:18:00 AM,,0,BRIAN GEORGE,231,VOSKUHL    M  T,241,False,,,Straight Level,Dry,Blacktop; Bituminous; Asphalt,0,0,22,False,False,False,False,False,False,False,False,False,False,False,False,False,False,False,False,False
	2023-00000937,20233003106,Injury Possible,Unsolved,,False,False,False,False,False,False,False,	04306,2,2,Lake County,City,Mentor,1/10/2023 11:17:00 AM,49056,41.714623,-81.297008,,,,HEISLEY,Road,,,,,,,DIAMOND CENTER,Intersection,Road,True,3,False,On Roadway,Sideswipe; same direction,Cloudy,Daylight,False,False,False,False,,,UNIT#1 WAS ON THE OUTSIDE LEFT TURN LANE FROM HEISLEY S/B TO DIAMOND CENTER E/B. UNIT#2 WAS ON THE INSIDE TURN LANE FROM HEISLEY S/B TO DIAMOND CENTER E/B. WHEN THE LIGHT TURNED GREEN BOTH UNITS MADE A LEFT TURN ONTO DIAMOND CENTER. THE DRIVER OF UNIT#1 STATED THE DRIVER OF UNIT#2 WENT INTO HIS LANE. UNIT#2'S FRONT RIGHT SIDE STRUCK THE REAR LEFT SIDE OF UNIT#1.    UNIT #1 WAS STRUCK BY UNIT#2 WHILE BOTH UNITS WERE MAKING A LEFT ONTO DIAMOND CENTER RD. AFTER THE VEHICLE COLLIDED THE WHITE PASSENGER CAR OR SUV CONTINUED E/B ON DIAMOND CENTER. UNIT#1 PULLED OFF INTO THE FIRST PARKING LOT AND CONTACTED THE POLICE DEPT. THE AREA WAS SEARCHED FOR UNIT#2; BUT WAS UNABLE TO LOCATED IT. I ALSO LOOKED AT THE FLOCK CAMERA AND THERE WAS NO WHITE SUV/ PASSENGER CAR NEAR UNIT#1 AT THE TIME OF THE PHOTO.   ,Police,False,1/10/2023 11:17:00 AM,1/10/2023 11:18:00 AM,1/10/2023 11:22:00 AM,1/10/2023 12:02:00 PM,,0,Daniel Shaw,409,Daniel Molnar,327,False,,,Straight Level,Dry,Blacktop; Bituminous; Asphalt,0,0,44,False,False,False,False,False,False,False,False,False,False,False,False,False,False,False,False,False
	23PI00313,20233003108,Property Damage Only,Unsolved,,False,True,False,False,False,False,False,	05502,1,1,Miami County,City,PIQUA,1/7/2023 8:56:00 AM,62848,40.150630,-84.254110,,,West,GREENE,Street,50.00,Yards,North,,,,1014,House Number,,False,,False,On Roadway,Other/Unknown,Clear,Daylight,False,False,False,False,,,Unit 1 struck a pole in the alley behind 1014 E. Greene St. and fled the scene. The caller did not see the incident occur and was not about to provide a description of the suspect vehicle; but he heard the crash. I checked the area and located debris left over but no suspect vehicle. ,Police,False,1/7/2023 8:57:00 AM,1/7/2023 8:58:00 AM,1/7/2023 9:06:00 AM,1/7/2023 9:38:00 AM,20,20,MADELINE G RUETENIK,233,VOSKUHL   M  T,241,False,,,Straight Level,Dry,Concrete,0,0,60,False,False,False,False,False,False,False,False,False,False,False,False,False,False,False,False,False
	20230000000014,20233003109,Minor Injury Suspected,,E HIGH ST AND N MAIN,False,True,False,False,False,False,False,	04901,2,1,Madison County,City,LONDON,1/5/2023 3:59:11 PM,44674,39.886349,-83.448579,Federal US Route,42,,,,30.00,Feet,South,State Route,56,,,Intersection,,False,,False,On Roadway,Angle,Cloudy,Daylight,False,False,False,False,,,Unit 1 was making a left hand turn from W High St to continue Northbound on N Main St.  When Unit 2 was coming through light continuing westbound on High St and Struck Unit 1 which failed to yield the right of way.,Police,False,1/5/2023 3:59:11 PM,1/5/2023 3:59:20 PM,1/5/2023 3:59:20 PM,1/5/2023 4:22:05 PM,30,0,COMBS; MICHAEL,4082,COX; JOSEPH E,4064,False,,,Straight Level,Dry,Blacktop; Bituminous; Asphalt,0,0,53,False,False,False,False,False,False,False,False,False,False,False,False,False,True,False,False,False
	2023-00002276,20233003110,Property Damage Only,,,False,True,False,True,False,False,False,	07700,1,1,Summit County,City,Coventry (Township of),1/7/2023 11:35:00 AM,19036,41.025123,-81.504602,Interstate Route (Turnpike is also IR),277,,41.025123861;-81.504602956 H,Highway,5.00,Feet,West,Interstate Route (Turnpike is also IR),77,,,Intersection,,True,2,True,On Gore,Not Collision Between Two Vehicles in Transport,Cloudy,Daylight,False,False,False,False,,,Unit #1 was traveling East on I-277 when it ran off the road to the right to take the exit to I-77 South. Unit #1 struck a portable exit sign and numerous construction barrels. Unit #1 sustained disabling damage to the front of the vehicle. ,Police,False,1/7/2023 11:35:00 AM,1/7/2023 11:41:00 AM,1/7/2023 11:53:00 AM,1/7/2023 12:21:00 PM,20,20,0865 - Ruggles; Jason,0865,1290 - Lowe; Michael,1290,True,East,Divided; Raised Median (Any type),Straight Level,Dry,Blacktop; Bituminous; Asphalt,0,0,60,False,False,False,False,False,False,False,False,False,False,True,False,False,False,False,False,False
	2023-00002693,20233003111,Property Damage Only,,,False,False,False,False,False,False,False,	07701,2,2,Summit County,City,Akron,1/7/2023 5:55:00 PM,1000,41.115348,-81.540789,,,,MERRIMAN,Road,,,,,,, 874,House Number,,False,,False,On Roadway,Rear-end,Cloudy,Dark - Lighted Roadway,False,False,False,False,,,Unit #1 was south on Merriman Rd and was slowing for traffic. Unit #2 was south on Merriman Rd and was behind unit #1. Unit #2 rear ended unit #1. Unit #2 failed to provide assured clear distance. ,Police,False,1/7/2023 5:55:00 PM,1/7/2023 7:18:00 PM,1/7/2023 7:30:00 PM,1/7/2023 8:15:00 PM,30,30,1282 - Riley; Courtney,1282,877 - Vavro; Michael,877,False,,,Curve Level,Dry,Blacktop; Bituminous; Asphalt,0,0,87,False,False,False,False,False,False,False,False,False,False,False,False,False,False,False,False,False
	2023-00002461,20233003112,Minor Injury Suspected,Unsolved,,False,False,False,False,False,False,False,	07701,2,1,Summit County,City,Akron,1/7/2023 3:50:00 AM,1000,41.111989,-81.525053,,,,CUYAHOGA,Street,,,,,,, PECK,Intersection,Road,False,,False,Outside Trafficway,Not Collision Between Two Vehicles in Transport,Cloudy,Dark - Lighted Roadway,False,False,False,False,,,Unit 2 was traveling northbound on Cuyahoga St passing Peck Rd. The driver of Unit 2 stated Unit 1 crested the hill traveling southbound left of center in the roadway. Unit 2 swerved to avoid the collision left the roadway to the right and struck a utility pole. Unit 2 then crossed back over to the left side of the roadway before coming to final rest. Unit 1 continued southbound away from the crash. ,Police,False,1/7/2023 3:52:00 AM,1/7/2023 3:54:00 AM,1/7/2023 3:58:00 AM,1/7/2023 5:00:00 AM,20,20,1458 - Holmes; Christopher,1458,877 - Vavro; Michael,877,False,,,Straight Grade,Dry,Blacktop; Bituminous; Asphalt,0,0,86,False,False,False,False,False,False,False,False,False,False,True,False,False,False,False,False,False
	2023-00002277,20233003114,Property Damage Only,,,False,True,False,True,False,False,False,	07700,1,1,Summit County,City,Green,1/7/2023 11:40:00 AM,31860,40.970586,-81.464218,,,,MASSILLON,Road,,,,,,, STEIN,Intersection,Road,True,4,False,On Roadway,Not Collision Between Two Vehicles in Transport,Cloudy,Daylight,False,False,False,False,,,Unit 1 was northbound on Massillon Road exiting the roundabout from Stein Road. Unit 1 swerved to avoid another unknown vehicle and increased speed causing Unit 1 to lose control of the vehicle striking a utility pole and going off the road right into a private parking lot. No injuries reported on scene. The driver had the vehicle towed by a private company. The driver was cited with the listed offense. Photos were taken. ,Police,False,1/7/2023 11:55:00 AM,1/7/2023 12:34:00 PM,1/7/2023 12:34:00 PM,1/7/2023 12:50:00 PM,45,45,0864 - Kemp; Terrell,0864,1290 - Lowe; Michael,1290,True,North,Divided Flush Median (Less than 4 feet),Straight Grade,Dry,Blacktop; Bituminous; Asphalt,0,0,61,False,False,False,False,False,False,True,False,False,False,False,False,False,False,False,False,False
	2023-00002655,20233003115,Property Damage Only,,,False,False,False,False,False,False,False,	07701,2,2,Summit County,City,Akron,1/7/2023 5:10:00 PM,1000,41.069768,-81.548156,,,,EAST,Avenue,,,,,,, 1055,House Number,,False,,False,On Roadway,Rear-end,Cloudy,Dawn/Dusk,False,False,False,False,,,Unit #1 was  northeast  on East Ave and was stopped for traffic. Unit #2 was  northeast  on East Ave and was behind unit #1. Unit #2 swerved to the left trying to avoid rear ending unit #1. Unit #2 struck the left rear of unit #1. Unit #2 failed to provide assured clear distance. ,Police,False,1/7/2023 5:10:00 PM,1/7/2023 5:14:00 PM,1/7/2023 5:25:00 PM,1/7/2023 6:00:00 PM,30,30,1282 - Riley; Courtney,1282,877 - Vavro; Michael,877,False,,,Straight Level,Dry,Blacktop; Bituminous; Asphalt,0,0,76,False,False,False,False,False,False,False,False,False,False,False,False,False,True,False,False,False
	23PI00421,20233003116,Property Damage Only,,,False,True,False,False,False,False,False,	05502,2,1,Miami County,City,PIQUA,1/9/2023 12:13:00 PM,62848,40.150970,-84.216640,Federal US Route,36,East,ASH,Street,10.00,Feet,West,,,,LOONEY,Intersection,Road,True,4,False,On Roadway,Angle,Clear,Daylight,False,False,False,False,,,Unit 2 was in the left turn lane on Looney Rd to turn west on to E. Ash St. (US RT 36). Unit 1 was in the curb lane on Looney Rd preparing to turn right (west) onto E. Ash St. Unit 2 had the green arrow and Unit 1 advised they had a red light. Unit 1 turned right on red and struck Unit 2 in the intersection.   Unit 1 was cited for right of way at intersections. ,Police,False,1/9/2023 12:13:00 PM,1/9/2023 12:16:00 PM,1/9/2023 12:21:00 PM,1/9/2023 12:46:00 PM,20,,ADAM COE,224,ADAM COE,224,False,,,Straight Level,Dry,Blacktop; Bituminous; Asphalt,0,0,50,False,False,False,False,False,False,False,False,False,False,False,False,False,True,False,False,False
	2023-00002407,20233003119,Property Damage Only,,,False,True,False,True,False,False,False,	07700,1,98,Summit County,City,Green,1/7/2023 8:23:00 PM,31860,40.915196,-81.496800,,,South,ARLINGTON,Road,10.00,Yards,South,,,, KARLA,Intersection,Drive,False,,False,On Roadway,Not Collision Between Two Vehicles in Transport,Clear,Dark - Roadway Not Lighted,False,False,False,False,,,Unit #1 was traveling South on S. Arlington Road near Karla Drive. Unit #1 stated a deer jumped into the roadway and struck the front of Unit #1 before running into the woods. There appeared to be fur and damage to the front of Unit #1 that matched a deer.  Photos attached via Axon Capture,Police,False,1/7/2023 8:23:00 PM,1/7/2023 8:38:00 PM,1/7/2023 8:38:00 PM,1/7/2023 8:52:00 PM,10,10,0982 - Ryan; Ezekiel,0982,0605 - Cucuz; Milorad,0605,False,,,Straight Level,Dry,Blacktop; Bituminous; Asphalt,0,0,24,True,True,False,False,False,False,False,False,False,False,False,False,False,False,False,False,False
	SO2301001533,20233003124,Property Damage Only,,,False,False,False,False,False,False,False,	08300,2,1,Warren County,Township,Deerfield (Township of),1/10/2023 1:35:09 PM,21238,39.292954,-84.321727,,,,Fields Ertel,Road,,,,,,,Wilkens,Intersection,Boulevard,True,4,False,On Roadway,Rear-end,Cloudy,Daylight,False,False,False,False,,,Unit 2 was stopped at a red light on Fields Ertel Road at Wilkens Boulevard heading westbound. Unit 1 stated the light changed to green and looked at directions while accelerating.  Unit 1 rear ended unit 2.  No injuries reported on scene.  ,Police,False,1/10/2023 1:36:00 PM,1/10/2023 1:36:00 PM,1/10/2023 1:40:00 PM,1/10/2023 1:52:00 PM,30,,Gantz; Bradley 972,972,Bishop; Steve 812,812,False,,,Straight Level,Dry,Blacktop; Bituminous; Asphalt,0,0,46,False,False,False,False,False,False,False,False,False,False,False,False,False,False,False,False,False
	2023-00002577,20233003127,Minor Injury Suspected,Unsolved,,False,True,False,True,False,False,False,	07700,4,4,Summit County,City,Green,1/8/2023 11:42:00 AM,31860,40.968581,-81.493618,,,South,ARLINGTON,Road,5.00,Feet,South,,,, KNOLLWOOD,Intersection,Drive,False,,False,On Roadway,Rear-end,Cloudy,Daylight,False,False,False,False,,,Unit #1; #2; and #3 where stopped in traffic in the northbound lane at the Knollwood Drive intersection; waiting for a white truck (also in the north bound lane) to complete a left hand turn (westbound) onto Knollwood Drive.  Unit #4 failed to maintain assured cleared distance ahead striking the rear of Unit #3. Units #3 and #4 continued forward causing Unit #3 to strike Unit #2. Unit #2; #3; and #4 continued forward causing Unit #2 to strike#1. All Units came to final rest on the roadway of South Arlington Road. Unit #1 left the scene prior to Summit County Deputy and City of Green Fire Department arrival. Unit #2 sustained functional damage and was driven off the scene after occupant information and photos were taken.  Unit #3 and Unit #4 sustained disabling damage. Unit #3 and #4 were towed and stored by Jeffery's Towing after occupant information and photos were taken.  City of Green Fire Department treated and released the driver of Unit #3 on scene. ,Police,False,1/8/2023 11:42:00 AM,1/8/2023 11:43:00 AM,1/8/2023 11:49:00 AM,1/8/2023 12:33:00 PM,10,10,0919 - Wilson; Abby,0919,1290 - Lowe; Michael,1290,True,North,Divided Flush Median (Less than 4 feet),Straight Level,Dry,Blacktop; Bituminous; Asphalt,0,0,60,False,False,False,False,False,False,False,False,False,False,False,False,False,True,False,False,False
	LP2301000332,20233003128,Injury Possible,,,False,True,False,False,False,False,False,	08316,2,1,Warren County,Township,Clearcreek (Township of),1/9/2023 6:55:59 AM,15700,39.494455,-84.161021,,,,Old 122,Road,,,,,,,Utica,Intersection,Road,False,,True,On Roadway,Angle,Clear,Daylight,False,False,False,False,,,Unit 1 was traveling north bound on Utica and stopped at the stop sign.  Unit 2 was traveling east bound on Old 122 at Utica.  Unit 1 failed to yield at the stop sign and unit 1 struck unit 2 ,Police,False,1/9/2023 6:56:00 AM,1/9/2023 6:57:00 AM,1/9/2023 7:04:00 AM,1/9/2023 8:08:00 AM,15,10,Robinson; Kimberly 1L38,1L38,Cordero; Nicole 1L27,1L27,False,,,Straight Level,Dry,Blacktop; Bituminous; Asphalt,0,0,86,False,False,False,False,False,False,False,False,False,False,False,False,False,False,False,False,False
	2023-00002613,20233003129,Property Damage Only,,,False,True,False,True,True,False,False,	07700,2,1,Summit County,City,Green,1/8/2023 2:10:00 PM,31860,40.928702,-81.535077,,,South,MAIN,Street,,,,,,, 5954,House Number,,False,,False,On Roadway,Angle,Cloudy,Daylight,False,False,False,False,,,Unit 1 was traveling Northbound on S. Main St. Unit 2 was traveling Northbound on S. Main St. attempting to turn left into 5954 S. Main St. Unit 1 improperly passed Unit 2; causing Unit 2 to strike Unit 1 near the front; passenger side tire with their front; driver side bumper. Unit 1 was cited for Improper Passing. ,Police,False,1/8/2023 2:13:00 PM,1/8/2023 2:20:00 PM,1/8/2023 2:26:00 PM,1/8/2023 2:34:00 PM,55,55,0860 - Patterson; Garrett,0860,1290 - Lowe; Michael,1290,False,,,Straight Grade,Dry,Blacktop; Bituminous; Asphalt,0,0,69,False,False,False,False,False,False,False,False,False,False,False,False,False,False,False,False,False
	2023-00002799,20233003130,Injury Possible,,,False,False,False,False,False,False,False,	07701,3,1,Summit County,City,Akron,1/7/2023 11:19:00 PM,1000,41.046842,-81.491129,,,East,ARCHWOOD,Avenue,,,,,,South, ARLINGTON,Intersection,Street,True,4,True,On Roadway,Angle,Clear,Dark - Lighted Roadway,False,False,False,False,,,Unit 1 was traveling south on S Arlington approaching E Archwood. Unit 2 was traveling northbound on S Arlington approaching E Archwood. Unit 3 was stopped facing east on E Archwood at S Arlington. Unit 1 attempted to make a left turn onto E Archwood while Unit 2 was approaching the intersection. Unit 1 struck Unit 2 while Unit 2 was swerving to avoid causing Unit 2 to strike Unit 3. The driver of Unit 1 was cited for Right Of Way Intersection.,Police,False,1/7/2023 11:20:00 PM,1/7/2023 11:48:00 PM,1/7/2023 11:55:00 PM,1/8/2023 12:30:00 AM,30,30,1458 - Holmes; Christopher,1458,877 - Vavro; Michael,877,False,,,Straight Level,Dry,Blacktop; Bituminous; Asphalt,0,0,72,False,False,False,False,False,False,False,False,False,False,True,True,False,False,False,False,False
	202300201,20233003132,Property Damage Only,,SCHOOLHOUSE LANE,False,True,False,True,False,False,False,	03123,2,1,Hamilton County,City,Montgomery,1/10/2023 11:03:00 AM,51716,39.239290,-84.349540,,,,Schoolhouse,Lane,25.00,Feet,West,Federal US Route,22,,Montgomery,Intersection,Road,False,,False,On Roadway,Angle,Clear,Daylight,False,False,False,False,,,Unit 2 was traveling east on Schoolhouse Ln. Unit 1 was entering the roadway from a parking lot and failed to yield to Unit 2 causing Unit 1 to strike Unit 2.,Police,False,1/10/2023 11:03:00 AM,1/10/2023 11:03:00 AM,1/10/2023 11:03:00 AM,1/10/2023 11:31:00 AM,15,,Rasheed Kassem,4nrkas,Greg Harris,4nghar,False,,,Straight Level,Dry,Blacktop; Bituminous; Asphalt,0,0,43,False,False,False,False,False,False,False,False,False,False,False,False,False,True,False,False,False
	500-5085-1,20233003134,Property Damage Only,,,False,False,False,False,False,False,False,	02540,2,99,Franklin County,City,Columbus,1/9/2023 5:57:31 PM,18000,40.124031,-83.036011,State Route,315,,,Highway,,,,,,,Olentangy River,Intersection,Road,False,,False,On Roadway,Angle,Clear,Dark - Roadway Not Lighted,False,False,False,False,,,Unit 2 was making a left hand turn from 7810 Olentangy River Rd. to travel south on SR 315 but struck Unit 2 on the passenger side with their center front. The driver of Unit 2 stated that a vehicle traveling in the northbound lane stopped to let them make the left hand turn. They then struck Unit 1 which was traveling northbound in the middle left turn only lane. The driver of Unit 1 stated that they were traveling northbound on 315 when they went to pass a stopped vehicle and were struck by Unit 2. All parties involved declined medical attention. Both drivers were cited with culpability. ,Police,False,1/9/2023 5:57:31 PM,1/9/2023 5:57:31 PM,1/9/2023 5:57:31 PM,1/9/2023 6:57:54 PM,,,Jacob M. Gilstrap,21,Brooke L Dendiu,S1,False,,,Curve Level,Dry,Blacktop; Bituminous; Asphalt,0,0,60,False,False,False,False,False,False,False,False,False,False,False,False,False,False,False,False,False
	2023-00002491,20233003136,Property Damage Only,Unsolved,,False,False,False,False,False,False,False,	07701,2,2,Summit County,City,Akron,1/7/2023 7:17:00 AM,1000,41.056471,-81.528173,,,South,MAIN,Street,,,,,,East, MILLER,Intersection,Avenue,True,4,False,On Roadway,Angle,Cloudy,Dawn/Dusk,False,False,False,False,,,Unit 1 was traveling east bound on East Miller Avenue. He was driving in the 2nd lane (right) and was stopped at the traffic light at South Main Street. Unit 2 was traveling south bound on South Main Street. Unit 2 attempted to make a west bound (right) turn onto East Miller Avenue. Lost control of the vehicle and crashed into Unit 1. Unit 2 backed up and drove away west bound on East Miller Avenue without exchanging any information.,Police,False,1/7/2023 7:17:00 AM,1/7/2023 7:20:00 AM,1/7/2023 7:27:00 AM,1/7/2023 8:03:00 AM,0,0,1028 - Mallard; Marlon,1028,877 - Vavro; Michael,877,False,,,Straight Grade,Wet,Blacktop; Bituminous; Asphalt,0,0,43,False,False,False,False,False,False,False,False,False,False,False,False,False,False,False,False,False