LocalReportNumber,DocumentNumber,CrashSeverity,HitSkip,LocalInformation,SecondaryCrash,PhotosTaken,OH2,OH3,OH1P,OHOther,PrivateProperty,ReportingAgencyNCIC,NumberOfUnits,UnitInError,County,InCityVillageTownship,CityVillageTownshipName,CrashDateTime,FIPSPlaceCode,Latitude,Longitude,LocationRouteType,LocationRouteNumber,LocationPrefix,LocationRoadName,LocationRoadType,DistanceFromReference,DistanceReferenceMeasurement,DirectionFromReference,ReferenceRouteType,ReferenceRouteNumber,ReferencePrefix,ReferenceName,ReferencePointUsed,ReferenceRoadType,IntersectionOrApproachRelated,NumberOfApproaches,WithinInterchangeArea,LocationFirstHarmfulEvent,MannerOfCollision,Weather,LightCondition,ActiveSchoolZoneRelated,WorkZoneRelated,WorkersPresent,LawEnforcementPresentInWorkZone,WorkZoneType,WorkZoneLocation,Narrative,ReportTakenBy,Supplement,CrashReportedDateTime,DispatchedDateTime,ArrivedDateTime,SceneClearedDateTime,OtherInvestigationTime,TotalTimeRoadwayClosed,OfficerName,OfficerBadgeNumber,CheckedByOfficerName,CheckedByBadgeNumber,RoadwayDivided,DividedLaneTravelDirection,DividedMedianType,RoadContour,RoadCondition,RoadSurface,TotalInjured,TotalKilled,TotalMinutes,AnimalRelated,AnimalDeerRelated,AlcoholRelated,DrugRelated,BicycleRelated,MotorCycleRelated,SpeedRelated,PedestrianRelated,SemiTruckRelated,SmallTruckRelated,YouthRelated,TeenRelated,DUI21Related,SeniorRelated,FatalNotReportable,CommercialRelated,CommercialAtFault
	2023-00003169,20233004136,Property Damage Only,,,False,False,False,False,False,False,False,	07701,2,2,Summit County,City,Akron,1/9/2023 7:24:00 AM,1000,41.046261,-81.505393,,,,I 77 N,Highway,,,,,,East, Archwood,Intersection,Avenue,False,,False,On Roadway,Rear-end,Cloudy,Dark - Lighted Roadway,False,True,False,False,Other,Activity Area,Unit #1 was northbound on I-77 in the right lane; slowing for traffic ahead.  Unit #2 was northbound in the right lane after just entering from E Archwood Av; slowing; and struck Unit #1 in the rear.  Both vehicles had minor damage.  ,Police,False,1/9/2023 7:25:00 AM,1/9/2023 7:29:00 AM,1/9/2023 7:32:00 AM,1/9/2023 7:53:00 AM,25,25,1083 - Mckeel; Jason,1083,1125 - Hentosz; James,1125,False,,,Straight Level,Dry,Blacktop; Bituminous; Asphalt,0,0,49,False,False,False,False,False,False,False,False,False,False,False,False,False,False,False,False,False
	2023-00003963,20233004138,Property Damage Only,,,False,False,False,False,False,False,False,	07701,2,2,Summit County,City,Akron,1/11/2023 8:26:00 AM,1000,41.113656,-81.578769,,,West,MARKET,Street,,,,,,, Frank,Intersection,Boulevard,True,3,False,On Roadway,Rear-end,Cloudy,Daylight,False,False,False,False,,,Unit #1 was westbound on W Market St at Frank Blvd.  Unit #1 had stopped in the left turn lane; waiting for oncoming traffic.  Unit #2 was westbound and struck Unit #1 in the rear. ,Police,False,1/11/2023 8:27:00 AM,1/11/2023 8:30:00 AM,1/11/2023 8:44:00 AM,1/11/2023 9:05:00 AM,20,20,1083 - Mckeel; Jason,1083,1125 - Hentosz; James,1125,False,,,Straight Level,Dry,Blacktop; Bituminous; Asphalt,0,0,55,False,False,False,False,False,False,False,False,False,False,False,False,False,False,False,False,False
	230026155,20233004141,Property Damage Only,Unsolved,3/192,False,False,False,False,False,False,False,	COP00,2,1,Franklin County,City,Columbus,1/11/2023 12:24:00 PM,18000,39.955090,-83.080560,,,North,Huron,Avenue,100.00,Feet,North,,,West,Broad ,Intersection,Street,False,,False,On Roadway,Angle,Cloudy,Daylight,False,False,False,False,,,Unit 2 was parked in front of 18 N Huron Ave.  Unit 1 was headed northbound on N Huron Ave from W Broad St.  Unit 1 then struck Unit 2 and continued to drive northbound on N Huron Ave.  Unit 1 was described as a blue truck.  There was no description of the driver or a license plate.,Police,False,1/11/2023 12:24:00 PM,1/11/2023 1:10:00 PM,1/11/2023 1:14:00 PM,1/11/2023 1:30:00 PM,,,MERCURIO; ROBERT,2387,LUCAS; RONNIE JR,5274,False,,,Straight Level,Dry,Concrete,0,0,20,False,False,False,False,False,False,False,False,False,True,False,False,False,False,False,False,False
	230028073,20233004143,Property Damage Only,Unsolved,3/194,False,False,False,False,False,False,False,	COP00,2,1,Franklin County,City,Columbus,1/12/2023 7:26:00 AM,18000,39.944010,-83.070830,,,,Sullivant,Avenue,20.00,Feet,East,,,South,Richardson,Intersection,Avenue,False,,False,On Roadway,Sideswipe; same direction,Rain,Dawn/Dusk,False,False,False,False,,,Unit 2 was westbound on Sullivant Ave approaching the intersection with S Richardson Ave. Unit 1 was in front of unit 2 and moved into the turn lane. As Unit 2 was passing by unit 1; the driver of unit 1 attempted to merge back into the travel lane and sideswiped unit 2. Unit 2 suffered functional damage to the left side. Unit 1 fled northbound on S Richardson Ave after the crash. Unit 1 was described as a smaller; four door; silver sedan. No injuries were reported. ,Police,False,1/12/2023 7:26:00 AM,1/12/2023 7:43:00 AM,1/12/2023 8:17:00 AM,1/12/2023 8:17:00 AM,,0,SNYDER; JACK,1935,LUCAS; RONNIE JR,5274,False,,,Straight Level,Wet,Blacktop; Bituminous; Asphalt,0,0,34,False,False,False,False,False,False,False,False,False,False,True,False,False,False,False,False,False
	202300037,20233004145,Property Damage Only,,,False,True,False,False,False,False,False,	07607,2,1,Stark County,City,Louisville,1/9/2023 3:24:00 PM,45094,40.838530,-81.250070,,,East,MAIN,Street,,,,,,North,NICKELPLATE,Intersection,Avenue,True,4,False,On Roadway,Rear-end,Clear,Daylight,False,False,False,False,,,UNIT 2 WAS STOPPED AT A TRAFFIC SIGNAL AT NORTH NICKELPLATE AVENUE HEADING WESTBOUND ON EAST MAIN STREET. UNIT 1 WAS TRAVELING WESTBOUND ON EAST MAIN STREET. UNIT 1 FAILED TO STOP IN TIME; STRIKING UNIT 2 IN THE REAR. UNIT 1 IS AT FAULT.,Police,False,1/9/2023 3:24:00 PM,1/9/2023 3:25:00 PM,1/9/2023 3:28:00 PM,1/9/2023 4:29:00 PM,30,,BROOKE COX,22,WILLIAM STILLWAGON,2,False,,,Straight Level,Dry,Blacktop; Bituminous; Asphalt,0,0,94,False,False,False,False,False,False,False,False,False,True,False,False,False,False,False,True,True
	235000345,20233004146,Injury Possible,,,False,False,False,False,False,False,False,	CIP00,2,1,Hamilton County,City,CINCINNATI,1/11/2023 4:03:00 PM,15000,39.113671,-84.527391,,,,LINN,Street,,,,,,,1580,House Number,,True,2,False,On Roadway,Angle,Rain,Daylight,False,False,False,False,,,UNIT 1 WAS TRAVELING WEST ON LIBERTY STREET APPROACHING LINN ST.  UNIT 2 WAS TRAVELING EAST ON LIBERTY STREET APPROACHING LINN ST.  UNIT 1 THEN ATTEMPTED TO TURN SOUTH ONTO LINN ST; FAILING TO YIELD TO UNIT 2.  UNIT 1 STRUCK UNIT 2 CAUSING DISABLING DAMAGE TO BOTH VEHICLES.,Police,False,1/11/2023 4:03:00 PM,1/11/2023 4:05:00 PM,1/11/2023 4:10:00 PM,1/11/2023 5:30:00 PM,,,SULLIVAN; RICHARD A.,P0214,SCHANK; ERIC J.,S0858,False,,,Straight Level,Wet,Blacktop; Bituminous; Asphalt,0,0,85,False,False,False,False,False,False,False,False,False,False,False,False,False,False,False,False,False
	235000378,20233004147,Property Damage Only,,,False,False,False,False,False,False,False,	CIP00,1,1,Hamilton County,City,CINCINNATI,1/12/2023 10:03:00 AM,15000,39.119226,-84.535072,Interstate Route (Turnpike is also IR),75,,,,,,,,,,2.0,Mile Post,Milepost,False,,False,On Shoulder,Not Collision Between Two Vehicles in Transport,Rain,Daylight,False,False,False,False,,,UNIT # 1 WAS TRAVELING NORTHBOUND ON INTERSTATE 75 AT THE 2-0 MILE MARKER NEGOTIATING A CURVE WHEN THE DRIVER FAILED TO MAINTAIN REASONABLE CONTROL; TRAVELING OFF THE RIGHT SIDE OF THE ROADWAY STRIKING A CURB AND GUARDRAIL.  DAMAGED PROPERTY OWNER: GUARDRAIL STRUCK / DAMAGED OHIO DEPARTMENT OF TRANSPORTATION NOTIFIED FOR INSPECTION / REPAIR,Police,False,1/12/2023 10:03:00 AM,1/12/2023 10:03:00 AM,1/12/2023 10:08:00 AM,1/12/2023 10:34:00 AM,15,,ADAMSON; MICHAEL P.,P0009,SCHUTTE; MARK A.,S0776,True,North,Divided; Raised Median (Any type),Curve Level,Wet,Blacktop; Bituminous; Asphalt,0,0,46,False,False,False,False,False,False,False,False,False,False,False,False,False,False,False,False,False
	235000377,20233004148,Injury Possible,,,False,False,False,False,False,False,False,	CIP00,1,1,Hamilton County,City,CINCINNATI,1/12/2023 8:13:00 AM,15000,39.203419,-84.467128,Interstate Route (Turnpike is also IR),75,,,,,,,,,,1.3,Mile Post,Milepost,False,,False,On Roadway,Not Collision Between Two Vehicles in Transport,Rain,Dawn/Dusk,False,False,False,False,,,Unit 1 traveling Northbound on I-75; failed to maintain control; ran off road right and struck tree on the side of highway.,Police,False,1/12/2023 8:13:00 AM,1/12/2023 8:22:00 AM,1/12/2023 8:43:00 AM,1/12/2023 9:20:00 AM,0,0,WARD; WILLIAM W.,P0122,FOX; STEVEN J.,S0430,True,North,Divided; Raised Median (Any type),Curve Level,Wet,Blacktop; Bituminous; Asphalt,0,0,58,False,False,False,False,False,False,False,False,False,False,False,False,False,False,False,False,False
	235000348,20233004149,Property Damage Only,,,False,False,False,False,False,False,False,	CIP00,2,1,Hamilton County,City,CINCINNATI,1/11/2023 4:55:00 PM,15000,39.104729,-84.529888,,,,GEST,Street,,,,,,,1000,House Number,,True,4,False,On Roadway,Angle,Rain,Daylight,False,False,False,False,,,UNIT TWO WAS STRUCK BY UNIT ONE WHILE UNIT TWO WAS IN THE INTERSECTION. UNIT ONE WAS UNSURE IF THE TRAFFIC CONTROL LIGHT WAS GREEN OR NOT. UNIT TWO STATES IT HAD A GREEN LIGHT AND THE RIGHT OF WAY. FAULT COULD  NOT BE CONCLUDED BASED OFF THE INFORMATION GIVEN.,Police,False,1/11/2023 4:56:00 PM,1/11/2023 4:56:00 PM,1/11/2023 5:00:00 PM,1/11/2023 6:33:23 PM,,,VILLARREAL; IGNACIO,P0306,SCHANK; ERIC J.,S0858,False,,,Straight Level,Wet,Blacktop; Bituminous; Asphalt,0,0,97,False,False,False,False,False,False,False,False,False,False,False,False,False,False,False,False,False
	23000614,20233004150,Property Damage Only,,,False,False,True,False,False,False,False,	04801,2,99,Lucas County,City,Maumee,1/11/2023 7:42:00 AM,48342,41.560437,-83.654924,,,West,BROADWAY,Street,25.00,Feet,West,,,,ALLEN,Intersection,Road,False,,False,On Roadway,Sideswipe; opposite direction,Cloudy,Dawn/Dusk,False,False,False,False,,,      Unit 1 stated that she was e/b on W Broadway just approaching Allen.  Unit 2 crossed the center line and struck Unit 1's mirror.  Unit 2 then fled; but stopped at Ford Field.         Unit 2 stated that she was w/b on W Broadway just past Allen when Unit 1 crossed into her lane causing their mirrors to hit.  Unit 2 is certain she did not cross into oncoming traffic because she was behind a truck.  Unit 2 stated that Unit 1 did not stop; so she continued.  Unit 2 pulled into Ford Field when she saw Unit 1 behind her honking her horn.  All parties stated no injuries       Due to conflicting statements and the vehicles being moved prior to my arrival I was unable to determine fault.  ,Police,False,1/11/2023 7:42:00 AM,1/11/2023 7:43:00 AM,1/11/2023 7:50:00 AM,1/11/2023 8:23:00 AM,0,0,Ptl. Russell; Kelly M.,160,Sgt. Foels; Nicholas B.,189,False,,,Straight Level,Wet,Concrete,0,0,40,False,False,False,False,False,False,False,False,False,True,False,False,False,True,False,False,False
	SO2301001710,20233004152,Property Damage Only,Unsolved,,False,False,False,False,False,False,False,	08300,2,1,Warren County,Township,Wayne (Township of),1/11/2023 1:49:02 PM,82306,39.557246,-84.135020,,,,Township Line,Road,,,,,,,8260,House Number,,False,,False,On Roadway,Not Collision Between Two Vehicles in Transport,Rain,Daylight,False,False,False,False,,,The driver of Unit #02 stated Unit #01 crossed the double yellow line into his lane. The driver of Unit #02 ran off the roadway on the right; struck a guardrail and mailbox with it's trailer.  The driver of Unit #02 said all he saw was Unit #01 was a blue vehicle of unknown make and model. ,Police,False,1/11/2023 1:50:00 PM,1/11/2023 2:03:00 PM,1/11/2023 2:27:00 PM,1/11/2023 3:15:00 PM,45,,Pelfrey; Mark 844,844,Asencio; Randy 834,834,False,,,Straight Level,Wet,Blacktop; Bituminous; Asphalt,0,0,117,False,False,False,False,False,False,False,False,False,True,False,False,False,False,False,True,False
	2023-00003595,20233004153,Property Damage Only,Unsolved,,False,False,False,False,False,False,False,	07701,2,2,Summit County,City,Akron,1/10/2023 12:00:00 AM,1000,41.081328,-81.566152,,,,GREENWOOD,Avenue,,,,,,, 940,House Number,,False,,False,On Roadway,Not Collision Between Two Vehicles in Transport,Cloudy,Dark - Lighted Roadway,False,False,False,False,,,Unit #1 was parked on the street along the west curb in front of 940 Greenwood Av.  Unit #2 was southbound and sideswiped the left rear corner and fender on Unit #1.  Unit #2 fled the scene.  ,Police,False,1/10/2023 9:25:00 AM,1/10/2023 9:27:00 AM,1/10/2023 9:35:00 AM,1/10/2023 9:45:00 AM,45,45,1083 - Mckeel; Jason,1083,877 - Vavro; Michael,877,False,,,Straight Level,Dry,Blacktop; Bituminous; Asphalt,0,0,63,False,False,False,False,False,False,False,False,False,False,False,False,False,False,False,False,False
	23010624191250,20233004156,Property Damage Only,,SCOTT PARK,False,False,False,False,False,False,False,	04807,2,2,Lucas County,City,TOLEDO,1/6/2023 12:50:00 PM,77000,41.594280,-83.645660,,,,HEATHERDOWNS,Boulevard,,,,,,,KEY,Intersection,Street,False,,False,On Roadway,Rear-end,Cloudy,Daylight,False,False,False,False,,,BOTH UNITS ONE AND TWO WERE TRAVELING EASTBOUND ON HEATHERDOWNS BLVD IN THE INSIDE LANE WHEN TRAFFIC SLOWED UNIT 2 CRASHED INTO THE REAR OF UNIT 1 CAUSING MINOR DAMAGE TO UNIT 1. THERE WAS NO VISBLE DAMAGE TO UNIT 2. UNIT TWO WAS CITED FOR ACDA.,Police,False,1/6/2023 12:50:00 PM,1/6/2023 12:55:00 PM,1/6/2023 1:05:00 PM,1/6/2023 1:15:00 PM,35,,DENISE FISCHER,2419,TIMOTHY HANUS,1925,False,,,Straight Level,Dry,Blacktop; Bituminous; Asphalt,0,0,55,False,False,False,False,False,False,False,False,False,True,False,False,False,False,False,False,False
	23011221941150,20233004159,Property Damage Only,Unsolved,SCOTT PARK,False,False,False,False,False,False,False,	04807,1,1,Lucas County,City,TOLEDO,1/12/2023 11:55:00 AM,77000,41.635560,-83.585150,,,,AIRPORT,Highway,50.00,Feet,East,,,,EMERY,Intersection,Street,False,,False,On Shoulder,Not Collision Between Two Vehicles in Transport,Cloudy,Daylight,False,False,False,False,,,UNIT#1 APPEARED TO HAVE BEEN HEADING NORTHWEST ON WESTERN AVE; TOOK THE CURVE TO THE LEFT ONTO SOUTHWEST AIRPORT HWY; THEN LOST CONTROL; WENT OFF OF THE ROAD TO THE RIGHT; STRUCK THE CURB; STRUCK A BUS STOP SIGN; AND STRUCK AN EMBANKMENT CAUSING AN ACCIDENT ABOUT 50 FEET EAST OF EMERY ST.  UNIT#1 THEN FLED THE SCENE IN AN UNKNOWN DIRECTION.  A WITNESS (ART BOLINGER / 419-705-2870) CALLED THE ACCIDENT INTO 9-1-1; BUT HE HAD LEFT THE SCENE AND COULD NOT BE REACHED AT THE TIME OF THIS REPORT.  THE CALLER DESCRIBED UNIT#1 AS A MAROON CHEVY SEDAN.  THERE WAS A REPORT OF A WHITE MALE RUNNING DOWN EMERY ST; BUT IT IS UNKNOWN IF THAT WAS RELATED TO THIS ACCIDENT.  THE BUS STOP SIGN WAS COMPLETELY KNOCKED DOWN AND THERE WAS DAMAGE TO THE GRASS AND SIDE OF THE EMBANKMENT.  CLIC WAS NOTIFIED.  THIS UNIT SEARCHED THE AREA BUT COULD NOT LOCATE UNIT#1.  REPORT FORWARDED TO HIT SKIP UNIT.,Police,False,1/12/2023 11:55:00 AM,1/12/2023 12:00:00 PM,1/12/2023 12:05:00 PM,1/12/2023 12:25:00 PM,15,0,JOHN MATTIMORE,2194,TIMOTHY HANUS,1925,False,,,Straight Grade,Wet,Blacktop; Bituminous; Asphalt,0,0,40,False,False,False,False,False,False,False,False,False,False,False,False,False,False,False,False,False
	20230000000038,20233004163,Property Damage Only,,,False,False,False,False,False,False,False,	01700,1,98,Crawford County,City,JEFFERSON (TOWNSHIP OF),1/12/2023 9:25:28 AM,38570,40.762517,-82.788261,Federal US Route,0030,,US 30,Highway,100.00,Yards,West,State Route,0598,,STATE ROUTE 598,Intersection,Road,False,,False,On Roadway,Not Collision Between Two Vehicles in Transport,Rain,Daylight,False,False,False,False,,,Unit 1 was traveling EB on US 30 near SR 598 when a deer entered the road way from the north. Unit 1 struck the deer with the left front of the vehilce causing disabling damage.,Police,False,1/12/2023 9:25:28 AM,1/12/2023 9:30:01 AM,1/12/2023 9:39:57 AM,1/12/2023 9:57:04 AM,0,0,KNOTT; MATTHEW R,1713,KNOTT; MATTHEW R,1713,True,East,Divided; Depressed Median,Straight Level,Wet,Blacktop; Bituminous; Asphalt,0,0,27,True,True,False,False,False,False,False,False,False,False,False,False,False,False,False,False,False
	2320004331,20233004165,Property Damage Only,,BROOKLYN,False,True,False,False,False,False,False,	01810,1,1,Cuyahoga County,City,BROOKLYN,1/8/2023 5:56:35 PM,9246,41.425133,-81.766915,,,,I-480 WB,Highway,500.00,Feet,East,,,,TIEDEMAN RD,Intersection,Road,False,,False,On Roadway,Not Collision Between Two Vehicles in Transport,Cloudy,Dark - Lighted Roadway,False,False,False,False,,,Unit 1 stated he was traveling in the second far left lane on I-480 W B approaching Tiedeman Rd. He was traveling at a high rate of speed and another vehicle cut in the lane in front of him. Unit 1 lost control of his vehicle and spun out into the ditch. Unit 1 was given traffic citation # TR23360 for Failure To Control.,Police,False,1/8/2023 5:56:35 PM,1/8/2023 5:58:10 PM,1/8/2023 6:13:56 PM,1/8/2023 6:52:46 PM,60,0,BRIANNA  MOLNAR,2272,BRAD ESPER,2229,True,West,Divided Flush Median (4 feet and greater),Straight Level,Dry,Concrete,0,0,115,False,False,False,False,False,False,True,False,False,False,False,False,False,False,False,False,False
	23011223351150,20233004167,Property Damage Only,,SCOTT PARK,False,False,False,False,False,False,False,	04807,2,1,Lucas County,City,TOLEDO,1/12/2023 11:50:00 AM,77000,41.653360,-83.664710,,,,DORR,Street,,,,,,North,REYNOLDS,Intersection,Road,True,4,False,On Roadway,Rear-end,Cloudy,Daylight,False,False,False,False,,,Unit 02 was going E/B on Dorr near Reynolds. Unit 01 was going in the same direction and struck Unit 02 in the rear. Unit 02 was stopping for emergency vehicles going code 3.,Police,False,1/12/2023 11:50:00 AM,1/12/2023 11:52:00 AM,1/12/2023 12:14:00 PM,1/12/2023 1:30:00 PM,,,JEFFREY LEPIARZ,2335,TIMOTHY HANUS,1925,False,,,Straight Level,Wet,Blacktop; Bituminous; Asphalt,0,0,98,False,False,False,False,False,False,False,False,False,False,False,False,False,True,False,False,False
	2023-00002403,20233004169,Property Damage Only,Solved,,False,False,False,False,False,False,False,	07701,2,2,Summit County,City,Akron,1/7/2023 12:12:00 AM,1000,41.048048,-81.520730,,,East,EMERLING,Avenue,,,,,,, Bellows,Intersection,Street,True,4,False,On Roadway,Sideswipe; opposite direction,Clear,Dark - Unknown Roadway Lighting,False,False,False,False,,,Unit 01 was stopped at the stop sign at E Emerling Ave and Bellows St going E/B. Unit 02 attempted to make a W/B turn onto E Emerling Ave from Bellows St and side swiped Unit 01. Unit 02 then left the scene. The driver of Unit 02 called in and stated that she had hit a vehicle. She was cited for FTC and Hit Skip.,Police,False,1/7/2023 12:12:00 AM,1/7/2023 12:14:00 AM,1/7/2023 12:20:00 AM,1/7/2023 12:33:00 AM,10,10,1537 - McGraw; Dustin,1537,1214 - Stanar; Michael,1214,False,,,Straight Level,Dry,Concrete,0,0,29,False,False,False,False,False,False,False,False,False,False,False,False,False,True,False,False,False
	2300007,20233004171,Property Damage Only,,,False,False,False,False,False,False,False,	01804,1,1,Cuyahoga County,City,BEDFORD HEIGHTS,1/12/2023 11:24:00 AM,4920,41.411660,-81.499840,Interstate Route (Turnpike is also IR),480,,,,,,,,,,25.6,Mile Post,Milepost,False,,False,In Median,Not Collision Between Two Vehicles in Transport,Rain,Daylight,False,False,False,False,,,Unit #1 was traveling IR480 Eastbound in the right lane. Operator  of Unit #1 states that he lost control of his vehicle and struck a guardrail in the right berm. Operator of Unit #1 states that he lost control of his vehicle due to the water in the roadway.,Police,False,1/12/2023 11:26:38 AM,1/12/2023 11:29:28 AM,1/12/2023 11:31:30 AM,1/12/2023 11:59:26 AM,15,0,D. JEZIOR,0053,D. LEE,0057,False,,,Straight Level,Wet,Blacktop; Bituminous; Asphalt,0,0,45,False,False,False,False,False,False,False,False,False,False,False,False,False,False,False,False,False
	230016508,20233004172,Injury Possible,Unsolved,163,False,False,False,False,False,False,False,	COP00,2,1,Franklin County,City,Columbus,1/7/2023 12:05:00 AM,18000,39.973311,-83.004516,,,,Park,Street,25.00,Feet,South,,,West,Goodale,Intersection,Street,True,2,False,On Roadway,Sideswipe; same direction,Other/Unknown,Dark - Unknown Roadway Lighting,False,False,False,False,,,Operator of Unit #2 stated that she was traveling north bound on Park St coming up to the intersection of W. Goodale St.  Operator of Unit #2 stated that she was in the straight lane; and needed to get over in the turn lane to turn right onto W Goodale St.  Operator of Unit #2 stated that she used her turn signal and was changing lanes to get in the right hand lane to make the right hand turn; when Unit #1 came speeding up beside her; side swiping Unit #2 and countined  traveling and headed onto W. Goodale St.  Operator of Unit #2 stated that she tried to follow the Unit #1; but Unit #1 was driving in the opposite lanes speeding; and the license plate on the black four door sedan was covered up by a license plate cover which was smoky so operator of Unit #2 was unable to get the license plate number.  Operator of Unit #2 found it unsafe to try and follow the driver of Unit #1; which she lost in the area of the Goodale parking garage.  Officer was unable to follow up on the hit-skip due to not having a make; model and or license plate of Unit #1,Police,False,1/7/2023 12:24:00 AM,1/7/2023 11:22:00 AM,1/7/2023 11:32:00 AM,1/7/2023 11:50:00 AM,,,KEMP; ROBERT,2427,FRENZ; JOHN,5141,False,,,Straight Level,Other/Unknown,Blacktop; Bituminous; Asphalt,0,0,28,False,False,False,False,False,False,False,False,False,False,False,False,False,False,False,False,False
	230014001,20233004173,Property Damage Only,,142,False,False,False,False,False,False,False,	COP00,1,99,Franklin County,City,Columbus,1/6/2023 11:00:00 AM,18000,39.942574,-82.847139,Interstate Route (Turnpike is also IR),270,,,,0.25,Miles,North,Interstate Route (Turnpike is also IR),70,,,Intersection,,False,,False,On Roadway,Not Collision Between Two Vehicles in Transport,Cloudy,Daylight,False,False,False,False,,,Unit #1 stated she was southbound IR 270 north of IR 70 when a piece of wood that was in the roadway was launched upward from an unidentified vehicle in front of her causing the wood to strike the front of her vehicle.,Police,False,1/6/2023 11:13:00 AM,1/6/2023 11:13:00 AM,1/6/2023 11:27:00 AM,1/6/2023 11:40:00 AM,60,0,VIAU; JUSTIN,2154,FRENZ; JOHN,5141,True,South,Divided; Raised Median (Any type),Straight Level,Dry,Blacktop; Bituminous; Asphalt,0,0,87,False,False,False,False,False,False,True,False,False,False,False,False,False,False,False,False,False
	202300229,20233004174,Property Damage Only,,4N2,False,True,False,True,False,False,False,	03123,1,1,Hamilton County,City,Montgomery,1/11/2023 5:40:00 PM,51716,39.272458,-84.349915,Interstate Route (Turnpike is also IR),71,,,Highway,100.00,Feet,North,,,,17.5,Mile Post,Milepost,False,,False,On Roadway,Not Collision Between Two Vehicles in Transport,Rain,Dawn/Dusk,False,False,False,False,,,Unit #1 was traveling southbound on the ramp from westbound I-275 to southbound I-71 near the 17.5 milepost. Unit #1 failed to maintain reasonable control; ran off road right; struck a yield sign; and came to a final rest outside the roadway. Proper notification was made for the yield sign.,Police,False,1/11/2023 5:40:00 PM,1/11/2023 5:42:00 PM,1/11/2023 5:50:00 PM,1/11/2023 6:30:00 PM,,,Andre Jones,4najon,Kevin Gruber,4nkgru,True,South,Divided; Raised Median (Any type),Curve Grade,Wet,Blacktop; Bituminous; Asphalt,0,0,48,False,False,False,False,False,False,False,False,False,False,True,True,False,False,False,False,False
	20230000000039,20233004175,Property Damage Only,,,False,True,False,False,False,False,False,	01700,1,98,Crawford County,City,WHETSTONE (TOWNSHIP OF),1/12/2023 9:30:11 AM,84644,40.762081,-82.831688,Federal US Route,0030,West,US 30,Highway,1.00,Miles,East,State Route,0602,North,STATE ROUTE 602,Intersection,Highway,False,,False,On Roadway,Not Collision Between Two Vehicles in Transport,Rain,Daylight,False,False,False,False,,,Unit 1 was traveling westbound on US 30.  A deer entered the roadway and struck Unit 1 on the rear passenger side of the vehicle.,Police,False,1/12/2023 9:30:11 AM,1/12/2023 9:31:39 AM,1/12/2023 9:45:49 AM,1/12/2023 9:56:51 AM,0,0,KISSLING; AARON R,1714,KISSLING; AARON R,1714,True,West,Divided Flush Median (4 feet and greater),Straight Grade,Wet,Blacktop; Bituminous; Asphalt,0,0,25,True,True,False,False,False,False,False,False,False,False,False,False,False,False,False,False,False
	2300194,20233004177,Property Damage Only,,,False,False,True,False,False,False,False,	01830,2,1,Cuyahoga County,Village,MAYFIELD,1/10/2023 8:17:00 PM,48468,41.533510,-81.437600,State Route,91,,SOM CENTER RD,Road,,,,,,,987,House Number,,False,,False,On Roadway,Sideswipe; same direction,Cloudy,Dark - Lighted Roadway,False,False,False,False,,,Unit #01 was traveling in the left lane N B on (Som Center Rd.) S.R.91 when she observed emergency vehicle lights in her rear view mirror and attemted to move to the right in order to yield for the emergency vehicle. As she attempted to switch lanes she struck Unit #02 who was traveling in the curb lane.,Police,False,1/10/2023 8:17:10 PM,1/10/2023 8:18:56 PM,1/10/2023 8:18:56 PM,1/10/2023 8:46:27 PM,30,0,DANIEL PREDOVIC,114,MARK  JUSTICE,057,False,,,Straight Level,Dry,Blacktop; Bituminous; Asphalt,0,0,58,False,False,False,False,False,False,False,False,False,False,False,False,False,False,False,False,False
	23-000465,20233004179,Minor Injury Suspected,,SCIOTO STREET,False,False,False,False,False,False,False,	01102,2,1,Champaign County,City,URBANA,1/4/2023 4:18:00 PM,79072,40.107190,-83.737620,Federal US Route,36,,,,,,,,,North,JEFFERSON,Intersection,Avenue,False,,False,On Roadway,Not Collision Between Two Vehicles in Transport,Clear,Daylight,False,False,False,False,,,On 01-04-2023 at 4:18 pm; Unit 2 was crossing in a marked crosswalk going north. on Scioto Street. Unit 1 was turning right onto Scioto Street from N. Jefferson Avenue and collided into Unit 2. ,Police,False,1/4/2023 4:18:00 PM,1/4/2023 4:21:00 PM,1/4/2023 4:22:00 PM,1/4/2023 4:32:00 PM,30,10,Ofc. Keith Hurst,15,Sgt. Todd Pratt,10,False,,,Straight Level,Dry,Blacktop; Bituminous; Asphalt,0,0,41,False,False,False,False,False,False,False,True,False,False,False,False,False,False,False,False,False
	23-000568,20233004180,Minor Injury Suspected,,,False,True,False,False,False,False,False,	01102,2,1,Champaign County,City,URBANA,1/5/2023 11:47:00 AM,79072,40.112095,-83.745110,,,,WASHINGTON,Avenue,,,,,,,444,House Number,,False,,False,On Roadside,Not Collision Between Two Vehicles in Transport,Clear,Daylight,False,False,False,False,,,Unit 1 was traveling westbound in the 400-B of Washington Ave. Unit 2 was parked on the north side of the street in front of 444 Washington Ave. Unit 1 was distracted when attempting to eat inside the vehicle; which caused unit 1 to failure to control by striking the rear drivers side of unit 2.,Police,False,1/5/2023 11:47:00 AM,1/5/2023 11:48:00 AM,1/5/2023 11:49:00 AM,1/5/2023 1:04:00 PM,0,0,Ofc. Robbie Evans,29,Sgt. Shawn Schmidt,19,False,,,Straight Level,Dry,Blacktop; Bituminous; Asphalt,0,0,76,False,False,False,False,False,False,False,False,False,False,False,False,False,True,False,False,False