LocalReportNumber,DocumentNumber,CrashSeverity,HitSkip,LocalInformation,SecondaryCrash,PhotosTaken,OH2,OH3,OH1P,OHOther,PrivateProperty,ReportingAgencyNCIC,NumberOfUnits,UnitInError,County,InCityVillageTownship,CityVillageTownshipName,CrashDateTime,FIPSPlaceCode,Latitude,Longitude,LocationRouteType,LocationRouteNumber,LocationPrefix,LocationRoadName,LocationRoadType,DistanceFromReference,DistanceReferenceMeasurement,DirectionFromReference,ReferenceRouteType,ReferenceRouteNumber,ReferencePrefix,ReferenceName,ReferencePointUsed,ReferenceRoadType,IntersectionOrApproachRelated,NumberOfApproaches,WithinInterchangeArea,LocationFirstHarmfulEvent,MannerOfCollision,Weather,LightCondition,ActiveSchoolZoneRelated,WorkZoneRelated,WorkersPresent,LawEnforcementPresentInWorkZone,WorkZoneType,WorkZoneLocation,Narrative,ReportTakenBy,Supplement,CrashReportedDateTime,DispatchedDateTime,ArrivedDateTime,SceneClearedDateTime,OtherInvestigationTime,TotalTimeRoadwayClosed,OfficerName,OfficerBadgeNumber,CheckedByOfficerName,CheckedByBadgeNumber,RoadwayDivided,DividedLaneTravelDirection,DividedMedianType,RoadContour,RoadCondition,RoadSurface,TotalInjured,TotalKilled,TotalMinutes,AnimalRelated,AnimalDeerRelated,AlcoholRelated,DrugRelated,BicycleRelated,MotorCycleRelated,SpeedRelated,PedestrianRelated,SemiTruckRelated,SmallTruckRelated,YouthRelated,TeenRelated,DUI21Related,SeniorRelated,FatalNotReportable,CommercialRelated,CommercialAtFault
	2023-00000878,20233004948,Property Damage Only,,,False,False,True,False,False,False,False,	03201,2,2,Hancock County,City,Findlay,1/12/2023 3:58:00 PM,27048,41.070468,-83.662540,Interstate Route (Turnpike is also IR),75,,,,0.50,Miles,North,,,,TRENTON,Intersection,Avenue,False,,False,On Roadway,Rear-end,Rain,Dawn/Dusk,False,False,False,False,,,Unit 1 was driving southbound in the right lane on I 75 near mile post 160. Unit 2 was driving southbound on I 75 directly behind Unit 2. Traffic was slow moving due to an accident further south on I 75. Unit 1 started to slow down for stopped traffic and was struck from behind by Unit 2. The crash caused minor damage to both vehicles. No injuries on scene. No tow services were utilized for the damage.        On 01-12-2023 at approximately 1558 hours I was dispatched to I 75 southbound  between mile marker 159 and 160 in reference to a two motor vehicle crash.      Upon my arrival I spoke with the driver; Jodi Estes; of a black Dodge Durango bearing OH registration HPW 3002. Jodi advised she was driving slow southbound on I 75 in the right lane due to traffic being congested from an accident further south on I 75. Jodi advised traffic started to stop again and as she began to slow down she was rear ended by a vehicle.      The crash caused minor damage to the vehicle. Jodi did not report any injuries on scene. Jodi did not provide a written statement and did not utilize a tow service.      I spoke with the driver; Damar Cannon; of a maroon Kia Optima bearing OH registration JKF 8541. Damar advised he was driving southbound on I 75 in the right lane when traffic began to slow down. Damar advised he hit his brakes but slid into the vehicle in front of him; striking it.     ,Police,False,1/12/2023 3:58:00 PM,1/12/2023 4:03:00 PM,1/12/2023 4:07:00 PM,1/12/2023 5:05:00 PM,0,0,Jedidiah Walker,2393,Ryan D Hackworth,868,True,South,Divided; Raised Median (Any type),Straight Level,Wet,Blacktop; Bituminous; Asphalt,0,0,62,False,False,False,False,False,False,False,False,False,False,False,False,False,False,False,False,False
	SO2301002090,20233004954,Property Damage Only,,,False,False,False,False,False,False,False,	08300,2,1,Warren County,Township,Deerfield (Township of),1/13/2023 7:58:50 PM,21238,39.310956,-84.296176,,,,Irwin Simpson,Road,,,,,,,4015,House Number,,False,,False,On Roadway,Rear-end,Freezing Rain or Freezing Drizzle,Dark - Roadway Not Lighted,False,False,False,False,,,Unit 2 was traveling eastbound on Irwin Simpson Road and hit black ice while crossing over Interstate 71. Unit 2 came to a stop in the westbound lane on Irwin Simpson Road in front of house number 4015. Unit 1 was following Unit 2 and rear ended Unit 2. No injuries reported on scene. ,Police,False,1/13/2023 7:59:00 PM,1/13/2023 7:59:00 PM,1/13/2023 7:59:00 PM,1/13/2023 8:30:00 PM,30,40,Fox; Troy 948,948,Simpson; Jack 957,957,False,,,Curve Grade,Ice,Blacktop; Bituminous; Asphalt,0,0,61,False,False,False,False,False,False,True,False,False,False,False,False,False,False,False,False,False
	SO2301002088,20233004955,Property Damage Only,,,False,False,False,False,False,False,False,	08300,1,1,Warren County,Township,Deerfield (Township of),1/13/2023 7:46:00 PM,21238,39.310956,-84.296176,,,,Irwin Simpson,Road,200.00,Yards,West,,,,4015,House Number,,False,,False,On Roadway,Not Collision Between Two Vehicles in Transport,Freezing Rain or Freezing Drizzle,Dark - Roadway Not Lighted,False,False,False,False,,,Unit 1 was traveling eastbound on Irwin-Simpson Road crossing over Interstate 71 and lost control on black ice and struck a guardrail. No injuries reported on scene.  ,Police,False,1/13/2023 7:47:00 PM,1/13/2023 7:47:00 PM,1/13/2023 7:49:00 PM,1/13/2023 8:30:00 PM,30,40,Fox; Troy 948,948,Simpson; Jack 957,957,False,,,Curve Grade,Ice,Concrete,0,0,73,False,False,False,False,False,False,True,False,False,False,False,False,False,False,False,False,False
	SO2301001894,20233004956,Injury Possible,,,False,True,False,False,False,False,False,	08300,2,1,Warren County,City,South Lebanon,1/12/2023 5:00:00 PM,73446,39.378342,-84.221945,,,,Corwin Nixon ,Boulevard,,,,,,,John C Quinn,Intersection,Road,True,2,False,On Roadway,Angle,Rain,Daylight,False,False,False,False,,,Unit 1 was attempting to cross Corwin Nixon Blvd on John C Quinn Dr. traveling south.  Unit 1 failed to yield right of way to Unit 2 who was traveling east on Corwin Nixon Blvd.   ,Police,False,1/12/2023 5:06:18 PM,1/12/2023 5:10:00 PM,1/12/2023 5:17:00 PM,1/12/2023 7:00:00 PM,30,0,Black; Troy 881,881,Tinch; Brian 802,802,False,,,Straight Level,Wet,Blacktop; Bituminous; Asphalt,0,0,140,False,False,False,False,False,False,False,False,False,False,True,False,False,True,False,False,False
	BT230000055,20233004957,Property Damage Only,,,False,True,False,False,False,False,False,	05724,1,1,Montgomery County,Township,Butler (Township of),1/10/2023 2:38:00 PM,10618,39.848744,-84.247317,,,,FREDERICK,Pike,,,,,,,7040,House Number,,False,,False,On Roadside,Not Collision Between Two Vehicles in Transport,Clear,Daylight,False,False,False,False,,,Unit 1 was traveling north on Frederick Pike and when at 7040 Frederick Pike; Unit 1 lost control of the vehicle and drove off the road to the right striking the mail box. ,Police,False,1/10/2023 2:38:00 PM,1/10/2023 2:38:00 PM,1/10/2023 2:47:00 PM,1/10/2023 3:30:00 PM,0,0,Ofc. Colton Streck,21,Lt. Chris Guthrie,2,False,,,Straight Level,Dry,Blacktop; Bituminous; Asphalt,0,0,52,False,False,False,False,False,False,False,False,False,False,False,False,False,True,False,False,False
	BT230000063,20233004958,Property Damage Only,,,False,False,False,False,False,False,False,	05724,1,1,Montgomery County,Township,Butler (Township of),1/12/2023 2:30:00 PM,10618,39.858020,-84.203970,,,,LITTLE YORK,Road,,,,,,,NEW YORK,Intersection,Way,False,,False,On Shoulder,Not Collision Between Two Vehicles in Transport,Cloudy,Daylight,False,False,False,False,,,Unit #1 was westbound on Little York Rd. when it left the roadway onto the right shoulder; striking a utility pole. ,Police,False,1/12/2023 2:30:00 PM,1/12/2023 2:32:00 PM,1/12/2023 2:40:00 PM,1/12/2023 3:15:00 PM,0,0,Ofc. Amanda Chiles,19,Sgt. Chris Hammond,5,False,,,Straight Level,Wet,Blacktop; Bituminous; Asphalt,0,0,43,False,False,False,False,False,False,False,False,False,False,False,False,False,False,False,False,False
	2023004,20233004962,Property Damage Only,,,False,True,True,True,True,False,False,	01813,1,1,Cuyahoga County,Village,CHAGRIN FALLS,1/13/2023 11:26:39 AM,13358,41.424238,-81.393319,,,,CARRIAGE STONE,Drive,30.00,Yards,East,,,,42,House Number,,False,,False,On Roadway,Not Collision Between Two Vehicles in Transport,Snow,Other/Unknown,False,False,False,False,,,While traveling west bound on Carriage Stone Dr. from S. Franklin St.; Unit 1 left the roadway right while negotiating a curve; striking a telephone pole (654457).,Police,False,1/13/2023 11:26:39 AM,1/13/2023 11:27:05 AM,1/13/2023 11:28:03 AM,1/13/2023 12:27:26 PM,,0,JAMES T LEAHY,2407,DENNIS NYCE,2429,False,,,Curve Grade,Snow,Blacktop; Bituminous; Asphalt,0,0,60,False,False,False,False,False,False,False,False,False,False,True,True,False,False,False,False,False
	20230000000488,20233004963,Property Damage Only,,669 OHIO PIKE,False,True,False,False,False,False,False,	01316,2,1,Clermont County,Township,UNION (TOWNSHIP OF),1/13/2023 5:17:41 PM,78288,39.006529,-84.029051,State Route,0125,,,,,,,,,,669,House Number,,False,,False,On Roadway,Rear-end,Snow,Dark - Roadway Not Lighted,False,False,False,False,,,On January 13th 2023; Unit 2 was stopped in traffic on SR 125. Unit 1 failed to assure clear distance ahead and struck the rear of Unit 2 causing minor damage.,Police,False,1/13/2023 5:17:41 PM,1/13/2023 5:24:49 PM,1/13/2023 5:35:48 PM,1/13/2023 6:03:00 PM,0,0,DWELLY; KYLE,54,Smith; Danielle R,78,False,,,Straight Level,Wet,Blacktop; Bituminous; Asphalt,0,0,38,False,False,False,False,False,False,False,False,False,False,False,False,False,True,False,False,False
	23-00361,20233004969,Property Damage Only,Unsolved,CREEK RD/SR 14,False,False,False,False,False,False,False,	01501,2,99,Columbiana County,City,COLUMBIANA,1/13/2023 6:33:00 AM,17036,40.881074,-80.635155,State Route,14,,,,84.00,Feet,East,,,,45761 State Rt. 14,House Number,,False,,False,On Roadway,Sideswipe; opposite direction,Snow,Dawn/Dusk,False,False,False,False,,,Unit 1 was traveling Westbound on State Rt. 14 near 45761 SR14. Unit 2 was traveling Eastbound on State Route 14; near the same reference point. While passing each other; in opposite directions; the units struck each-others driver side mirrors. Unit 2 continued driving Eastbound. Unit 1 also had an extended cross-view style mirror on the front that was also damaged.,Police,False,1/13/2023 6:33:00 AM,1/13/2023 6:33:00 AM,1/13/2023 6:39:00 AM,1/13/2023 6:52:00 AM,,,Jordan Bradley,238,Wade Boley,202,False,,,Straight Level,Wet,Blacktop; Bituminous; Asphalt,0,0,19,False,False,False,False,False,False,True,False,False,True,False,False,False,False,False,True,False
	23-00363,20233004970,Property Damage Only,,46/14,False,False,False,False,False,False,False,	01501,2,2,Columbiana County,City,COLUMBIANA,1/13/2023 8:31:00 AM,17036,40.900063,-80.697937,State Route,14,,,,15.00,Feet,West,State Route,46,,,Intersection,,True,3,False,On Roadway,Rear-end,Cloudy,Daylight,False,False,False,False,,,Unit # 1 was eastbound on SR 14 at the intersection of SR 46 waiting on the traffic signal.  Unit # 2 was sitting directly behind Unit # 1.  Unit # 2 started to move and struck Unit # 1 in the rear; causing minor damage to the front of Unit # 2 and no visible damage to the rear of Unit # 1.,Police,False,1/13/2023 8:31:00 AM,1/13/2023 8:33:00 AM,1/13/2023 8:40:00 AM,1/13/2023 9:08:00 AM,30,,Mark Edwards,216,Wade Boley,202,False,,,Straight Level,Wet,Blacktop; Bituminous; Asphalt,0,0,65,False,False,False,False,False,False,False,False,False,True,False,False,False,True,False,True,False
	23-00377,20233004971,Property Damage Only,,SR14/ TIMBERLINE DR,False,True,False,False,False,False,False,	01501,1,98,Columbiana County,City,COLUMBIANA,1/13/2023 6:31:00 PM,17036,40.896171,-80.680739,State Route,14,,,,200.00,Feet,East,,,,TIMBERLINE,Intersection,Drive,False,,False,On Roadway,Not Collision Between Two Vehicles in Transport,Snow,Dark - Roadway Not Lighted,False,False,False,False,,,THIS TRAFFIC CRASH INVESTIGATION REVEALED THAT UNIT #1 WAS TRAVELING WESTBOUND ON STATE ROUTE 14. AT THIS TIME A DEER RAN ACROSS STATE ROUTE 14 FROM THE NORTH TO THE SOUTH. UNIT #1 STRUCK THE DEER AS IT CROSSED IN FRONT OF THE VEHICLE.,Police,False,1/13/2023 6:31:00 PM,1/13/2023 6:33:00 PM,1/13/2023 6:36:00 PM,1/13/2023 6:49:00 PM,,,Courtney Gilbert,245,Wade Boley,202,False,,,Straight Level,Wet,Blacktop; Bituminous; Asphalt,0,0,16,True,True,False,False,False,False,True,False,False,False,False,False,False,False,False,False,False
	2300008,20233004972,Property Damage Only,,BEDFORD HEIGHTS,False,True,False,True,False,False,False,	01804,2,1,Cuyahoga County,City,BEDFORD HEIGHTS,1/13/2023 5:31:00 AM,4920,41.412814,-81.506979,Interstate Route (Turnpike is also IR),271,,,,20.00,Feet,North,,,,26,Mile Post,Milepost,False,,False,On Roadway,Angle,Snow,Dark - Lighted Roadway,False,False,False,False,,,Unit #1 was traveling Northbound on I-271 and lost control; causing Unit #2 to strick Unit #1.,Police,False,1/13/2023 5:31:05 AM,1/13/2023 5:33:16 AM,1/13/2023 5:39:40 AM,1/13/2023 6:16:29 AM,15,0,EL SHAWN  WILLIAMS,0080,T. HENSLEY,0049,True,North,Divided; Raised Median (Any type),Straight Level,Snow,Concrete,0,0,58,False,False,False,False,False,False,False,False,False,False,False,False,False,True,False,False,False
	2300031,20233004974,Property Damage Only,,,False,True,False,False,False,False,False,	04318,2,1,Lake County,Township,MADISON,1/13/2023 12:00:00 AM,46494,41.801419,-81.048579,State Route,528,,HUBBARD RD,Road,1.00,Feet,North,,,,2701,House Number,,False,,False,On Roadway,Angle,Rain,Dark - Lighted Roadway,False,False,False,False,,,Unit 2 was traveling S B on Hubbard Road about to pass the Hubbard Rd entrance exit to Key Bank when Unit 1 was exiting the entrance exit of Key Bank.  Unit 2 struck the front drivers side tire area of Unit 1 as Unit 1 was pulling into traffic.,Police,False,1/13/2023 9:00:34 PM,1/13/2023 9:02:30 PM,1/13/2023 9:07:34 PM,1/13/2023 9:54:59 PM,,0,CURTIS  SVAGERKO,MA59,JASON R CLARK,MA39,False,,,Straight Level,Wet,Blacktop; Bituminous; Asphalt,0,0,52,False,False,False,False,False,False,False,False,False,False,False,False,False,True,False,False,False
	23TR00796,20233004978,Property Damage Only,,,False,False,False,False,False,False,False,	05504,2,2,Miami County,City,TROY,1/12/2023 11:02:00 PM,77588,40.063130,-84.257240,State Route,41,West,MAIN,Street,10.00,Feet,East,,,,CARRIAGE CROSSING,Intersection,Way,True,2,False,On Roadway,Rear-end,Clear,Dark - Roadway Not Lighted,False,False,False,False,,,UNIT 1 AND 2 WERE TRAVELING WEST ON WEST MAIN STREET. UNIT 1 WAS ATTEMPTING TO MAKE A RIGHT TURN ONTO CARRIAGE CROSSING FROM WEST MAIN STREET. UNIT 2 FAILED TO SEE UNIT 1 TURNING AND STRUCK THE REAR END OF UNIT 1. UNIT 2 WAS CITED FOR ACDA. ,Police,False,1/12/2023 11:04:00 PM,1/12/2023 11:04:00 PM,1/12/2023 11:07:00 PM,1/13/2023 12:04:00 AM,30,0,LUCAS SCHLUMPF,424,MOSIER,405,False,,,Straight Level,Wet,Concrete,0,0,90,False,False,False,False,False,False,False,False,False,False,True,True,False,False,False,False,False
	230032864,20233004979,Property Damage Only,,141-POLICE VEHICLE ,False,False,False,False,False,False,False,	COP00,2,1,Franklin County,City,Columbus,1/14/2023 1:36:00 AM,18000,39.980183,-82.837328,,,East,Broad ,Street,730.00,Feet,West,,,,McNaughten,Intersection,Road,False,,False,On Shoulder,Not Collision Between Two Vehicles in Transport,Clear,Dark - Roadway Not Lighted,False,False,False,False,,,Unit 1 was traveling east on E. Broad Street. Unit 1 driver  lost control causing it to come to a stop on the shoulder of E. Broad in the west bound lane.  When officers arrived they noticed the vehicle was facing the wrong direction and approached it.  Officers noticed that the driver appeared to be unconscious.  Officers positioned their cruiser in front of Unit 1 and parked it.  The driver of Unit 1 woke up and attempted to drive away causing Unit 1 to strike Unit 2 on the front drivers side.  Unit 1 and Unit 2 sustained minor damage. Unit 1 was towed by Long #240.  No injuries were reported.,Police,True,1/14/2023 1:40:00 AM,1/14/2023 2:01:00 AM,1/14/2023 2:02:00 AM,1/14/2023 2:55:00 AM,60,,Jackson; Gary,3174,HOCKMAN; MARK,5346,False,,,Straight Level,Wet,Blacktop; Bituminous; Asphalt,0,0,114,False,False,True,False,False,False,False,False,False,False,False,False,False,False,False,False,False
	23002066,20233004980,Injury Possible,,STRONGSVILLE,False,True,False,False,False,False,False,	01851,1,1,Cuyahoga County,City,STRONGSVILLE,1/5/2023 11:39:42 PM,75098,41.337531,-81.815184,Interstate Route (Turnpike is also IR),71,North,IS 71 NORTH,Highway,100.00,Yards,South,Interstate Route (Turnpike is also IR),80,,OHIO TURNPIKE,Intersection,Highway,False,,False,On Roadside,Not Collision Between Two Vehicles in Transport,Snow,Dark - Roadway Not Lighted,False,False,False,False,,,Unit #1 was traveling northbound on Interstate 71 (IR 71) at a high rate of speed.  Unit  #1 attempted to exit IR 71 at the Ohio Turnpike (IR 80).  Unit #1  failed to control; leaving the roadway to the right; and crashing causing disabling damage.,Police,False,1/5/2023 11:39:42 PM,1/5/2023 11:39:42 PM,1/5/2023 11:39:42 PM,1/6/2023 12:54:00 AM,60,0,MATTHEW  ZELINSKY,7151,BRIAN VLNA,7172,False,,,Straight Level,Wet,Concrete,0,0,134,False,False,False,False,False,False,True,False,False,False,True,False,False,False,False,False,False
	23004892,20233004981,Property Damage Only,,,False,False,False,False,False,False,False,	01851,1,1,Cuyahoga County,City,STRONGSVILLE,1/13/2023 3:21:00 AM,75098,41.339400,-81.818482,Interstate Route (Turnpike is also IR),71,South,IS 71 S B,Highway,300.00,Yards,South,Interstate Route (Turnpike is also IR),80,,OHIO TURNPIKE,Intersection,Highway,True,2,False,On Roadside,Not Collision Between Two Vehicles in Transport,Snow,Dark - Lighted Roadway,False,False,False,False,,,Unit #1 was s b on I-71 and merged onto the exit ramp to I-80 (Ohio Turnpike). As Unit #1 negotiated the curve; the vehicle left the road to the right and slid into a ditch. Unit #1 was stopped near shrubbery and trees at the bottom of the ditch; making slight contact with the passenger side. On scene; it did not appear that the vehicle sustained damage.,Police,False,1/13/2023 3:23:02 AM,1/13/2023 3:24:30 AM,1/13/2023 3:28:43 AM,1/13/2023 4:23:05 AM,30,0,MATTHEW  VALCO,7146,BRIAN VLNA,7172,True,South,Divided; Raised Median (Any type),Curve Grade,Wet,Blacktop; Bituminous; Asphalt,0,0,89,False,False,False,True,False,False,False,False,False,False,False,False,False,False,False,False,False
	20230000000119,20233004986,Minor Injury Suspected,,,False,True,False,False,False,False,False,	03900,1,1,Huron County,City,TOWNSEND (TOWNSHIP OF),1/13/2023 3:29:30 PM,77158,41.231796,-82.466988,,,,DERUSSEY,Road,30.00,Feet,South,,,,3478 DERUSSEY,House Number,,False,,False,On Roadway,Not Collision Between Two Vehicles in Transport,Clear,Daylight,False,False,False,False,,,Unit one was northbound on Derussey Road when lost control on the ice. Unit one left the roadway and struck a tree.,Police,False,1/13/2023 3:29:30 PM,1/13/2023 3:32:00 PM,1/13/2023 3:36:45 PM,1/13/2023 4:41:53 PM,60,0,MANCUSO; STEPHEN J,322,GRANDY; BRETT,3922,False,,,Straight Level,Ice,Blacktop; Bituminous; Asphalt,0,0,130,False,False,False,False,False,False,True,False,False,True,False,False,False,False,False,False,False
	20230121,20233004989,Injury Possible,,I-480EB/I-271NB,False,False,False,False,False,False,False,	01855,2,2,Cuyahoga County,City,Warrensville Heights,1/13/2023 8:01:00 PM,80990,41.428682,-81.508721,Interstate Route (Turnpike is also IR),480,,,,,,,Interstate Route (Turnpike is also IR),271,,,Intersection,,False,,False,On Shoulder,Rear-end,Snow,Dark - Lighted Roadway,False,False,False,False,,,Unit 01 and Unit 02 were traveling on I-480 eastbound approaching I-271 northbound.  Unit 01 stopped on the shoulder of the roadway for another stopped vehicle in the roadway in the right hand lane.  Unit 02 did not see the stopped or slowed traffic and failed to stop in time striking the left rear of Unit 01 causing disabling damage to the left rear tire.,Police,False,1/13/2023 8:01:00 PM,1/13/2023 8:04:00 PM,1/13/2023 8:17:00 PM,1/13/2023 8:35:00 PM,60,20,Emily Roxbury,211,Jerome Thomas,466,True,East,Divided; Raised Median (Any type),Straight Grade,Slush,Blacktop; Bituminous; Asphalt,0,0,91,False,False,False,False,False,False,False,False,False,False,False,False,False,False,False,False,False
	23-0006,20233004995,Minor Injury Suspected,,,False,True,False,True,False,False,False,	00407,2,1,Ashtabula County,Village,NORTH KINGSVILLE (RR NAME KINGSVILLE (STA.)),1/12/2023 5:35:00 PM,56700,41.925382,-80.647573,,,,POORE ,Road,0.00,Feet,South,,,,7272 POORE RD.,House Number,,False,,False,On Roadway,Rear-end,Rain,Dark - Roadway Not Lighted,False,False,False,False,,,Unit 1 and Unit 2 were traveling southbound on Poore Rd.  Unit 1 went left of center to pass Unit 2.  Unit 2 went left of center causing both Units to strike each other.,Motorist,False,1/12/2023 5:35:00 PM,1/12/2023 5:37:00 PM,1/12/2023 5:39:00 PM,1/12/2023 6:19:00 PM,30,42,10927,524,1407,527,False,,,Straight Level,Wet,Blacktop; Bituminous; Asphalt,0,0,72,False,False,False,False,False,False,False,False,False,True,False,False,False,False,False,False,False
	2023-0208,20233004996,Property Damage Only,,,False,True,False,False,False,False,False,	05016,1,1,Mahoning County,Township,Springfield (Township of),1/14/2023 2:50:00 AM,74124,40.985682,-80.612330,,,East,Western Reserve,Road,15.00,Feet,West,,,,North Lima,Intersection,Road,False,,False,Outside Trafficway,Not Collision Between Two Vehicles in Transport,Snow,Dark - Lighted Roadway,False,False,False,False,,,Unit ! was travelling Eastbound on East Western Reserve Road when the driver failed to negotiate a curve into a roundabout.  The vehicle then went across a business entry apron; through the grass before striking shrubbery;  an underground gas line marker then struck a curb in the roundabout.  The vehicle then drove approximately fifty more feet until the vehicle became disabled.,Police,False,1/14/2023 3:20:00 AM,1/14/2023 2:55:00 AM,1/14/2023 3:01:00 AM,1/14/2023 3:51:00 AM,,,Tablack; Michael ,520,Tablack; Michael ,520,False,,,Straight Level,Ice,Blacktop; Bituminous; Asphalt,0,0,56,False,False,False,False,False,False,True,False,False,False,True,False,False,False,False,False,False
	20230000000489,20233004997,Property Damage Only,,4056 MT. CARMEL-TOBA,False,True,False,True,False,False,False,	01316,2,1,Clermont County,Township,UNION (TOWNSHIP OF),1/13/2023 5:12:48 PM,78288,39.071746,-84.298759,Numbered County Route,0087,South,MT. CARMEL-TOBASCO,Road,,,,,,,4056,House Number,,False,,False,On Roadway,Angle,Snow,Dark - Lighted Roadway,False,False,False,False,,,On the listed and time; the listed driver of unit 2 advised that unit 1 pulled out in front of them from the private drive.  Negative on any injuries and unit 1 driver was GOA.  Unit 1 was released to Gray' Towing with a hold on the vehicle.  Photos were taken and pending inv.,Police,False,1/13/2023 5:12:48 PM,1/13/2023 5:23:54 PM,1/13/2023 5:38:18 PM,1/13/2023 7:10:16 PM,0,0,COOPER; MATTHEW,53,Brown; Jeff N,84,False,,,Straight Level,Wet,Blacktop; Bituminous; Asphalt,0,0,106,False,False,False,False,False,False,False,False,False,False,False,False,False,False,False,False,False
	2300002,20233005000,Injury Possible,,,False,True,True,False,False,False,False,	01803,2,2,Cuyahoga County,Village,BEDFORD,1/13/2023 8:40:00 AM,4878,41.398297,-81.525822,,,,COLUMBUS,Road,100.00,Feet,West,,,,NORTHFIELD,Intersection,Road,False,,False,On Roadway,Rear-end,Snow,Daylight,False,False,False,False,,,UNIT #1 TRAVELING WEST ON COLUMBUS RD STOPPED IN TRAFFIC r nUNIT #2 TRAVELING WEST ON COLUMBUS RD r n r nDRIVER OF UNIT #2 FAILED TO ALLOW AN ASSURED CLEAR DISTANCE AHEAD WHILE SLOWING TO STOP; CAUSING UNIT #2 TO SLIDE INTO A STOPPED  UNIT #1,Police,False,1/13/2023 8:41:07 AM,1/13/2023 8:42:31 AM,1/13/2023 8:47:16 AM,1/13/2023 9:09:51 AM,63,0,LARNELL  ROBERTS,062,MARK  WITKIEWICZ,S17,False,,,Straight Grade,Snow,Blacktop; Bituminous; Asphalt,0,0,90,False,False,False,False,False,False,False,False,False,False,True,False,False,False,False,False,False
	23-00012,20233005002,Property Damage Only,,,False,True,True,True,True,False,False,	08504,2,1,Wayne County,Village,Apple Creek,1/12/2023 3:47:00 PM,2232,40.743009,-81.828297,State Route,250,East,Main,Street,265.00,Feet,East,,,,EYMAN,Intersection,Street,False,,False,On Roadway,Rear-end,Rain,Dawn/Dusk,False,False,False,False,,,UNIT 2 WAS STOPPED IN TRAFFIC IN THE WESTBOUND LANE OF STATE ROUTE 250. UNIT 1 WAS TRAVELING WESTBOUND ON STATE ROUTE 250. UNIT 2 WAS STRUCK BY UNIT 1.,Police,False,1/12/2023 3:47:00 PM,1/12/2023 3:48:00 PM,1/12/2023 3:53:00 PM,1/12/2023 5:36:00 PM,0,0,Falcone; Brandon ,855,Spademan; Gregory ,850,False,,,Straight Level,Wet,Blacktop; Bituminous; Asphalt,0,0,108,False,False,False,False,False,False,False,False,False,False,False,False,False,True,False,False,False
	2300003,20233005003,Property Damage Only,,,False,True,True,False,False,False,False,	01803,4,1,Cuyahoga County,City,BEDFORD,1/13/2023 9:39:41 AM,4878,41.382869,-81.512326,,,,271   NORTHBOUND,Highway,1.00,Miles,North,,,,23,Mile Post,Milepost,False,,False,On Roadway,Angle,Snow,Daylight,False,False,False,False,,,UNIT 1 WAS TRAVELING NORTHBOUND ON I-271 APPROXIMATELY 1-MILE NORTH OF EXIT 23. THE OPERATOR OF UNIT 1 STATED THAT HE WAS CUT-OFF AND THE VEHICLE BEGAN TO SWERVE DUE TO THE SNOWY ROAD CONDITIONS. UNIT 1 LOST CONTROL; SPINNING OUT OVER INTO SEVERAL LANES. UNIT 2 ATTEMPTED TO AVOID A COLLISION WITH UNIT 1; SWERVED RIGHT INTO THE NEXT LANE OVER AND STRUCK UNIT 3 ON THE REAR DRIVER S SIDE. UNIT 4 WAS ALSO TRAVELING NORTHBOUND BEHIND THE OTHER UNITS; ATTEMPTED TO STOP AND STRUCK UNIT 1 ON THE DRIVER S SIDE DOOR; AS IT SWERVED INTO ITS LANE.  r n r nNO INJURIES WERE REPORTED BY THE OCCUPANTS OF THE VEHICLES. UNIT 2 AND UNIT 4 WERE TOWED BY KELLEY S TOWING DUE TO DISABLING DAMAGE.  r n r nTHE OPERATOR OF UNIT 1 WAS CITED FOR FAILURE TO MAINTAIN REASONABLE CONTROL.,Police,False,1/13/2023 9:39:41 AM,1/13/2023 9:41:37 AM,1/13/2023 9:42:26 AM,1/13/2023 10:46:58 AM,60,0,BRETT  MILLER,058,MARK  WITKIEWICZ,S17,False,,,Straight Level,Snow,Blacktop; Bituminous; Asphalt,0,0,125,False,False,False,False,False,False,False,False,False,False,True,False,False,False,False,False,False
	2320024,20233005017,Property Damage Only,,BEAT 3,False,False,False,False,False,False,False,	01842,2,1,Cuyahoga County,City,PARMA,1/13/2023 12:19:00 PM,61000,41.393770,-81.710450,State Route,94,,STATE RD,Road,,,,,,,6250,House Number,,False,,False,On Roadway,Angle,Snow,Daylight,False,False,False,False,,,Unit #2 S B on SR 94 (STATE RD); in the second lane from the curb; approaching 6250 SR 94. Unit #1 N B on SR 94; in the second lane from the curb; approaching Unit #2. Unit #1; due to the icy conditions; failed to maintain reasonable control and spun into the opposite direction of travel causing Unit #2 to strike Unit #1 in the right rear and cause damage to both units in front of 6250 SR 94.,Police,False,1/13/2023 12:19:35 PM,1/13/2023 12:22:21 PM,1/13/2023 12:31:39 PM,1/13/2023 12:50:00 PM,30,0,MATTHEW  DESIMONE,1577,JARED D MOWRY,1603,False,,,Straight Level,Snow,Concrete,0,0,58,False,False,False,False,False,False,False,False,False,False,False,False,False,True,False,False,False
	2320027,20233005019,Property Damage Only,,,False,False,False,False,False,False,False,	01842,2,1,Cuyahoga County,City,PARMA,1/13/2023 3:26:27 PM,61000,41.418681,-81.726476,State Route,17,,BROOKPARK RD,Road,10.00,Feet,South,,,West,W. 60TH ST.,Intersection,Street,True,2,False,On Roadway,Angle,Snow,Daylight,False,False,False,False,,,Unit #1 was pulling out the parking lot of 5155 Pearl Rd. (southbound) onto Brookpark Rd. (S.R. 17) and was attempting to make a left turn (eastbound).  Unit #2 was traveling eastbound on Brookpark Rd. (S.R. 17) in the E B 2nd lane from the curb near W. 60th St. and was struck by Unit #1 on the left front driver side.  Unit #1 failed to yeild when attempting to make a left hand turn onto Brookpark Rd.,Police,False,1/13/2023 3:26:27 PM,1/13/2023 3:27:38 PM,1/13/2023 3:30:53 PM,1/13/2023 4:03:48 PM,30,0,ROBERT I TRIVETT,1569,JARED D MOWRY,1603,False,,,Straight Level,Snow,Blacktop; Bituminous; Asphalt,0,0,66,False,False,False,False,False,False,False,False,False,False,True,True,False,False,False,False,False