LocalReportNumber,DocumentNumber,CrashSeverity,HitSkip,LocalInformation,SecondaryCrash,PhotosTaken,OH2,OH3,OH1P,OHOther,PrivateProperty,ReportingAgencyNCIC,NumberOfUnits,UnitInError,County,InCityVillageTownship,CityVillageTownshipName,CrashDateTime,FIPSPlaceCode,Latitude,Longitude,LocationRouteType,LocationRouteNumber,LocationPrefix,LocationRoadName,LocationRoadType,DistanceFromReference,DistanceReferenceMeasurement,DirectionFromReference,ReferenceRouteType,ReferenceRouteNumber,ReferencePrefix,ReferenceName,ReferencePointUsed,ReferenceRoadType,IntersectionOrApproachRelated,NumberOfApproaches,WithinInterchangeArea,LocationFirstHarmfulEvent,MannerOfCollision,Weather,LightCondition,ActiveSchoolZoneRelated,WorkZoneRelated,WorkersPresent,LawEnforcementPresentInWorkZone,WorkZoneType,WorkZoneLocation,Narrative,ReportTakenBy,Supplement,CrashReportedDateTime,DispatchedDateTime,ArrivedDateTime,SceneClearedDateTime,OtherInvestigationTime,TotalTimeRoadwayClosed,OfficerName,OfficerBadgeNumber,CheckedByOfficerName,CheckedByBadgeNumber,RoadwayDivided,DividedLaneTravelDirection,DividedMedianType,RoadContour,RoadCondition,RoadSurface,TotalInjured,TotalKilled,TotalMinutes,AnimalRelated,AnimalDeerRelated,AlcoholRelated,DrugRelated,BicycleRelated,MotorCycleRelated,SpeedRelated,PedestrianRelated,SemiTruckRelated,SmallTruckRelated,YouthRelated,TeenRelated,DUI21Related,SeniorRelated,FatalNotReportable,CommercialRelated,CommercialAtFault
	230027920,20233005568,Property Damage Only,Unsolved,50,False,False,False,False,False,False,False,	COP00,3,1,Franklin County,City,Columbus,1/11/2023 4:57:00 AM,18000,39.999313,-82.973459,,,East,16th ,Avenue,216.82,Feet,West,,,,Louis ,Intersection,Avenue,False,,False,On Roadway,Angle,Clear,Dark - Lighted Roadway,False,False,False,False,,,On Thursday Jan 11th; 2022 at approximately 4:55AM in the area of E 16th Ave and Louis Ave Unit 1 struck Unit 2 which was a parked legally. Unit 1 then continued foward and struck Unit 3 who was  paked legally on E. 16th as well. Both Unit 2 and Unit 3 were unccopied. The driver of Unit 1 fled before officers were able to make contact with him. Unit 1 had been reported stolen a short time before.,Police,False,1/12/2023 4:55:00 AM,1/12/2023 4:55:00 AM,1/12/2023 4:56:00 AM,1/12/2023 8:15:00 AM,,,ANGEVINE; DAVID,3218,REDMAN; RUSSELL III,5225,False,,,Straight Level,Dry,Blacktop; Bituminous; Asphalt,0,0,200,False,False,False,False,False,False,False,False,False,True,False,False,False,False,False,False,False
	23-000101,20233005570,Property Damage Only,,,False,True,False,False,False,False,False,	01600,2,1,Coshocton County,City,Coshocton,1/11/2023 8:00:00 AM,18868,40.256820,-81.841260,State Route,541,,,,,,,,,,Sleepy Hollow Drive,Intersection,Drive,True,3,False,On Roadway,Angle,Clear,Daylight,False,False,False,False,,,Unit one was making a lefthand turn from Sleepy Hollow Drive onto State Route 541/ Cambridge Road when Unit one failed to yield the right-away; and struck Unit two who was traveling East on State Route 541.,Police,False,1/11/2023 8:00:00 AM,1/11/2023 8:00:00 AM,1/11/2023 8:00:00 AM,1/11/2023 8:24:00 AM,30,,Corpman; Joseph ,23,Goodwill; Ruth ,38,False,,,Curve Grade,Dry,Blacktop; Bituminous; Asphalt,0,0,54,False,False,False,False,False,False,False,False,False,False,True,False,False,True,False,False,False
	SO2301002390,20233005571,Property Damage Only,,,False,False,False,False,False,False,False,	08300,2,1,Warren County,Township,Deerfield (Township of),1/15/2023 3:34:27 PM,21238,39.293208,-84.320353,,,,Fields-ertel,Road,,,,,,,Escort,Intersection,Drive,True,3,False,On Roadway,Angle,Clear,Daylight,False,False,False,False,,,Unit 2 was traveling westbound on Fields-ertel Road near Escort Drive. Unit 1 was stopped at the light on Escort Drive. Unit 1 failed to yield; and made a right turn onto Fields-ertel Road; striking Unit 2.   Unit 1 admitted fault and issued a citation. ,Police,False,1/15/2023 3:35:00 PM,1/15/2023 3:35:00 PM,1/15/2023 3:45:00 PM,1/15/2023 4:15:00 PM,30,0,Deatherage; Danielle 815,815,Simpson; Jack 957,957,False,,,Straight Level,Dry,Blacktop; Bituminous; Asphalt,0,0,70,False,False,False,False,False,False,False,False,False,False,True,True,False,False,False,False,False
	2302202,20233005572,Property Damage Only,,,False,True,False,True,False,False,False,	05215,2,1,Medina County,Township,Brunswick Hills (Township of),1/14/2023 12:01:00 PM,9708,41.216217,-81.841580,,,,SLEEPY HOLLOW RD,Road,221.00,Feet,North,,,,2126 PEARL RD,Intersection,Road,True,4,False,On Roadway,Angle,Cloudy,Daylight,False,False,False,False,,,Unit 01 travelled south on Pearl Road r nUnit 02 travelled west on Sleepy Hollow Road r nUnit 01 failed to yield to the red light r nUnit 01 struck unit 02 in the intersection r nof Pearl Road and Sleepy Hollow Road,Police,True,1/14/2023 12:01:00 PM,1/14/2023 12:03:00 PM,1/14/2023 12:14:00 PM,1/14/2023 12:49:00 PM,,0,MICHAEL T DOMINGUEZ,1321,JEREMY D MILFORD,1308,False,,,Straight Level,Snow,Blacktop; Bituminous; Asphalt,0,0,46,False,False,False,False,False,False,False,False,False,True,False,False,False,True,False,False,False
	2023C0000017,20233005579,Property Damage Only,Unsolved,,False,False,False,False,False,False,False,	03104,2,1,Hamilton County,City,Blue Ash,1/14/2023 8:43:00 PM,7300,39.251750,-84.388210,,,,Glendale-Milford ,Road,,,,,,,Summit ,Intersection,Place,True,4,False,On Roadway,Sideswipe; same direction,Clear,Dark - Lighted Roadway,False,False,False,False,,,Unit #1 was W.B. on Glendale-Milford Road at Summit Place in the roundabout and sideswiped Unit #2 which was also W.B. on Glendale-Milford Road at Summit Place in the roundabout.,Police,False,1/14/2023 8:43:00 PM,1/14/2023 8:45:00 PM,1/14/2023 8:55:00 PM,1/14/2023 9:45:00 PM,,,Schrand; Kenneth,447,Keller; Steven,484,False,,,Straight Level,Dry,Blacktop; Bituminous; Asphalt,0,0,60,False,False,False,False,False,False,False,False,False,False,True,True,False,False,False,False,False
	2023001,20233005581,Fatal,Solved,,False,True,False,True,False,False,False,	07707,3,3,Summit County,City,MACEDONIA,1/1/2023 2:47:32 AM,45976,41.345494,-81.501836,Interstate Route (Turnpike is also IR),480,,,,50.00,Feet,East,,,,33,Mile Post,Milepost,False,,False,On Shoulder,Not Collision Between Two Vehicles in Transport,Cloudy,Dark - Roadway Not Lighted,False,False,False,False,,,Unit 03 was traveling I-480 eastbound. Unit 01 was parked on the right shoulder with a male (Unit 02) outside the vehicle. Unit 03 struck and killed the male (Unit 02)  that was outside Unit 01. The male (Unit 02) struck the driver door of Unit 01 after the impact from Unit 03. Unit 03 and continued eastbound until finally coming to a rest on the right shoulder a far distance ahead of the scene. The male (Unit 02) was located in front of Unit 01. r n r n  r n,Police,False,1/1/2023 2:47:32 AM,1/1/2023 2:47:32 AM,1/1/2023 2:52:13 AM,1/1/2023 3:44:05 AM,45,60,MATTHEW  NEWRONES,0402,MICHAEL F PLESZ,0472,True,East,Divided; Depressed Median,Straight Level,Wet,Blacktop; Bituminous; Asphalt,1,0,102,False,False,True,False,False,False,False,True,False,True,True,False,False,False,False,False,False
	05-23000023,20233005582,Property Damage Only,,W 130th/ Benjamin,False,True,False,True,False,False,False,	05212,2,2,Medina County,Township,Hinckley,1/15/2023 12:49:00 PM,35644,41.253300,-81.784950,Numbered County Route,17,West,130th,Street,,,,Numbered Township Route,142,,Babcock,Intersection,Road,True,5,False,On Roadway,Angle,Clear,Daylight,False,False,False,False,,,Unit #1 was northbound on W 130th Street approaching Benjamin Drive. Unit #2 was stopped at the stop sign; eastbound on Benjamin Drive at W 130th Street. Unit #2 failed to yield to Unit #1 when turning left onto W 130th Street and was struck in the right front corner with the front left corner of Unit #1.,Police,True,1/15/2023 12:49:00 PM,1/15/2023 12:49:00 PM,1/15/2023 12:53:00 PM,1/15/2023 1:33:00 PM,30,74,Ascherl; James,520,Singleton; Jared,507,False,,,Straight Level,Dry,Blacktop; Bituminous; Asphalt,0,0,74,False,False,False,False,False,False,False,False,False,False,True,True,False,False,False,False,False
	23-004,20233005590,Property Damage Only,,,False,True,False,True,False,False,False,	00402,1,1,Ashtabula County,City,CONNEAUT,1/7/2023 9:20:00 AM,18350,41.905721,-80.606737,Interstate Route (Turnpike is also IR),00090,,,,,,,,,,238,Mile Post,Milepost,False,,False,On Roadway,Not Collision Between Two Vehicles in Transport,Snow,Daylight,False,False,False,False,,,Unit #1 was traveling E/B when it lost control in the snow and struck a guard rail.,Motorist,False,1/7/2023 9:20:00 AM,1/7/2023 9:24:00 AM,1/7/2023 9:26:00 AM,1/7/2023 10:43:00 AM,30,,10936,0081,24,0074,True,East,Divided; Depressed Median,Straight Level,Snow,Blacktop; Bituminous; Asphalt,0,0,109,False,False,False,False,False,False,False,False,False,False,False,False,False,False,False,False,False
	230035422,20233005592,Fatal,,DISTRICT 62,False,True,False,False,False,False,False,	COP00,2,1,Franklin County,City,Columbus,1/15/2023 3:35:00 AM,18000,40.087270,-82.906990,State Route,161,,,,,,,Interstate Route (Turnpike is also IR),270,,,Intersection,,False,,False,On Roadway,Head-on,Cloudy,Dark - Lighted Roadway,False,False,False,False,,,On January 15; 2023 at 03:35 a.m. Unit 1 had entered S.R. 161 from Sunbury Rd. traveling westbound in the eastbound lanes (the wrong way). Unit 2 had exited southbound I-270 onto eastbound S.R 161 and was traveling in the #2 lane.  Unit #1 was also in the #2 lane while traveling the wrong way.  Unit 1 and unit 2 struck head-on.  Unit 1 and unit 2 sustained disabling damage.  The driver of unit 1 was transported to Mount Carmel East in stable condition by CFD Medic 24.  The driver to unit 2 was transported to Grant Medical Center by Blendon Township Medic 112 and the passenger of unit 2 was transported to Riverside Hospital by CFD Medic 6 in stable condition.  Ultimately the driver of unit 2 was pronounced deseased at 6:17 a.m.  Both units were towed by Pro-Tow for safekeeping.,Police,True,1/15/2023 3:35:00 AM,1/15/2023 3:35:00 AM,1/15/2023 3:35:00 AM,1/15/2023 8:51:00 AM,50,330,JACOBS; KURT,1120,MCHENRY; PATRICK,2082,True,East,Divided; Raised Median (Any type),Curve Level,Dry,Blacktop; Bituminous; Asphalt,1,0,366,False,False,False,False,False,False,False,False,False,False,False,False,False,False,False,False,False
	20230031,20233005594,Property Damage Only,Solved,,False,False,False,True,False,False,False,	01849,2,1,Cuyahoga County,City,SOLON,1/13/2023 10:47:12 PM,72928,41.404519,-81.488805,,,,RICHMOND,Road,10.00,Feet,South,State Route,43,,,Intersection,,True,4,False,On Roadway,Sideswipe; same direction,Snow,Dark - Lighted Roadway,False,False,False,False,,,Unit #1 was traveling northbound on Richmond Rd. approaching S R 43 (Aurora Road). Unit #2 was slowing or stopped in traffic directly in front of Unit #1. Unit #1 passed Unit #2 and attempted to turn eastbound on S R 43. Unit 1 s passenger side front door collided with Unit #2 s driver side front left.,Police,False,1/13/2023 11:20:03 PM,1/13/2023 11:22:04 PM,1/13/2023 11:22:18 PM,1/13/2023 11:58:00 PM,15,0,MICHAEL  CORBETS,7115,JOSEPH T MARANDO,7112,False,,,Straight Level,Wet,Blacktop; Bituminous; Asphalt,0,0,51,False,False,False,False,False,False,False,False,False,False,False,False,False,False,False,False,False
	23000020,20233005595,Injury Possible,,SHAKER HEIGHTS,False,True,True,True,False,False,False,	01848,1,1,Cuyahoga County,City,SHAKER HEIGHTS,1/15/2023 2:25:19 AM,71682,41.481737,-81.582179,,,,DREXMORE RD,Road,25.00,Feet,East,,,,14300,House Number,,False,,True,On Roadway,Not Collision Between Two Vehicles in Transport,Clear,Dark - Lighted Roadway,False,False,False,False,,,UNIT 1 WAS TRAVELING EASTBOUND ON DREXMORE ROAD. UNIT 1 DROVE OFF THE RIGHT SIDE OF THE ROAD; STRIKING A TREE ON THE SOUTH SIDE OF DREXMORE ROAD.,Police,False,1/15/2023 2:25:19 AM,1/15/2023 2:27:01 AM,1/15/2023 2:28:20 AM,1/15/2023 2:50:00 AM,,0,JACOB  ROBERTS,9295,PARKER ALEXANDER ADRINE,9338,False,,,Straight Level,Wet,Blacktop; Bituminous; Asphalt,0,0,23,False,False,True,False,False,False,False,False,False,False,False,False,False,False,False,False,False
	2300191,20233005599,Property Damage Only,,,False,False,False,False,False,False,False,	01815,2,1,Cuyahoga County,City,Cleveland Heights,1/15/2023 8:15:47 PM,16014,41.504240,-81.565020,,,,LEE ROAD,Road,,,,,,,YORKSHIRE ROAD,Intersection,Road,False,,False,On Roadway,Rear-end,Clear,Dark - Lighted Roadway,False,False,False,False,,,UNIT 02 WAS TRAVELLING NORTHBOUND ON LEE ROAD NEAR YORKSHIRE ROAD AND BEGAN TO BREAK FOR TRAFFIC.  UNIT 01 WAS FOLLOWING TO CLOSELY BEHIND UNIT 02 AND STRUCK THE REAR OF UNIT 02.  THE DRIVER OF UNIT 01 WAS ISSUED CITATION CH2300097 FOR ASSURED CLEAR DISTANCE.,Police,False,1/15/2023 8:15:47 PM,1/15/2023 8:16:50 PM,1/15/2023 8:23:29 PM,1/15/2023 8:42:40 PM,,0,ERIK W MILD,8564,MICHAEL X DAMICO,8574,False,,,Straight Level,Dry,Blacktop; Bituminous; Asphalt,0,0,26,False,False,False,False,False,False,False,False,False,False,True,False,False,False,False,False,False
	20230033,20233005603,Property Damage Only,Solved,,False,False,False,False,False,False,False,	01849,4,1,Cuyahoga County,City,SOLON,1/15/2023 9:00:00 PM,72928,41.362178,-81.444901,,,,CROMWELL,Drive,50.00,Feet,East,,,,WASHINGTON,Intersection,Court,False,,False,Outside Trafficway,Angle,Clear,Dark - Lighted Roadway,False,False,False,False,,,Unit 1 was traveling southwest on Cromwell Drive approaching the private drive at 32766 Washington Ct. Unit 2; Unit 3; and Unit 4 were unoccupied and parked in the driveway of the above address. Unit 1 failed to maintain reasonable control and ran off the road to the left into the grass. Unit 1 struck Unit 2 s rear driver s side causing Unit 2 s front passenger side to strike Unit 3 s rear driver s side. Unit 1 then struck Unit 4 s front driver s side. Unit 4 was disabled. Unit 1 s front bumper fell off with its front license plate still attached. Unit 1 fled the scene to her residence and parked the vehicle inside the garage. Officers met with Unit 1 s registered owner at her residence. She admitted to fleeing the scene after striking Unit 2; Unit 3; and Unit 4.,Police,False,1/15/2023 11:41:37 PM,1/15/2023 11:47:15 PM,1/15/2023 11:54:13 PM,1/16/2023 12:33:58 AM,0,0,MICHAEL  CORBETS,7115,JOSEPH T MARANDO,7112,False,,,Straight Level,Wet,Concrete,0,0,47,False,False,False,False,False,False,False,False,False,False,False,False,False,False,False,False,False
	2350001,20233005606,Property Damage Only,,,False,True,True,False,False,False,False,	01824,1,1,Cuyahoga County,Village,HUNTING VALLEY,1/13/2023 10:14:07 AM,36918,41.489037,-81.394905,,,,FAIRMOUNT BLVD,Boulevard,999.00,Feet,East,,,,CHAGRIN RIVER RD,Intersection,Road,False,,False,On Roadside,Not Collision Between Two Vehicles in Transport,Snow,Daylight,False,False,False,False,,,Unit #1 was traveling westbound on Fairmount Blvd. and was approximately 1000 feet east of the Chagrin River Road intersection.  Unit  #1 veered off the left side of the roadway into a ditch and struck a wooden post fence; which brought unit #1 to rest.,Police,False,1/13/2023 10:14:07 AM,1/13/2023 10:14:07 AM,1/13/2023 10:14:07 AM,1/13/2023 11:28:20 AM,30,0,JOHN  HELBIG JR,3811,ERIC  HALL,3855,False,,,Curve Grade,Snow,Blacktop; Bituminous; Asphalt,0,0,104,False,False,False,False,False,False,False,False,False,False,False,False,False,False,False,False,False
	2023018,20233005609,Injury Possible,,MACEDONIA,False,True,False,False,False,False,False,	07707,1,1,Summit County,City,MACEDONIA,1/13/2023 8:56:00 PM,45976,41.324354,-81.515445,Interstate Route (Turnpike is also IR),271,,,,300.00,Feet,South,,,,20,Mile Post,Milepost,False,,False,On Roadway,Not Collision Between Two Vehicles in Transport,Snow,Dark - Roadway Not Lighted,False,False,False,False,,,Unit #1 was southbound on I 271 SB passing MP20. Unit #1 went off the road to the left; over an emergency turnaround and on to the northbound side of the cable median barrier. Unit #1 struck a road sign with the front bumper and came to rest after striking a concrete footer for another large exit sign with the passenger side front wheel and well.,Police,False,1/13/2023 8:56:17 PM,1/13/2023 8:57:14 PM,1/13/2023 9:01:37 PM,1/13/2023 9:39:00 PM,20,0,TERRENCE MICHAEL SCHNEIDER,0411,MICHAEL F PLESZ,0472,True,North,Divided; Raised Median (Any type),Straight Level,Wet,Blacktop; Bituminous; Asphalt,0,0,62,False,False,True,False,False,False,False,False,False,False,True,False,False,False,False,False,False
	2023019,20233005610,Property Damage Only,,MACEDONIA,False,True,False,False,False,False,False,	07707,2,2,Summit County,City,MACEDONIA,1/13/2023 9:14:00 PM,45976,41.318610,-81.513346,Interstate Route (Turnpike is also IR),271,,,,300.00,Feet,North,,,,19.4,Mile Post,Milepost,False,,False,On Roadway,Sideswipe; same direction,Cloudy,Dark - Lighted Roadway,False,False,False,False,,,Unit #1 was northbound on I 271 near the entrance ramp from SR 82 in the right lane. Unit #2 was entering I 271 northbound from the SR 82 entrance ramp. As Unit #1 was passing Unit #2; Unit #2 merged left into the right lane as the ramp lane ended. The left side of Unit #2 struck the right side of Unit #1.,Police,False,1/13/2023 9:14:43 PM,1/13/2023 9:18:06 PM,1/13/2023 9:39:00 PM,1/13/2023 9:53:00 PM,20,0,TERRENCE MICHAEL SCHNEIDER,0411,MICHAEL F PLESZ,0472,True,South,Divided; Raised Median (Any type),Straight Level,Wet,Blacktop; Bituminous; Asphalt,0,0,55,False,False,False,False,False,False,False,False,False,False,False,False,False,True,False,False,False
	2023020,20233005613,Property Damage Only,,,False,True,False,True,False,False,False,	07707,1,98,Summit County,City,MACEDONIA,1/15/2023 12:30:00 AM,45976,41.346971,-81.504607,Interstate Route (Turnpike is also IR),480,,,,100.00,Yards,West,,,,33.6,Mile Post,Milepost,False,,False,On Roadway,Not Collision Between Two Vehicles in Transport,Clear,Dark - Roadway Not Lighted,False,False,False,False,,,Unit #1 was traveling eastbound on I-480 in the right lane. Unit #1 struck a deer that was crossing the roadway.,Police,False,1/15/2023 12:34:59 AM,1/15/2023 12:37:55 AM,1/15/2023 12:47:56 AM,1/15/2023 1:14:01 AM,30,0,ALEX T CLAPPER,0420,MICHAEL F PLESZ,0472,True,East,Divided; Raised Median (Any type),Straight Level,Dry,Blacktop; Bituminous; Asphalt,0,0,66,True,True,False,False,False,False,False,False,False,False,False,False,False,False,False,False,False
	2300144,20233005618,Property Damage Only,,,False,False,False,False,False,False,False,	01815,2,2,Cuyahoga County,City,Cleveland Heights,1/11/2023 4:28:22 PM,16014,41.488090,-81.571970,,,,N WOODLAND RD,Road,,,,,,,FAIRMOUNT BLVD,Intersection,Boulevard,True,4,False,On Roadway,Rear-end,Clear,Daylight,False,False,False,False,,,  Unit one (OH PC JJD8720) was traveling eastbound on N. Woodland rd when she rear-ended unit two(OH PC JNB3634). Unit two was at the stop sign at N Woodland and Fairmount Blvd when she was rear-ended. Unit one sustained damage to the front end of her vehicle and unit two sustained rear-end damage to her vehicle. There were no reported injuries at this time. Unit one was issued a citation (#CH2300066) for assured clear distance.,Police,False,1/11/2023 4:28:22 PM,1/11/2023 4:30:33 PM,1/11/2023 4:39:14 PM,1/11/2023 4:49:14 PM,60,0,TASONI C COLLYMORE,8596,BYRON D ROBBINS,8539,True,East,Divided Flush Median (Less than 4 feet),Straight Level,Dry,Blacktop; Bituminous; Asphalt,0,0,79,False,False,False,False,False,False,False,False,False,False,True,False,False,False,False,False,False
	514-2567-1,20233005624,Property Damage Only,,,False,False,False,False,False,False,False,	02500,2,1,Franklin County,City,Grove City,1/13/2023 7:09:58 AM,32592,39.887207,-83.030212,Interstate Route (Turnpike is also IR),270,,,Highway,200.00,Feet,East,Interstate Route (Turnpike is also IR),71,,,Intersection,,False,,False,On Roadway,Rear-end,Clear,Dark - Lighted Roadway,False,False,False,False,,,Unit 2 was traveling eastbound on IR270 when unit 1 failed to maintain proper distance and struck unit 2 in the rear.  ,Police,False,1/13/2023 7:09:58 AM,1/13/2023 7:16:15 AM,1/13/2023 7:27:28 AM,1/13/2023 7:54:01 AM,,,Benjamin P Townsend,1167,William J Fitzpatrick,201,True,East,Divided; Raised Median (Any type),Straight Level,Wet,Blacktop; Bituminous; Asphalt,0,0,38,False,False,False,False,False,False,False,False,False,False,True,False,False,False,False,False,False
	2320018,20233005625,Injury Possible,,,False,False,False,False,False,False,False,	01842,3,1,Cuyahoga County,City,PARMA,1/12/2023 4:59:06 PM,61000,41.359572,-81.759743,Numbered County Route,46,,YORK RD,Road,,,,,,,SCHWAB DR,Intersection,Drive,False,,False,On Roadway,Rear-end,Rain,Daylight,False,False,False,False,,,UNIT #3 TRAVELING S B IN THE CURB LANE OF YORK RD (C.R. 46); STOPPED IN TRAFFIC AT SCHWAB DR.  r nUNIT #2 STOPPED IN TRAFFIC DIRECTLY BEHIND UNIT #3 r nUNIT #1 S B IN IN CURB LANE OF YORK ROAD APPROACHING SCHWAB DR. r nUNIT #1 FAILED TO MAINTAIN ASSURE CLEAR DISTANCE AHEAD STRIKING UNIT #2; WHICH CAUSED UNIT #2 TO STRIKE UNIT #3.  r nDAMAGE CAUSED TO ALL UNITS,Police,False,1/12/2023 4:59:06 PM,1/12/2023 5:01:22 PM,1/12/2023 5:10:28 PM,1/12/2023 5:33:29 PM,60,0,MICHAEL P SAMIJLENKO,1560,JOHN T POREC,1604,False,,,Straight Level,Wet,Blacktop; Bituminous; Asphalt,0,0,92,False,False,False,False,False,False,False,False,False,False,True,False,False,False,False,False,False
	2320028,20233005626,Property Damage Only,,PARMA,False,False,False,False,False,False,False,	01842,2,1,Cuyahoga County,City,PARMA,1/13/2023 6:40:09 PM,61000,41.391383,-81.734662,,,,RIDGE RD,Road,,,,,,,SOUTHINGTON DR,Intersection,Drive,True,4,True,On Roadway,Sideswipe; opposite direction,Snow,Dark - Lighted Roadway,False,False,False,False,,,Unit #2 was travelling N B on SR 3 (Ridge Rd.) in the center turn lane approaching Southington Dr. Unit #1 was travelling S B on SR 3 in the second lane from curb.  Unit #1 merged into the center turn lane; subsequently striking Unit #2 on the passenger side.  r n r nUnit #1 and #2 both reported no injuries and both vehicles had disabling damage.  r n r n,Police,False,1/13/2023 6:40:09 PM,1/13/2023 6:40:50 PM,1/13/2023 6:46:02 PM,1/13/2023 6:51:54 PM,60,0,TIMOTHY B MCGINTY,1596,JOHN T POREC,1604,False,,,Straight Level,Snow,Blacktop; Bituminous; Asphalt,0,0,71,False,False,True,False,False,False,False,False,False,False,False,False,False,True,False,False,False
	514-2552-1,20233005627,Property Damage Only,,,False,False,False,False,False,False,False,	02500,3,1,Franklin County,Township,Blendon (Township of),1/12/2023 1:03:54 PM,6922,40.103642,-82.940689,Interstate Route (Turnpike is also IR),270,,,Highway,0.75,Miles,West,State Route,3,,,Intersection,,False,,False,On Roadway,Rear-end,Rain,Daylight,False,False,False,False,,,UNITS 1; 2; AND 3 WERE TRAVELING E/B ON IR270 JWO SR3 IN LANE #3.  UNITS 2 AND 3 WERE SLOWING FOR CONGESTED TRAFFIC AHEAD DUE TO STANDING WATER IN THE LANES. UNIT 1 FAILED TO MAINTAIN AN ASSURED CLEAR DISTANCE AHEAD AND STRUCK UNIT 2 IN THE REAR. THE IMPACT PUSHED UNIT 2 INTO THE REAR OF UNIT 3.,Police,False,1/12/2023 1:03:54 PM,1/12/2023 1:08:03 PM,1/12/2023 1:19:50 PM,1/12/2023 2:19:00 PM,,,Al S Wansik,1147,William J Fitzpatrick,201,True,East,Divided; Raised Median (Any type),Straight Level,Wet,Blacktop; Bituminous; Asphalt,0,0,71,False,False,False,False,False,False,False,False,False,False,False,False,False,False,False,False,False
	501-2999-1,20233005628,Injury Possible,Unsolved,,False,False,False,False,False,False,False,	02531,2,1,Franklin County,City,Columbus,1/14/2023 11:40:57 PM,18000,40.042084,-82.960808,,,,Cleveland,Avenue,,,,,,,3621,House Number,,True,4,False,On Roadway,Sideswipe; same direction,Clear,Dark - Lighted Roadway,False,False,False,False,,,Unit 2 was traveling southbound on Cleveland Ave at the intersection of Elmore Ave when a Red colored SUV (Unit 1) side-swiped the vehicle and continued southbound on Cleveland Ave. It should be noted Unit 2 was pushed into the oncoming traffic lane. ,Police,False,1/14/2023 11:40:57 PM,1/14/2023 11:43:45 PM,1/14/2023 11:45:26 PM,1/14/2023 11:57:50 PM,,,Cheyenne Hughes,63,Jamie Burr,S5,False,,,Straight Level,Dry,Blacktop; Bituminous; Asphalt,0,0,14,False,False,False,False,False,False,False,False,False,False,False,False,False,False,False,False,False
	501-2997-1,20233005629,Property Damage Only,,,False,False,False,False,False,False,False,	02531,2,1,Franklin County,Township,Clinton (Township of),1/15/2023 11:47:01 AM,16112,40.030903,-82.957314,State Route,3,,,Highway,,,,,,,OAKLAND PARK,Intersection,Avenue,True,2,False,On Roadway,Angle,Clear,Daylight,False,False,False,False,,,On January 15;2023; Clinton Township Police; (CTPD); Officer K. Bales #4 was dispatched to auto crash at Oakland Park and Westerville Road. Once on scene Officer Bales asked (RANDALL BLACK) Unit #2 what had happen? Unit #2 stated he was at the light on Oakland Park and had a green light as he was making a left hand turn onto Westerville Road he struck Unit #1. Officer Bales approached (HAJI SHOOBLE) Unit #1 and asked what had happen? He stated that he was traveling south bound on Westerville Road and Unit #2 struck his vehicle in the intersection. At that time Officer Bales asked (HAJI SHOOBLE) if he had a green light and he stated that he did not know. Unit #1 was issued a citation at that time and both parties were given the crash report number and advised to contact there insurance companies.,Police,False,1/15/2023 11:47:01 AM,1/15/2023 11:48:30 AM,1/15/2023 11:52:56 AM,1/15/2023 12:17:17 PM,,,Keith Bales,4,Jamie Burr,S5,False,,,Straight Level,Dry,Blacktop; Bituminous; Asphalt,0,0,29,False,False,False,False,False,False,False,False,False,True,False,False,False,True,False,False,False
	514-2456-1,20233005631,Property Damage Only,,,False,False,False,False,False,False,False,	02500,2,1,Franklin County,Township,Prairie (Township of),1/7/2023 12:46:42 PM,64570,39.977898,-83.161560,Interstate Route (Turnpike is also IR),70,,,Highway,400.00,Yards,East,,,,ALTON DARBY CREEK,Intersection,Road,False,,False,On Roadway,Sideswipe; same direction,Clear,Daylight,False,False,False,False,,,Unit #1 was traveling West bound on IR 70 approaching Alton Darby Creek Rd. when he came out of his marked lane of travel causing his trailer to make contact with Unit #2 in the front passenger side tire; disabling the semi.    The trailer Unit #1 was hauling was bearing Illinois license 908125ST and owned by: US HIGHWAY EXPRESS INC. 4504 CHINABERRT LN. NAPERVILLE; IL 60564 (608) 844 9548  The trailer Unit #2 was hauling was bearing Michigan license D342077 and owned by: US EXPRESS LEASING LLC. 4402 SW 44TH ST. OKLAHOMA CITY; OK 73119 (405) 823 0885,Police,False,1/7/2023 12:46:42 PM,1/7/2023 12:48:55 PM,1/7/2023 1:07:00 PM,1/7/2023 3:27:11 PM,,,Jacob L Anderson,1241,William J Fitzpatrick,201,True,West,Divided; Depressed Median,Straight Level,Dry,Blacktop; Bituminous; Asphalt,0,0,158,False,False,False,False,False,False,False,False,True,False,False,False,False,False,False,True,True
	23005909,20233005632,Injury Possible,Solved,,False,True,True,False,False,False,False,	01812,2,1,Cuyahoga County,City,BROOK PARK,1/15/2023 10:03:47 PM,9288,41.395635,-81.832639,,,,SYLVIA,Drive,50.00,Feet,East,,,,6290,House Number,,False,,False,On Roadway,Head-on,Clear,Dark - Lighted Roadway,False,False,False,False,,,Unit 01 was traveling Sylvia Drive northbound from Holland Road. The operator of Unit 01 failed to control their vehicle; leaving their lane of travel; striking Unit 02 that was parked on the street; unoccupied; in front of 6290 Sylvia Drive. The operator of Unit 01 did not stop at the scene of the accident or report the accident to police.,Police,False,1/15/2023 10:03:47 PM,1/15/2023 10:04:33 PM,1/15/2023 10:07:20 PM,1/15/2023 11:24:04 PM,90,0,NICHOLAS  AMATO,2149,SGT.  DUNCAN,2114,False,,,Straight Level,Wet,Blacktop; Bituminous; Asphalt,0,0,170,False,False,True,False,False,False,False,False,False,True,False,False,False,False,False,False,False