LocalReportNumber,DocumentNumber,CrashSeverity,HitSkip,LocalInformation,SecondaryCrash,PhotosTaken,OH2,OH3,OH1P,OHOther,PrivateProperty,ReportingAgencyNCIC,NumberOfUnits,UnitInError,County,InCityVillageTownship,CityVillageTownshipName,CrashDateTime,FIPSPlaceCode,Latitude,Longitude,LocationRouteType,LocationRouteNumber,LocationPrefix,LocationRoadName,LocationRoadType,DistanceFromReference,DistanceReferenceMeasurement,DirectionFromReference,ReferenceRouteType,ReferenceRouteNumber,ReferencePrefix,ReferenceName,ReferencePointUsed,ReferenceRoadType,IntersectionOrApproachRelated,NumberOfApproaches,WithinInterchangeArea,LocationFirstHarmfulEvent,MannerOfCollision,Weather,LightCondition,ActiveSchoolZoneRelated,WorkZoneRelated,WorkersPresent,LawEnforcementPresentInWorkZone,WorkZoneType,WorkZoneLocation,Narrative,ReportTakenBy,Supplement,CrashReportedDateTime,DispatchedDateTime,ArrivedDateTime,SceneClearedDateTime,OtherInvestigationTime,TotalTimeRoadwayClosed,OfficerName,OfficerBadgeNumber,CheckedByOfficerName,CheckedByBadgeNumber,RoadwayDivided,DividedLaneTravelDirection,DividedMedianType,RoadContour,RoadCondition,RoadSurface,TotalInjured,TotalKilled,TotalMinutes,AnimalRelated,AnimalDeerRelated,AlcoholRelated,DrugRelated,BicycleRelated,MotorCycleRelated,SpeedRelated,PedestrianRelated,SemiTruckRelated,SmallTruckRelated,YouthRelated,TeenRelated,DUI21Related,SeniorRelated,FatalNotReportable,CommercialRelated,CommercialAtFault
	230009099,20233006449,Injury Possible,,161,False,False,False,False,False,False,False,	COP00,2,1,Franklin County,City,Columbus,1/4/2023 12:23:00 PM,18000,39.967440,-82.990630,,,,Cleveland ,Avenue,5.00,Feet,West,,,East,Spring,Intersection,Street,True,2,False,On Roadway,Angle,Cloudy,Daylight,False,False,False,False,,,Unit #2 was traveling south on Cleveland Ave aproaching the intersection of E Spring St. The driver noted that she had a green light and continued through the intersection when she was struck by Unit #1. Unit #1 was traveling west on E Spring St approaching the intersection of Cleveland Ave when her vehicle struck Unit #2. The driver of Unit #1 stated that she did not run a red light however Witness #1 who was behind Unit #1 stated that the light was red for them. The driver of Unit #1 was transported to Grant Hospital where she was treated for chin pain. Unit #1 was towed to the City Impound Lot by ProTow and Unit #2 was towed by a private company. The driver of Unit #1 was cited.,Police,False,1/4/2023 12:23:00 PM,1/4/2023 12:25:00 PM,1/4/2023 12:35:00 PM,1/4/2023 1:35:00 PM,,0,HINKLE; ELIZABETH,2683,WILKINSON; DOUGLAS,5116,False,,,Straight Level,Wet,Blacktop; Bituminous; Asphalt,0,0,70,False,False,False,False,False,False,False,False,False,False,True,True,False,False,False,False,False
	EPDP23-0067,20233006450,Property Damage Only,,,False,True,False,False,False,False,False,	06801,2,1,Preble County,City,Eaton,1/13/2023 11:46:00 AM,24234,39.743898,-84.634504,Federal US Route,35,East,Main,Street,,,,,,,207,House Number,,False,,False,On Roadway,Angle,Snow,Daylight,False,False,False,False,,,Unit 1 was parked near 207 E Main St. Unit 2 was turning from N Cherry St onto E Main St. Unit 1 attempted to pull out from a parking stall to travel east on E Main St and struck the side of Unit 2.,Police,False,1/13/2023 11:46:00 AM,1/13/2023 11:49:00 AM,1/13/2023 11:54:00 AM,1/13/2023 12:24:00 PM,0,35,Ritchie; Cody,212P,Sizemore; David,106P,False,,,Straight Level,Dry,Blacktop; Bituminous; Asphalt,0,0,35,False,False,False,False,False,False,False,False,False,False,True,True,False,False,False,False,False
	2023020,20233006451,Property Damage Only,Unsolved,202300265,False,True,True,False,False,False,False,	01827,1,1,Cuyahoga County,City,Lyndhurst,1/14/2023 2:00:00 AM,45556,41.514806,-81.500680,,,,CLUBSIDE,Road,,,,,,,COUNTRYSIDE,Intersection,Road,True,4,False,On Roadway,Not Collision Between Two Vehicles in Transport,Snow,Dark - Roadway Not Lighted,False,False,False,False,,,SEE ATTACHED NARRATIVE,Police,False,1/14/2023 9:00:00 AM,1/14/2023 9:01:00 AM,1/14/2023 9:01:00 AM,1/14/2023 9:12:00 AM,60,,James Fiore,154,Greg Traci;,014,False,,,Straight Level,Snow,Blacktop; Bituminous; Asphalt,0,0,71,False,False,False,False,False,False,False,False,False,False,False,False,False,False,False,False,False
	CFS23000499,20233006452,Injury Possible,,,False,True,False,False,False,False,False,	08303,2,1,Warren County,City,LEBANON,1/9/2023 5:46:00 PM,42364,39.434891,-84.208107,,,,N BROADWAY,Street,0.00,Feet,South,,,,24 N BROADWAY ,House Number,,False,,False,On Roadway,Not Collision Between Two Vehicles in Transport,Cloudy,Dark - Lighted Roadway,False,False,False,False,,,UNIT #1; A SILVER 1999 BUICK PARK AVENUE; WAS TRAVELING NORTH ON NORTH BROADWAY (SR48/US42) NEAR THE INTERSECTION OF EAST MULBERRY. UNIT #2; A DARK GRAY 2018 FORD F-250; WAS LEGALLY PARKED IN A PARKING SPOT ON NORTH BROADWAY IN FRONT OF 24 NORTH BROADWAY. SHORTLY AFTER GOING THROUGH THE INTERSECTION OF EAST MULBERRY; UNIT #1 FAILED TO MAINTAIN CONTROL OF HIS MOTOR VEHICLE; VEERING OFF TO THE RIGHT AND OUT OF HIS LANE OF TRAVEL; STRIKING THE LEFT REAR OF UNIT #2. THE ACCIDENT CAUSED DISABLING DAMAGE TO BOTH VEHICLES. THE DRIVER OF UNIT #1; WAS FOUND TO BE OPERATING THE VEHICLE; UNDER THE INFLUENCE OF ALCOHOLIC BEVERAGES AND PRESCRIPTION NARCOTICS.,Police,True,1/9/2023 5:46:00 PM,1/9/2023 5:47:00 PM,1/9/2023 5:50:00 PM,1/9/2023 7:16:00 PM,31,120,Burns IV; James,107,Morris; Steve,131,True,North,Divided Flush Median (Less than 4 feet),Straight Level,Dry,Blacktop; Bituminous; Asphalt,0,0,120,False,False,True,True,False,False,False,False,False,True,False,False,False,False,False,False,False
	CFS23000544,20233006453,Property Damage Only,,,False,False,False,False,False,False,False,	08303,2,1,Warren County,City,LEBANON,1/10/2023 7:55:00 AM,42364,39.434854,-84.231666,,,West,MAIN,Street,0.00,Feet,West,,,,MARKEY,Intersection,Road,True,3,False,On Roadway,Rear-end,Cloudy,Dawn/Dusk,False,False,False,False,,,Units 1 and 2 were both eastbound on W. Main St. at the intersection of Markey Rd. Unit 1 was directly behind unit 2. Traffic slowed in front of unit 2 and unit 1 struck unit 2 in a rear end fashion. No injuries. Unit 1 towed from the scene by Jacob's Towing.,Police,False,1/10/2023 7:55:00 AM,1/10/2023 7:58:00 AM,1/10/2023 8:00:00 AM,1/10/2023 8:26:00 AM,0,28,Byrnes IV; Thomas,136,Morris; Steve,131,False,,,Straight Level,Dry,Blacktop; Bituminous; Asphalt,0,0,28,False,False,False,False,False,False,False,False,False,False,False,False,False,False,False,False,False
	CFS23000564,20233006454,Property Damage Only,,,False,True,False,False,False,False,False,	08303,2,1,Warren County,City,LEBANON,1/10/2023 2:12:00 PM,42364,39.457217,-84.202555,,,,MILLER,Road,50.00,Feet,East,,,North,BROADWAY,Intersection,Street,False,,False,On Roadway,Rear-end,Cloudy,Daylight,False,False,False,False,,,Unit #1 was traveling westbound on Miller Rd. just east of N. Broadway St. Unit #2 was stopped at the red light waiting for the light to turn green. Unit #1 failed to maintain an assured clear distance ahead and struck Unit #2 in the rear.,Police,True,1/10/2023 2:13:00 PM,1/10/2023 2:15:00 PM,1/10/2023 2:21:00 PM,1/10/2023 2:38:00 PM,0,23,Short; Summer,129,Morris; Steve,131,False,,,Straight Level,Dry,Blacktop; Bituminous; Asphalt,0,0,23,False,False,False,False,False,False,False,False,False,False,True,True,False,True,False,False,False
	CFS23000579,20233006455,Property Damage Only,,,False,True,False,False,False,False,False,	08303,2,1,Warren County,City,LEBANON,1/10/2023 7:30:00 PM,42364,39.433821,-84.215435,,,West,Main,Street,0.00,Feet,North,,,South,West,Intersection,Street,True,4,False,On Roadway,Angle,Clear,Dark - Lighted Roadway,False,False,False,False,,,Unit 1 was traveling South on S. West St. Unit 2 was traveling East on W. Main St. Unit 1 failed to stop for the red light at the intersection of S. West street and W. Main St.; striking Unit 2. Unit 1 was found at fault for the crash.,Police,False,1/10/2023 7:31:00 PM,1/10/2023 7:33:00 PM,1/10/2023 7:36:00 PM,1/10/2023 7:53:00 PM,0,20,Shaver; Travis,123,Morris; Steve,131,False,,,Straight Grade,Dry,Blacktop; Bituminous; Asphalt,0,0,20,False,False,False,False,False,False,False,False,False,True,True,False,False,False,False,False,False
	CFS23000617,20233006456,Property Damage Only,,8303,False,True,False,True,False,False,False,	08303,2,1,Warren County,City,LEBANON,1/11/2023 2:40:00 PM,42364,39.389959,-84.215138,State Route,48,,,,0.00,Feet,South,,,,Kingsview,Intersection,Drive,True,4,False,On Roadway,Angle,Cloudy,Daylight,False,False,False,False,,,Unit 1 was turning left onto Kingsview Dr. from north bound Bypass 48. Unit 2 was traveling southbound on Bypass 48 approaching Kingsview Dr. in the right turn lane. Unit 1 struck Unit 2 in the intersection. The driver of Unit 1 stated Unit 2 failed to stop at the red light and struck her vehicle. The driver of Unit 2 stated he was stopped at the red light; and Unit 1 struck his vehicle while he was waiting to turn right. A witness I spoke with on the phone stated Unit 2 was stopped waiting to turn right; and was not impeding the lane of travel for Unit 1. The witness stated Unit 1 made an improper turn; striking Unit 2.,Police,True,1/11/2023 2:41:00 PM,1/11/2023 2:43:00 PM,1/11/2023 2:51:00 PM,1/11/2023 3:19:00 PM,0,36,Rusche; Matthew,130,Morris; Steve,131,False,,,Straight Level,Dry,Blacktop; Bituminous; Asphalt,0,0,36,False,False,False,False,False,False,False,False,False,False,False,False,False,False,False,False,False
	CFS23000667,20233006457,Property Damage Only,,,False,True,False,False,False,False,False,	08303,2,1,Warren County,City,LEBANON,1/12/2023 2:21:00 PM,42364,39.406000,-84.208915,,,East,Turtlecreek Union,Road,0.00,Feet,South,,,,Deerfield,Intersection,Road,True,4,False,On Roadway,Angle,Rain,Daylight,False,False,False,False,,,Unit 1 was traveling westbound on E. Turtlecreek Union Rd. toward Deerfield Rd. The operator of unit 1 stated that she was planning on going straight through the intersection but at the last second decided to turn left. When the operator of unit 1 turned left she turned left in front of unit 2; which was traveling eastbound through the intersection. Unit 2 struck unit 1.,Police,True,1/12/2023 2:21:00 PM,1/12/2023 2:22:00 PM,1/12/2023 2:29:00 PM,1/12/2023 2:59:00 PM,30,67,Jenkinson; Patrick,112,Morris; Steve,131,False,,,Straight Level,Wet,Blacktop; Bituminous; Asphalt,0,0,67,False,False,False,False,False,False,False,False,False,True,False,False,False,True,False,False,False
	CFS23000820,20233006458,Property Damage Only,,,False,False,False,False,False,False,False,	08303,2,1,Warren County,City,LEBANON,1/15/2023 1:00:00 PM,42364,39.436417,-84.205067,,,East,WARREN ,Street,0.00,Feet,North,,,North,CHERRY,Intersection,Street,True,4,True,On Roadway,Angle,Clear,Daylight,False,False,False,False,,,Unit 1 was southbound on N. Cherry St. at the intersection of E. Warren St. where there is a stop sign. Unit 2 was westbound on E. Warren St. where there is no traffic control device. Unit 1 failed to yield to unit unit 2 and unit 1 struck unit 2 in an angle fashion. No injuries.,Police,True,1/15/2023 1:01:00 PM,1/15/2023 1:02:00 PM,1/15/2023 1:05:00 PM,1/15/2023 1:29:00 PM,0,27,Byrnes IV; Thomas,136,Morris; Steve,131,False,,,Straight Level,Dry,Blacktop; Bituminous; Asphalt,0,0,27,False,False,False,False,False,False,False,False,False,True,True,True,False,True,False,False,False
	2310007977,20233006460,Property Damage Only,Unsolved,MAPLE HTS,False,True,True,False,False,False,False,	01828,1,1,Cuyahoga County,City,MAPLE HEIGHTS,1/11/2023 8:25:00 PM,47306,41.404000,-81.581590,,,East,BRUNSWICK,Avenue,1.00,Feet,South,,,South,14320,House Number,,False,,False,On Roadway,Not Collision Between Two Vehicles in Transport,Clear,Dark - Lighted Roadway,False,False,False,False,,,Unit 1 was traveling eastbound on Brunswick Ave.; when it went off the roadway to its right.  Unit 1 went through multiple front yards before coming to a rest at 14320 Brunswick Ave.; striking the residence.  The operator of Unit 1 fled the scene prior to officer s arrival.  It is unknown if there were any injuries to operator.  The vehicle suffered a minor scuff on the front passenger bumper.  The residence suffered a minor dent on the aluminum siding. Ptl. Colangelo #567 stated he observed a thin build black male with a goatee wearing a black hoodie with the hood up; prior to the driver turning southbound onto E. 141st street. No cameras were observed in the area.  Reference the incident report for additional information.,Police,False,1/11/2023 8:26:00 PM,1/11/2023 8:26:14 PM,1/11/2023 8:26:55 PM,1/11/2023 9:27:15 PM,,0,MATTHEW  THOMAS,560,GEORGE ALLEN,519,False,,,Straight Level,Wet,Blacktop; Bituminous; Asphalt,0,0,61,False,False,False,False,False,False,True,False,False,False,False,False,False,False,False,False,False
	2310009510,20233006461,Property Damage Only,,MAPLE HTS,False,True,False,False,False,False,False,	01828,2,2,Cuyahoga County,City,MAPLE HEIGHTS,1/13/2023 7:54:11 PM,47306,41.402206,-81.572450,,,,ROCKSIDE RD,Road,,,,,,,15509,House Number,,False,,False,On Roadway,Rear-end,Snow,Dark - Roadway Not Lighted,False,False,False,False,,,Unit #1 was in the left lane; stopped in traffic and attempted to turn left into the driveway of 15509 Rockside Road. Unit #2 was in the left lane traveling eastbound on Rockside Road. Unit #2 failed to assured clear distance from unit #1; which caused unit #2 to rear end unit #1. Unit #1 had minor rear end damage. Unit #2 had disabling front end damage. Photographs of both of the damages of the vehicles were taken and attached to this report. Unit #2 vehicle was towed by Interstate Towing. Unit #2 was given a traffic citation for failure to assured clear distance.,Police,False,1/13/2023 7:54:11 PM,1/13/2023 7:56:35 PM,1/13/2023 8:00:41 PM,1/13/2023 8:35:34 PM,35,0,MARCUS  LOWE,563,CHRISTOPHER FAUNCE,528,False,,,Straight Level,Snow,Concrete,0,0,74,False,False,False,False,False,False,False,False,False,False,False,False,False,False,False,False,False
	230047,20233006462,Property Damage Only,Unsolved,District 1,False,False,False,False,False,False,False,	02512,2,1,Franklin County,City,Worthington,1/11/2023 5:00:00 PM,86604,40.088880,-83.017681,State Route,161,,,Alley,,,,Federal US Route,23,,,Intersection,,True,6,False,On Roadway,Sideswipe; same direction,Other/Unknown,Dawn/Dusk,False,False,False,False,,,Unit #1 was in the turn lane to go South on US 23 from State Route 161. Unit #2 was on State Route 161 traveling Westbound. Unit #1 failed to yield when changing lanes striking Unit #2 in the front driver side area. Unit #1 failed to stop at the scene. Unit #2 was able to gather the license plate. Unit #2 stated they had no physical damage but there car is making noises now.   A phone call was left for the owner of Unit #1. Ofc. Luoma was advised they would call him when they gave the owner the message.,Police,True,1/14/2023 4:45:00 PM,1/14/2023 4:45:00 PM,1/14/2023 4:45:00 PM,1/14/2023 4:45:00 PM,30,0,Luoma; Steven,368,St John; Tige,357,False,,,Straight Level,Dry,Blacktop; Bituminous; Asphalt,0,0,30,False,False,False,False,False,False,False,False,False,False,True,True,False,False,False,False,False
	2023-00001439,20233006464,Property Damage Only,Solved,,False,True,False,False,False,True,False,	04705,2,1,Lorain County,City,Lorain,1/10/2023 2:30:00 PM,44856,41.478367,-82.138755,,,,EUCLID,Avenue,,,,,,,417,House Number,,False,,False,On Roadway,Not Collision Between Two Vehicles in Transport,Cloudy,Daylight,False,False,False,False,,,On January 10th; 2023; at approximately 1430 hours Unit #2 was legally parked across from 417 Euclid Avenue; on the West side of the roadway;on January 10th; 2023; at approximately 1430 hours when it was struck by a silver truck (Unit #1) backing out of the driveway of 417 Euclid.  The truck then fled the crash scene without stopping to provide information to Unit #2.   On January 13th; 2023; I met with Jose Perez; who stated he was the only driver of Unit #1 the day of the accident.  He denied hitting a parked truck stating he only struck a pole that day while backing up.  I checked the rear of Unit #2; took measurements; pictures; and found damage as well as the measurements of bumper height consistent to being the suspect vehicle involved in this crash.  See Lorain Police Investigation Report #2023-1439 for further details.    ,Police,False,1/10/2023 2:30:00 PM,1/12/2023 3:15:00 PM,1/12/2023 3:25:00 PM,1/12/2023 4:10:00 PM,60,0,Michael Bohaty,3567,Larry Arthur Swanger,802,False,,,Straight Level,Dry,Concrete,0,0,115,False,False,False,False,False,False,False,False,False,True,True,False,False,False,False,False,False
	2390048,20233006465,Minor Injury Suspected,Solved,,False,False,True,False,False,False,False,	01818,2,1,Cuyahoga County,City,EUCLID,1/10/2023 12:50:00 PM,25704,41.613723,-81.503012,State Route,175,East,E 260 ST,Street,,,,,,,FARRINGDON AV,Intersection,Avenue,True,4,False,On Roadway,Angle,Cloudy,Daylight,False,False,False,False,,,Unit 2 was traveling north on SR 175 just south of Farringdon Ave. Unit 1 was traveling east on Farringdon Ave. just west of E. 260 St. Unit 1 was traveling at a high rate of speed and drove past a stop sign without stopping onto SR 175 causing Unit 1 s front driver s side to strike Unit 2 s front driver side. The driver and passenger of Unit 1 fled the scene on foot. Unit 1 was a stolen motor vehicle at the time of the crash.,Police,False,1/10/2023 12:50:51 PM,1/10/2023 12:56:23 PM,1/10/2023 1:10:25 PM,1/10/2023 2:00:00 PM,36,0,RICHARD  JACKSON,0089,NICHOLAS EDINGTON,0179,False,,,Straight Level,Dry,Blacktop; Bituminous; Asphalt,0,0,100,False,False,False,False,False,False,True,False,False,False,True,True,False,False,False,False,False
	2023-00004379,20233006466,Property Damage Only,,,False,False,False,False,False,False,False,	07701,2,2,Summit County,City,Akron,1/12/2023 6:50:00 AM,1000,41.062197,-81.533730,,,,I 76,Highway,,,,,,,I 76 W I 77 N TO DART,Intersection,Avenue,False,,False,On Roadway,Sideswipe; same direction,Cloudy,Dark - Lighted Roadway,False,True,False,False,Other,Activity Area,Unit #1 was westbound on I-76 in the right exit lane for Dart Av.  Unit #2 was westbound in the middle land and attempted to move into the right exit lane.  The right front fender on Unit #2 struck the left rear fender on Unit #1.  ,Police,False,1/12/2023 6:51:00 AM,1/12/2023 6:53:00 AM,1/12/2023 6:59:00 AM,1/12/2023 7:15:00 AM,25,25,1083 - Mckeel; Jason,1083,1125 - Hentosz; James,1125,False,,,Straight Level,Wet,Blacktop; Bituminous; Asphalt,0,0,47,False,False,False,False,False,False,False,False,False,True,False,False,False,False,False,False,False
	20230005,20233006467,Minor Injury Suspected,,CITY OF ASHTABULA,False,True,False,False,False,False,False,	00401,3,3,Ashtabula County,City,ASHTABULA,1/12/2023 4:11:00 PM,2638,41.875034,-80.799607,,,,WEST,Avenue,,,,,,,GRISWOLD,Intersection,Road,True,3,False,On Roadway,Angle,Rain,Daylight,False,False,False,False,,,Unit 01 was northbound on West Ave.  Unit 02 was southbound on West Ave.  Unit 03 was turning northbound onto West Ave from Griswold Rd.  Unit 03 failed to yield right of way at the stop sign and struck Unit 02 causing Unit 02 to strike Unit 01.  Unit 03 was cited for the stop sign violation under local ORD 331.19,Motorist,False,1/12/2023 4:11:00 PM,1/12/2023 4:13:00 PM,1/12/2023 4:13:00 PM,1/12/2023 4:50:00 PM,30,30,10915,P9,10702,D1,False,,,Straight Grade,Wet,Blacktop; Bituminous; Asphalt,0,0,67,False,False,False,False,False,False,False,False,False,False,False,False,False,False,False,False,False
	2390056,20233006468,Property Damage Only,,,False,False,True,False,False,False,False,	01818,1,1,Cuyahoga County,City,EUCLID,1/13/2023 10:35:00 AM,25704,41.605960,-81.494487,State Route,2,,SR 2 W B,Highway,150.00,Feet,South,,,,208.0,Mile Post,Milepost,False,,True,On Shoulder,Not Collision Between Two Vehicles in Transport,Rain,Daylight,False,False,False,False,,,Unit 1 was traveling west on SR 2. Unit 1 entered the IR 90 E B interchange ramp and failed to maintain reasonable control 150 feet south of MP 208.0 causing Unit 1 s front to strike the northwest median wall.,Police,False,1/13/2023 10:38:00 AM,1/13/2023 10:42:26 AM,1/13/2023 10:58:04 AM,1/13/2023 11:15:00 AM,30,0,RICHARD  JACKSON,0089,NICHOLAS EDINGTON,0179,False,,,Curve Grade,Wet,Blacktop; Bituminous; Asphalt,0,0,63,False,False,False,False,False,False,False,False,False,False,False,False,False,False,False,False,False
	2023000233,20233006469,Property Damage Only,Unsolved,,False,False,False,False,False,False,False,	00915,3,1,Butler County,Township,West Chester Township,1/15/2023 11:44:00 PM,83150,39.362828,-84.460176,State Route,747,,,,10.00,Feet,North,,,,Tylersville,Intersection,Road,True,2,False,On Roadway,Rear-end,Cloudy,Dark - Lighted Roadway,False,False,False,False,,,On the listed date/time; unit #1 struck unit #2 in the rear; which caused unit #2 to strike unit #3. Unit #1 fled the scene; traveling southbound and was not located.,Police,False,1/15/2023 11:44:00 PM,1/15/2023 11:44:00 PM,1/15/2023 11:47:00 PM,1/16/2023 12:45:00 AM,15,76,Merriweather; Robert,10314,Jones; Raymond,10216,False,,,Straight Level,Dry,Blacktop; Bituminous; Asphalt,0,0,76,False,False,False,False,False,False,False,False,False,False,True,False,False,True,False,False,False
	2230160040,20233006470,Property Damage Only,Solved,MARCS,False,True,True,False,False,False,False,	01829,2,1,Cuyahoga County,City,Mayfield Heights,1/16/2023 1:34:00 PM,48482,41.517770,-81.438130,State Route,91,,,,,,,,,,6695,House Number,,True,2,False,On Roadway,Angle,Clear,Daylight,False,False,False,False,,,Unit 1 stated she was exiting onto Som Center Rd from Eastgate Plaza when she failed to yield to Unit 2. Unit 2 was traveling northbound Som Center Rd when Unit 2 struck her vehicle.,Police,False,1/16/2023 1:34:00 PM,1/16/2023 1:35:00 PM,1/16/2023 1:38:00 PM,1/16/2023 1:55:00 PM,40,,Brody Fratantonio,4515,Doug Woods,4524,False,,,Straight Grade,Dry,Blacktop; Bituminous; Asphalt,0,0,60,False,False,False,False,False,False,False,False,False,False,False,False,False,False,False,False,False
	2230160043,20233006471,Property Damage Only,,MARCS,False,False,True,False,False,False,False,	01829,2,2,Cuyahoga County,City,Mayfield Heights,1/16/2023 2:43:00 PM,48482,41.524893,-81.438669,,,,SOM CENTER,Road,,,,,,,6695 EASTGATE PLAZA,House Number,,False,,False,On Roadway,Angle,Cloudy,Daylight,False,False,False,False,,,Unit 1 was traveling n/b on SOM Center Road; in lane 1; stopped in traffic in front of Marc's grocery store (6695 Eastgate Plaza). Unit 2 was traveling w/b through the Marc's parking lot; turning n/b onto SOM Center Road. Unit 2 struck unit 1 at an angle.,Police,False,1/16/2023 2:43:00 PM,1/16/2023 2:45:00 PM,1/16/2023 2:49:00 PM,1/16/2023 3:10:00 PM,30,,Eric Hoehnen,4541,Doug Woods,4524,False,,,Straight Level,Dry,Blacktop; Bituminous; Asphalt,0,0,55,False,False,False,False,False,False,False,False,False,False,False,False,False,True,False,False,False
	2230160047,20233006472,Property Damage Only,,271 N/B to  W/B 322,False,True,True,False,False,False,False,	01829,2,1,Cuyahoga County,City,Mayfield Heights,1/16/2023 5:42:00 PM,48482,41.520237,-81.442620,Interstate Route (Turnpike is also IR),271,,,,,,,State Route,322,,,Intersection,,True,2,False,On Roadway,Rear-end,Clear,Dark - Lighted Roadway,False,False,False,False,,,Unit 2 was traveling on the IR 271 northbound to Mayfield Rd westbound exit ramp and approaching the intersection of IR 271 to Mayfield Rd. (SR 322) westbound intersection. Unit 1 was traveling directly behind Unit 2. Unit 2 stopped in traffic. Unit 1 failed to maintain assured clear distance ahead and struck Unit 2 in the rear.,Police,False,1/16/2023 5:42:00 PM,1/16/2023 5:44:00 PM,1/16/2023 5:55:00 PM,1/16/2023 5:56:00 PM,30,,Matthew Leyde,4539,Doug Woods,4524,True,North,Divided; Depressed Median,Straight Level,Dry,Concrete,0,0,42,False,False,False,False,False,False,False,False,False,False,True,False,False,False,False,False,False
	2390063,20233006474,Property Damage Only,,EUCLID,False,False,False,False,False,False,False,	01818,2,1,Cuyahoga County,City,EUCLID,1/15/2023 8:35:00 AM,25704,41.592320,-81.511140,,,,BABBITT RD,Road,25.00,Feet,East,,,,1155,House Number,,True,4,False,On Roadway,Angle,Clear,Daylight,False,False,False,False,,,Unit 01 and Unit 02 were travelling SB on Babbitt Rd near 1155. Unit 01 made an illegal U-turn and struck Unit 02 on the front driver side after completing the turn.,Police,False,1/15/2023 8:35:10 AM,1/15/2023 8:35:27 AM,1/15/2023 8:36:10 AM,1/15/2023 9:10:24 AM,25,0,BEN  WILCOX,0036,NICHOLAS EDINGTON,0179,True,South,Other/Unknown,Straight Level,Dry,Blacktop; Bituminous; Asphalt,0,0,60,False,False,False,False,False,False,False,False,False,True,True,False,False,False,False,False,False
	2390068,20233006475,Minor Injury Suspected,,,False,False,True,False,False,False,False,	01818,2,1,Cuyahoga County,City,EUCLID,1/16/2023 10:45:00 AM,25704,41.570578,-81.530927,Federal US Route,20,,EUCLID AV,Avenue,20.00,Feet,South,,,,21355,House Number,,False,,False,On Roadway,Rear-end,Cloudy,Daylight,False,False,False,False,,,Unit 2 was traveling east on US 20 just west of 21355 Euclid Ave. in lane 4. Unit 1 was behind Unit 2 traveling in the same direction. Unit 2 slowed to make a left turn from lane 4 and Unit 1 failed to maintain assured clear distance ahead striking Unit 2 to the rear.,Police,True,1/16/2023 10:45:40 AM,1/16/2023 10:46:30 AM,1/16/2023 10:46:34 AM,1/16/2023 11:04:20 AM,30,0,RICHARD  JACKSON,0089,NICHOLAS EDINGTON,0179,False,,,Straight Level,Dry,Blacktop; Bituminous; Asphalt,0,0,48,False,False,False,False,False,False,False,False,False,True,False,False,False,False,False,False,False
	2023-000066,20233006476,Minor Injury Suspected,,,False,True,False,False,False,False,False,	06300,1,1,Paulding County,Township,Brown (Township of),1/15/2023 11:45:00 AM,9512,41.126815,-84.433302,Numbered County Route,171,,,,0.10,Miles,South,Numbered County Route,138,,,Intersection,,False,,False,On Roadside,Not Collision Between Two Vehicles in Transport,Clear,Dark - Roadway Not Lighted,False,False,False,False,,,Unit 1 was southbound on Road 171 when it lost control; left the roadway on the right and overturned.,Police,False,1/15/2023 11:59:00 PM,1/16/2023 12:00:00 AM,1/16/2023 12:06:00 AM,1/16/2023 3:48:00 AM,0,228,Wells; Timothy,6318,Dyson; Jonathan,6302,False,,,Straight Level,Dry,Blacktop; Bituminous; Asphalt,0,0,228,False,False,False,True,False,False,True,False,False,False,False,False,False,False,False,False,False
	23004726,20233006477,Property Damage Only,Solved,,False,True,False,True,False,False,False,	01812,2,2,Cuyahoga County,City,BROOK PARK,1/12/2023 3:27:00 PM,9288,41.395602,-81.804557,,,,HOLLAND RD,Road,,,,,,,SMITH,Intersection,Road,False,,False,On Roadway,Rear-end,Rain,Daylight,False,False,False,False,,,Unit 1 was stopped in the north-bound left-turn lane of Smith Road. at Holland Road. Unit 2 was traveling north-bound directly behind Unit 1. Unit 2 struck Unit 1 in the rear causing damage to both vehicles.,Police,True,1/12/2023 3:27:38 PM,1/12/2023 3:30:09 PM,1/12/2023 3:37:29 PM,1/12/2023 4:21:27 PM,,0,BRANDON  LACIVITA,2141,MICHAEL  TORNABENE,2108,False,,,Straight Level,Wet,Blacktop; Bituminous; Asphalt,0,0,51,False,False,False,False,False,False,False,False,False,False,True,False,False,False,False,False,False