LocalReportNumber,DocumentNumber,CrashSeverity,HitSkip,LocalInformation,SecondaryCrash,PhotosTaken,OH2,OH3,OH1P,OHOther,PrivateProperty,ReportingAgencyNCIC,NumberOfUnits,UnitInError,County,InCityVillageTownship,CityVillageTownshipName,CrashDateTime,FIPSPlaceCode,Latitude,Longitude,LocationRouteType,LocationRouteNumber,LocationPrefix,LocationRoadName,LocationRoadType,DistanceFromReference,DistanceReferenceMeasurement,DirectionFromReference,ReferenceRouteType,ReferenceRouteNumber,ReferencePrefix,ReferenceName,ReferencePointUsed,ReferenceRoadType,IntersectionOrApproachRelated,NumberOfApproaches,WithinInterchangeArea,LocationFirstHarmfulEvent,MannerOfCollision,Weather,LightCondition,ActiveSchoolZoneRelated,WorkZoneRelated,WorkersPresent,LawEnforcementPresentInWorkZone,WorkZoneType,WorkZoneLocation,Narrative,ReportTakenBy,Supplement,CrashReportedDateTime,DispatchedDateTime,ArrivedDateTime,SceneClearedDateTime,OtherInvestigationTime,TotalTimeRoadwayClosed,OfficerName,OfficerBadgeNumber,CheckedByOfficerName,CheckedByBadgeNumber,RoadwayDivided,DividedLaneTravelDirection,DividedMedianType,RoadContour,RoadCondition,RoadSurface,TotalInjured,TotalKilled,TotalMinutes,AnimalRelated,AnimalDeerRelated,AlcoholRelated,DrugRelated,BicycleRelated,MotorCycleRelated,SpeedRelated,PedestrianRelated,SemiTruckRelated,SmallTruckRelated,YouthRelated,TeenRelated,DUI21Related,SeniorRelated,FatalNotReportable,CommercialRelated,CommercialAtFault
	2023-00002085,20233006550,Property Damage Only,,,False,False,False,True,False,False,False,	02506,1,1,Franklin County,City,Grove City,1/13/2023 6:42:00 PM,32592,39.840138,-83.020099,,,,HENNIGANS GROVE,Road,50.00,Feet,East,,,, 485,House Number,,False,,False,On Roadway,Not Collision Between Two Vehicles in Transport,Snow,Dark - Lighted Roadway,False,False,False,False,,,Unit 1 was traveling Northbound  in the 400 block of Hennigans Grove Rd. Unit 1 drove off the left side of the roadway; struck the curb; continued over the curb and struck a tree in front of 485 Hennigans Grove Rd.,Police,False,1/13/2023 6:42:00 PM,1/13/2023 6:43:00 PM,1/13/2023 6:50:00 PM,1/13/2023 8:13:00 PM,0,0,2210 - Watt; Benjamin,2210,1633 - Smith; Joshua,1633,False,,,Curve Grade,Wet,Blacktop; Bituminous; Asphalt,0,0,90,False,False,True,False,False,False,True,False,False,True,False,False,False,False,False,False,False
	235000205,20233006553,Property Damage Only,Unsolved,,False,False,False,False,False,False,False,	CIP00,2,1,Hamilton County,City,CINCINNATI,1/7/2023 2:45:00 AM,15000,39.130503,-84.511401,,,West,CHARLTON,Street,,,,,,,13,House Number,,False,,False,On Roadway,Not Collision Between Two Vehicles in Transport,Clear,Dark - Lighted Roadway,False,False,False,False,,,THE OWNER OF UNIT #2 CAME INTO THE DISTRICT TO FILE A HIT-SKIP ACCIDENT REPORT.  HE STATED THAT AS HE WAS STANDING OUTSIDE OF HIS PARKED VEHICLE; UNIT #1 EXPEDITIOUSLY TURNED THE CORNER; LOST CONTROL AND STRUCK THE LEFT SIDE OF HIS VEHICLE.  THE COLLISION CAUSED SIGNIFICANT DAMAGE TO UNIT #2.,Police,False,1/7/2023 1:10:00 PM,1/7/2023 1:10:00 PM,1/7/2023 1:10:00 PM,1/7/2023 2:00:00 PM,,,DAVIS; KATISHA R.,P0574,KINNEY; WILLIAM S.,S0369,False,,,Straight Grade,Dry,Concrete,0,0,50,False,False,False,False,False,False,True,False,False,True,False,False,False,False,False,False,False
	230040169,20233006554,Property Damage Only,Unsolved,190,False,False,False,False,False,False,False,	COP00,2,2,Franklin County,City,Columbus,1/17/2023 3:00:00 AM,18000,39.953550,-83.065200,,,South,Eureka,Avenue,100.00,Feet,North,,,,Olive,Intersection,Street,False,,False,On Shoulder,Not Collision Between Two Vehicles in Transport,Rain,Dark - Lighted Roadway,False,False,False,False,,,Unit #1 was parked on the East Side of S. Eureka Ave facing northbound and was struck by an unknown Unit #2 which was traveling southbound against traffic. There are no witnesses to the crash. There is no information about Unit #2.,Police,False,1/17/2023 8:29:00 AM,1/17/2023 8:31:00 AM,1/17/2023 8:40:00 AM,1/17/2023 9:10:00 AM,,,BADGER; SPENCER,2562,LUCAS; RONNIE JR,5274,False,,,Straight Level,Wet,Blacktop; Bituminous; Asphalt,0,0,39,False,False,False,False,False,False,True,False,False,False,False,False,False,False,False,False,False
	235000442,20233006555,Property Damage Only,,,False,False,False,False,False,False,False,	CIP00,3,1,Hamilton County,City,CINCINNATI,1/13/2023 5:06:00 PM,15000,39.129366,-84.585161,,,,QUEEN CITY,Avenue,,,,,,,2500,House Number,,False,,False,On Roadway,Rear-end,Cloudy,Daylight,False,False,False,False,,,UNIT #1 DROPPING OFF STUDENT; UNIT #2 STOPPED OR SLOWED IN TRAFFIC AND UNIT #3 STOPPED OR SLOWED IN TRAFFIC BEHIND BUS AT 2500 QUEEN CITY AVENUE.    UNIT #1 BEGINS TO BACK UP FOR UNKNOWN REASON CAUSING UNIT #2 TO BACK UP TO AVOID COLLISION.  UNIT #2 STRIKES UNIT #3 AND THEN UNIT #1 STRIKES UNIT #2.    UNIT #1 AT FAULT AND CITED.,Police,False,1/13/2023 5:32:37 PM,1/13/2023 5:14:00 PM,1/13/2023 5:26:00 PM,1/13/2023 5:33:18 PM,,,WHITE; LOGAN M.,P0067,HODGES; JERRY W.,L0538,False,,,Straight Level,Wet,Blacktop; Bituminous; Asphalt,0,0,19,False,False,False,False,False,False,False,False,False,False,True,True,False,False,False,True,True
	2023000074,20233006558,Property Damage Only,,,False,True,False,True,False,False,False,	04300,2,1,Lake County,Township,PAINESVILLE,1/14/2023 10:19:00 AM,59430,41.706787,-81.238794,State Route,84,,,,,,,,,,RAVENNA,Intersection,Road,False,,False,On Roadway,Rear-end,Cloudy,Daylight,False,False,False,False,,,Investigation revealed that unit 1 was travelling eastbound on SR 84; passing Ravenna Rd. Unit 2 was travelling eastbound; but was stopped in traffic on SR 84 just east of Ravenna Rd. Unit 1 struck unit 2 from the rear; causing minor damage to both vehicles. Neither driver sustained any injuries.,Police,False,1/14/2023 10:20:00 AM,1/14/2023 10:20:00 AM,1/14/2023 10:24:00 AM,1/14/2023 10:54:00 AM,0,0,ARKO; MATTHEW,990075,KELLEY; JOHN,990056,False,,,Straight Level,Wet,Blacktop; Bituminous; Asphalt,0,0,34,False,False,False,False,False,False,False,False,False,True,False,False,False,False,False,False,False
	235000408,20233006559,Property Damage Only,,,False,False,False,False,False,False,False,	CIP00,2,99,Hamilton County,City,CINCINNATI,1/12/2023 6:58:00 PM,15000,39.162155,-84.520172,Interstate Route (Turnpike is also IR),75,,,,,,,,,,5.9,Mile Post,Milepost,False,,False,On Roadway,Other/Unknown,Rain,Dark - Lighted Roadway,False,False,False,False,,,UNITS #1 AND #2 HEADED SOUTH BOUND ON I-75; WHEN UNITS #1 AND #2 HAD AN AUTO COLLISION BOTH SIDES GAVE A CONFLICTING SET OF EVENTS REFERENCE THE AUTO COLLISION THEREFORE REPORTING OFFICER  WAS UNABLE DETERMINE WHICH UNIT CAUSED THE COLLISION.,Police,False,1/12/2023 6:58:00 PM,1/12/2023 7:02:00 PM,1/12/2023 7:11:00 PM,1/12/2023 8:02:00 PM,,,COMAN; ROMMELL D.,P0636,KINNEY; WILLIAM S.,S0369,False,,,Straight Level,Wet,Blacktop; Bituminous; Asphalt,0,0,60,False,False,False,False,False,False,False,False,True,False,False,False,False,False,False,True,False
	235000458,20233006561,Property Damage Only,,,False,False,False,False,False,False,False,	CIP00,2,1,Hamilton County,City,CINCINNATI,1/13/2023 7:52:00 PM,15000,39.126391,-84.548551,,,,QUEN CITY,Avenue,,,,,,,1550,House Number,,False,,False,On Shoulder,Sideswipe; same direction,Sleet; Hail,Dark - Lighted Roadway,False,False,False,False,,,UNIT # 2 WAS SLOWING TO A STOP AT 1550 QUEEN CITY AVE. TRAVELING WB FROM EB ON QUEEN CITY AVENUE. UNIT #1 WAS TRAVELING FROM EB ON QUEEN CITY AVE. TO WB ON QUEEN CITY AVENUE. UNIT #1 ENTERED UNIT #2'S LANE OF TRAVEL WHILE THEY WERE SLOWING TO A STOP AT THE TRAFFIC LIGHT AND STRUCK UNIT #2. UNIT #1 WAS CITED FOR IMPROPER CHANGE OF COURSE AND OPERATING A VEHICLE WHILE IMPAIRED.,Police,False,1/13/2023 7:52:00 PM,1/13/2023 8:06:00 PM,1/13/2023 8:10:00 PM,1/13/2023 9:06:00 PM,,,MALLORY; ASHLEY B.,P0349,VOLLNER; GREGORY M.,S0906,False,,,Straight Level,Wet,Blacktop; Bituminous; Asphalt,0,0,60,False,False,True,False,False,False,False,False,False,False,False,False,False,False,False,False,False
	235000325,20233006562,Injury Possible,Unsolved,,False,False,False,False,False,False,False,	CIP00,2,1,Hamilton County,City,CINCINNATI,1/10/2023 7:58:00 AM,15000,39.143941,-84.535933,Interstate Route (Turnpike is also IR),75,,,,,,,,,,3,Mile Post,Milepost,False,,False,On Roadway,Sideswipe; same direction,Clear,Daylight,False,False,False,False,,,THE DRIVER OF UNIT #2 CAME INTO THE DISTRICT TO FILE A HIT-SKIP ACCIDENT REPORT.  HE SAID THAT AS HE WAS TRAVELING SOUTH ON I-75; UNIT #1 IMPROPERLY CHANGED LANES; SIDESWIPING THE LEFT SIDE OF UNIT #2.  THE COLLISION CAUSED MINOR DAMAGE TO UNIT #2; AND THE DRIVER COMPLAINED OF NECK PAIN.  THE DRIVER OF UNIT #1 FAILED TO STOP AND EXCHANGE DRIVER/INSURANCE INFORMATION; BEFORE CONTINUING SOUTH ON I-75.,Police,False,1/10/2023 6:43:00 PM,1/10/2023 6:43:00 PM,1/10/2023 6:43:00 PM,1/10/2023 7:43:00 PM,,,DAVIS; KATISHA R.,P0574,KINNEY; WILLIAM S.,S0369,False,,,Straight Level,Dry,Concrete,0,0,60,False,False,False,False,False,False,False,False,False,False,False,False,False,False,False,False,False
	230038133,20233006563,Property Damage Only,Unsolved,3/192,False,False,False,False,False,False,False,	COP00,2,1,Franklin County,City,Columbus,1/15/2023 7:04:00 PM,18000,39.960020,-83.064610,,,North,Wayne,Avenue,150.00,Feet,North,,,,Steele,Intersection,Avenue,False,,False,On Roadway,Sideswipe; opposite direction,Cloudy,Dark - Unknown Roadway Lighting,False,False,False,False,,,Unit 2 was parked in the rear of 220 N Wayne Ave facing southbound by the alley.  Unit 1 was headed northbound in the alley behind 220 N Wayne Ave.  Unit 1 lost control and struck Unit 1 causing damage to the front driver's side and causing the passenger side rear tire to pop.  Unit 1 then continued northbound in the alley and ended up in the rear of 254 N Wayne Ave.  The witness saw the accident happen and let Unit 2's owner know that the accident happened.  Unit 1's driver's father(Michael R Millar; 614-674-7889) responded to the scene and spoke with the owner to Unit 2.  They exchanged phone numbers and Unit 1's father told Unit 2's owner that he did not have the insurance information; but he would call him and give it to him the following day.  Unit 2's owner did not receive a call from Unit 2's father.  Unit 2's owner made a call to him and did no get an answer.  Unit 2's owner then called in to police to make a report.  Unit 1 was impounded in the early morning for blocking a garage.  Unit 1 was described as a red Camaro (OH temp tag Q114290).  The driver of Unit 1 was described as a white male.   ,Police,False,1/16/2023 10:53:00 AM,1/16/2023 11:08:00 AM,1/16/2023 11:10:00 AM,1/16/2023 11:25:00 AM,,,MERCURIO; ROBERT,2387,LUCAS; RONNIE JR,5274,False,,,Straight Level,Dry,Concrete,0,0,17,False,False,False,False,False,False,False,False,False,False,False,False,False,False,False,False,False
	235000435,20233006564,Property Damage Only,,,False,False,False,False,False,False,False,	CIP00,2,1,Hamilton County,City,CINCINNATI,1/13/2023 2:49:00 PM,15000,39.127791,-84.518819,,,West,MCMILLAN,Street,,,,,,,165,House Number,,False,,False,On Roadway,Not Collision Between Two Vehicles in Transport,Cloudy,Daylight,False,False,False,False,,,UNIT #1 E/B ON MCMILLAN ST SIDESWIPED UNIT #2 WHO WAS PARKED.,Police,False,1/13/2023 2:49:00 PM,1/13/2023 2:49:00 PM,1/13/2023 3:00:00 PM,1/13/2023 3:30:00 PM,,,ALEXANDER; GATSBY L.,P0032,KINNEY; WILLIAM S.,S0369,False,,,Straight Level,Dry,Concrete,0,0,41,False,False,False,False,False,False,False,False,False,False,False,False,False,False,False,False,False
	235000464,20233006565,Property Damage Only,,,False,False,False,False,False,False,False,	CIP00,1,1,Hamilton County,City,CINCINNATI,1/14/2023 1:03:00 AM,15000,39.124701,-84.540351,,,,WESTERN HILLS,Way,,,,,,,1700,House Number,,False,,False,Off ramp,Not Collision Between Two Vehicles in Transport,Clear,Dark - Lighted Roadway,False,False,False,False,,,UNIT #1 WAS TRAVELING EB ON WESTERN HILL VIADUCT TO WB ON WESTERN HILLS VIADUCT. UNIT #1 FAILED TO CONTROL THEIR MOTOR VEHICLE AND HIT A MEDIAN GUARDRAIL BARRIER AND THEN STRUCK A WALL. UNIT #1 WAS DRIVING UNDER THE INFLUENCE OF ALCOHOL.,Police,False,1/14/2023 1:03:00 AM,1/14/2023 1:10:00 AM,1/14/2023 1:16:00 AM,1/14/2023 2:10:00 AM,,40,MALLORY; ASHLEY B.,P0349,VOLLNER; GREGORY M.,S0906,False,,,Curve Level,Dry,Blacktop; Bituminous; Asphalt,0,0,60,False,False,True,False,False,False,False,False,False,False,False,False,False,False,False,False,False
	235000482,20233006566,Minor Injury Suspected,,,False,False,False,False,False,False,False,	CIP00,5,1,Hamilton County,City,CINCINNATI,1/14/2023 6:15:00 PM,15000,39.193469,-84.545792,,,,HAMILTON,Avenue,20.00,Feet,South,,,,5631,House Number,,False,,False,On Roadway,Rear-end,Clear,Dark - Lighted Roadway,False,False,False,False,,,UNIT #1 WAS TRAVELING NORTHBOUND AT 5631 HAMILTON AV. WHEN UNIT #1 FAILED TO ASSURE CLEAR DISTANCE STRIKING UNIT #2 CAUSING UNIT #2 TO GO LEFT OF CENTER AND STRUCK UNIT #3 IN THE REAR AND ALSO CAUSED UNIT #5 TO STRIKE UNIT #2 IN THE FRONT. UNIT #3  DIVERTED ITS PATH AND STRUCK UNIT #4.,Police,False,1/14/2023 6:29:00 PM,1/14/2023 6:21:00 PM,1/14/2023 6:25:00 PM,1/14/2023 7:40:00 PM,,45,MARTIN; WENDELYN R.,P0543,KINNEY; WILLIAM S.,S0369,False,,,Straight Grade,Dry,Blacktop; Bituminous; Asphalt,0,0,79,False,False,False,False,False,False,False,False,False,True,True,True,False,False,False,False,False
	235000467,20233006567,Property Damage Only,,,False,False,False,False,False,False,False,	CIP00,1,1,Hamilton County,City,CINCINNATI,1/14/2023 3:53:00 AM,15000,39.109891,-84.566811,,,,WARSAW,Avenue,,,,,,,3431,House Number,,True,4,False,On Roadside,Not Collision Between Two Vehicles in Transport,Clear,Dark - Lighted Roadway,False,False,False,False,,,UNIT #1 WAS TRAVELING WESTBOUND ON WARSAW AV WHEN IT FAILED TO MAINTAIN REASONABLE CONTROL RAN OFF ROAD LEFT AND STRUCK A UTILITY POLE #L6-586E CAUSING AN AUTO ACCIDENT.,Police,False,1/14/2023 3:53:00 AM,1/14/2023 4:01:00 AM,1/14/2023 4:01:00 AM,1/14/2023 4:41:00 AM,,,BURROUGHS; JEREMY S.,P0573,ZUCKER; DENNIS M.,S0450,False,,,Straight Level,Dry,Concrete,0,0,40,False,False,True,False,False,False,False,False,False,False,False,False,False,False,False,False,False
	23-03084,20233006568,Property Damage Only,,,False,False,False,True,True,False,False,	07624,2,2,Stark County,Township,Jackson (Township of),1/14/2023 3:34:00 PM,38094,40.900000,-81.446000,,,,SHUFFEL,Street,,,,,,,PORT JACKSON,Intersection,Avenue,True,3,False,On Roadway,Angle,Clear,Daylight,False,False,False,False,,,UNIT ONE WAS TRAVELING EASTBOUND ON SHUFFEL ST NW; APPROACHING PORT JACKSON AVE NW. UNIT TWO WAS STOPPED SOUTHBOUND ON PORT JACKSON AVE AT THE INTERSECTION OF SHUFFEL ST. UNIT TWO FAILED TO YIELD TO UNIT ONE WHEN ATTEMPTING TO TURN LEFT ON SHUFFEL ST AND STRUCK UNIT ONE WHILE UNIT ONE WAS TURNING LEFT ONTO PORT JACKSON AVE.    JA,Police,False,1/14/2023 3:34:00 PM,1/14/2023 3:36:00 PM,1/14/2023 3:37:00 PM,1/14/2023 4:00:00 PM,10,34,GRIMMETT; WILLIAM W,92,JOHNSON; STEVEN S,22,False,,,Straight Grade,Dry,Blacktop; Bituminous; Asphalt,0,0,34,False,False,False,False,False,False,False,False,False,True,True,False,False,False,False,False,False
	2023-00002468,20233006569,Property Damage Only,,,False,False,False,False,False,False,False,	02506,2,1,Franklin County,City,Grove City,1/16/2023 1:57:00 PM,32592,39.900011,-83.079036,Federal US Route,62,,,,150.00,Feet,East,,,, 3135 Broadway,House Number,,False,,False,On Roadway,Angle,Clear,Daylight,False,False,False,False,,,Unit 1 was traveling southbound on U.S. 62 near 3135 Broadway in the center turn lane. Unit 2 was traveling southbound on U.S. 62 in the right straight thru lane near 3135 Broadway. Unit 1 attempted to turn westbound into 3135 Broadway when the front right of Unit 1 struck Unit 2s front left. ,Police,False,1/16/2023 1:57:00 PM,1/16/2023 2:02:00 PM,1/16/2023 2:35:00 PM,1/16/2023 4:02:00 PM,0,0,2210 - Watt; Benjamin,2210,1633 - Smith; Joshua,1633,False,,,Straight Grade,Dry,Blacktop; Bituminous; Asphalt,0,0,120,False,False,False,False,False,False,False,False,False,False,True,False,False,True,False,False,False
	235000448,20233006570,Property Damage Only,Unsolved,,False,False,False,False,False,False,False,	CIP00,2,1,Hamilton County,City,CINCINNATI,1/13/2023 6:00:00 PM,15000,39.215371,-84.462683,,,,ANTHONY WAYNE,Avenue,,,,,,,8404,House Number,,False,,False,On Roadway,Not Collision Between Two Vehicles in Transport,Rain,Dark - Roadway Not Lighted,False,False,False,False,,,UNIT 2 WAS LEGALLY PARKED AND UNNOCCUPIED AT 8404 ANTHONY WAYNE AV. OWNER STATED SHE HEARD A LOUD NOISE AND SAW A SILVER SUV HAD STRUCK HER VEHICLE. WHEN SHE WALKED OUTSIDE TO SPEAK TO THE DRIVER; THEY HAD FLED IN AN UNKNOWN DIRECTION.,Police,False,1/13/2023 6:00:00 PM,1/13/2023 6:24:00 PM,1/13/2023 6:28:00 PM,1/13/2023 7:00:00 PM,,,MEECE; CASEY M.,P0551,MAYHAMS; HANNIBAL T.,S0891,False,,,Straight Level,Wet,Blacktop; Bituminous; Asphalt,0,0,36,False,False,False,False,False,False,False,False,False,False,False,False,False,False,False,False,False
	235000449,20233006571,Property Damage Only,,,False,False,False,False,False,False,False,	CIP00,2,1,Hamilton County,City,CINCINNATI,1/13/2023 5:12:00 PM,15000,39.199751,-84.473654,,,,ANTHONY WAYNE,Avenue,,,,,,,7710,House Number,,False,,False,On Roadway,Angle,Snow,Dawn/Dusk,False,False,False,False,,,UNITS 1 AND 2 WERE TRAVELING SOUTH ALONG ANTHONY WAYNE AV. UNIT 2 THEN CAME TO A STOP TO TURN LEFT INTO A PRIVATE DRIVER. UNIT 1 THEN IMPROPERLY PASSED UNIT 2 IN VIOLATION OF MARKED LANES CAUSING UNIT 2 TO STRIKE UNIT 1.,Police,False,1/13/2023 7:36:04 PM,1/13/2023 5:29:00 PM,1/13/2023 5:41:00 PM,1/13/2023 6:24:00 PM,,,MEECE; CASEY M.,P0551,MAYHAMS; HANNIBAL T.,S0891,False,,,Straight Level,Wet,Blacktop; Bituminous; Asphalt,0,0,55,False,False,False,False,False,False,False,False,False,True,False,False,False,False,False,True,False
	20230000000347,20233006572,Property Damage Only,,,False,False,False,False,False,False,False,	02210,2,1,Erie County,Township,PERKINS (TOWNSHIP OF),1/17/2023 9:31:16 AM,61714,41.432876,-82.715074,,,West,PERKINS,Avenue,30.00,Feet,South,State Route,4,,,Intersection,,True,4,False,On Roadway,Sideswipe; same direction,Clear,Daylight,False,False,False,False,,,Unit #2 was northbound on SR 4; stationary at the West Perkins Avenue traffic light; in the right lane.  Unit #1 improperly passed Unit #2 and sideswiped Unit #2 on the driver's side.,Police,False,1/17/2023 9:31:16 AM,1/17/2023 9:37:23 AM,1/17/2023 9:41:07 AM,1/17/2023 10:04:30 AM,30,0,MCDERMOTT; STEPHANIE LYNN,P716,MCDERMOTT; STEPHANIE LYNN,P716,False,,,Straight Level,Wet,Blacktop; Bituminous; Asphalt,0,0,57,False,False,False,False,False,False,False,False,False,False,False,False,False,True,False,False,False
	2023-00004567,20233006573,Property Damage Only,,,False,False,False,False,False,False,False,	07701,2,2,Summit County,City,Akron,1/12/2023 3:04:00 PM,1000,41.044047,-81.527198,,,South,MAIN,Street,,,,,,East, BROOKSIDE,Intersection,Avenue,True,4,False,On Roadway,Angle,Cloudy,Daylight,False,False,False,False,,,Unit 1 was traveling southbound on S Main St at Brookside Ave. Unit 2 was stopped at the stop sign eastbound W Brookside Ave at S Main St.  Unit 2 failed to yield and pulled out in front of unit 1 causing unit 1 to strike unit 2. ,Police,False,1/12/2023 3:04:00 PM,1/12/2023 3:13:00 PM,1/12/2023 3:19:00 PM,1/12/2023 3:59:00 PM,40,40,1284 - Jaskolka; Janusz,1284,1125 - Hentosz; James,1125,False,,,Straight Grade,Wet,Blacktop; Bituminous; Asphalt,0,0,86,False,False,False,False,False,False,False,False,False,True,True,False,False,False,False,False,False
	2023-00000849,20233006574,Property Damage Only,,,False,False,False,True,False,False,False,	07712,2,2,Summit County,City,Stow,1/13/2023 1:33:00 PM,74944,41.156018,-81.405290,,,,KENT,Road,,,,,,, 4301,House Number,,True,4,True,On Roadway,Angle,Rain,Daylight,False,False,False,False,,,Unit 1 was southbound exiting the plaza at 4301 Kent Road to turn East onto Kent Road. Unit 1 reports they had a green arrow indicating they could turn left. Unit 2 was westbound on Kent Road and proceeded through the same intersection striking the front of Unit 2. Unit 1 driver and a witness both reported that Unit 2 proceeded through the intersection on a red light.,Police,False,1/13/2023 1:33:00 PM,1/13/2023 1:34:00 PM,1/13/2023 1:41:00 PM,1/13/2023 2:27:00 PM,0,0,133 - MYERS; PATRICK,133,106 - DRUMMOND; DANIEL,106,False,,,Straight Level,Wet,Blacktop; Bituminous; Asphalt,0,0,53,False,False,False,False,False,False,False,False,False,False,True,False,False,True,False,True,True
	2300019,20233006575,Property Damage Only,,CANNON ROCKSIDE,False,True,False,False,False,False,False,	01804,2,2,Cuyahoga County,City,BEDFORD HEIGHTS,1/17/2023 10:09:00 AM,4920,41.409488,-81.498946,,,,CANNON RD,Road,,,,,,,ROCKSIDE RD,Intersection,Road,True,3,False,On Roadway,Rear-end,Rain,Daylight,False,False,False,False,,,Unit 1 was stopped for the red light in the left lane on Cannon Rd. westbound at the Rockside Rd. intersection.  Unit 2 was directly behind Unit 1. r nUnit 2 took his foot off the brake and traveled forward striking the rear of Unit 1 causing minor damage.  Photos were taken of the scene and damage to both vehicles.,Police,False,1/17/2023 10:09:02 AM,1/17/2023 10:10:38 AM,1/17/2023 10:16:20 AM,1/17/2023 10:42:29 AM,0,0,M. CATINO,0050,D. SANDOVAL,0054,False,,,Straight Level,Wet,Blacktop; Bituminous; Asphalt,0,0,32,False,False,False,False,False,False,False,False,False,False,False,False,False,False,False,False,False
	2023-00004587,20233006576,Property Damage Only,Unsolved,,False,False,False,False,False,False,False,	07701,5,5,Summit County,City,Akron,1/12/2023 3:56:00 PM,1000,41.025825,-81.533032,,,,I 277,Highway,,,,,,,I 277 E TO S MAIN,Intersection,Street,False,,False,On Roadway,Rear-end,Rain,Dawn/Dusk,False,False,False,False,,,The listed units were traveling eastbound on I 277/224 at S Main St in lane 3. Unit 2 and 3 were stopped in traffic and unit 4 was slowing down to a stop when unit 5 rear-ended unit 4. The impact forced unit 4 into unit 3 and then unit 3 into unit 2 and unit 2 into unit 1. Unit 1 left the scene prior to my arrival. Driver of unit 1 told driver of unit 2 that he did not have any damage and left.,Police,False,1/12/2023 3:56:00 PM,1/12/2023 3:58:00 PM,1/12/2023 4:08:00 PM,1/12/2023 5:00:00 PM,60,60,1284 - Jaskolka; Janusz,1284,1125 - Hentosz; James,1125,True,East,Divided Flush Median (4 feet and greater),Straight Level,Wet,Blacktop; Bituminous; Asphalt,0,0,122,False,False,False,False,False,False,False,False,False,True,False,False,False,True,False,False,False
	235000477,20233006577,Property Damage Only,,,False,False,False,False,False,False,False,	CIP00,1,1,Hamilton County,City,CINCINNATI,1/14/2023 2:03:00 PM,15000,39.162691,-84.576142,Interstate Route (Turnpike is also IR),74,,,,,,,,,,16.9,Mile Post,Milepost,False,,False,Outside Trafficway,Not Collision Between Two Vehicles in Transport,Clear,Daylight,False,False,False,False,,,Unit 1; traveling E/B on I74 had a blown tire; left the road to the right and struck the guardrail.,Police,False,1/14/2023 2:08:00 PM,1/14/2023 2:15:00 PM,1/14/2023 2:28:00 PM,1/14/2023 2:56:00 PM,,,GREENE; JASON B.,P0035,FILLMORE; TYTUS W.,S0069,True,East,Divided; Raised Median (Any type),Straight Level,Dry,Blacktop; Bituminous; Asphalt,0,0,41,False,False,False,False,False,False,False,False,False,False,True,True,False,False,False,False,False
	235000480,20233006578,Property Damage Only,,,False,False,False,False,False,False,False,	CIP00,2,1,Hamilton County,City,CINCINNATI,1/14/2023 5:45:00 PM,15000,39.114424,-84.580924,,,,GLENWAY AV,Avenue,,,,,,,4034,House Number,,True,3,False,On Roadway,Angle,Clear,Dawn/Dusk,False,False,False,False,,,UNIT #1 WAS TRAVELING EB ON GLENWAY AVE.; UNIT #2 WAS TRAVELING WB ON GLENWAY AVE. UNIT #1 MADE AN IMPROPER CHANGE OF COURSE STRIKING WHEN TURNING ON GILSEY AVE. STRIKING UNIT #2.,Police,False,1/14/2023 6:06:00 PM,1/14/2023 6:10:00 PM,1/14/2023 6:25:00 PM,1/14/2023 7:26:45 PM,0,0,SMITH; PAIGE A.,P0516,VOLLNER; GREGORY M.,S0906,False,,,Straight Grade,Dry,Blacktop; Bituminous; Asphalt,0,0,77,False,False,False,False,False,False,True,False,False,False,True,False,False,False,False,False,False
	235000483,20233006579,Property Damage Only,Unsolved,,False,False,False,False,False,False,False,	CIP00,2,1,Hamilton County,City,CINCINNATI,1/14/2023 9:18:00 PM,15000,39.102721,-84.564131,,,,CONSIDINE,Avenue,,,,,,,561,House Number,,False,,False,On Roadway,Not Collision Between Two Vehicles in Transport,Clear,Other/Unknown,False,False,False,False,,,UNIT #1; TRAVELING IN AN UNKNOWN DIRECTION ON CONSIDINE AV STRUCK UNIT #2 THAT WAS PARKED IN FRONT OF 561 CONSIDINE AV. UNIT #1 THEN LEFT WITHOUT STOPPING TO REPORT THE ACCIDENT.,Police,False,1/14/2023 9:18:00 PM,1/14/2023 9:18:00 PM,1/14/2023 9:40:00 PM,1/14/2023 9:50:00 PM,,,ROETTING; MICHAEL P.,P0210,ZUCKER; DENNIS M.,S0450,False,,,Straight Level,Dry,Blacktop; Bituminous; Asphalt,0,0,32,False,False,False,False,False,False,False,False,False,False,False,False,False,False,False,False,False
	2023000082,20233006580,Injury Possible,,,False,True,False,True,False,False,False,	04300,2,1,Lake County,Township,PAINESVILLE,1/16/2023 1:43:00 PM,59430,41.726198,-81.196598,,,,PARK,Road,,,,,,,MADISON,Intersection,Avenue,True,4,False,On Roadway,Angle,Clear,Daylight,False,False,False,False,,,Investigation revealed unit 2 was traveling east on Madison Ave approaching Park Road.  Unit 1 was traveling south on Park Road.  Unit 1 stopped at the posted stop sign and then proceeded forwards.  In doing so; Unit 1 failed to yield to unit 2 and struck unit 2 in the drivers side door.  Both vehicles sustained minor damage and were drive away from the scene.  Unit 2 operator complained of some hip pain; but refused treatment.,Police,False,1/16/2023 1:43:00 PM,1/16/2023 1:44:00 PM,1/16/2023 1:50:00 PM,1/16/2023 2:21:00 PM,0,0,RAICO; KEVIN,990060,RAICO; KEVIN,990060,False,,,Straight Level,Dry,Blacktop; Bituminous; Asphalt,0,0,37,False,False,False,False,False,False,False,False,False,False,False,False,False,True,False,False,False
	235000326,20233006581,Property Damage Only,,,False,False,False,False,False,False,False,	CIP00,2,1,Hamilton County,City,CINCINNATI,1/10/2023 8:45:00 PM,15000,39.127279,-84.511622,,,,VINE,Street,,,,,,,2496,House Number,,True,4,False,On Roadway,Rear-end,Clear,Dark - Lighted Roadway,False,False,False,False,,,UNIT 1 TRAVELING NORTHBOUND ON VINE ST; FAILED TO ASSURE CLEAR DISTANCE; STRIKING UNIT 2 WHO WAS STOPPED IN TRAFFIC.,Police,False,1/10/2023 10:01:51 PM,1/10/2023 10:01:53 PM,1/10/2023 10:01:54 PM,1/10/2023 10:01:55 PM,,,HUGHES; JACOB R.,P0418,VAN DYNE; JOHN M.,S0796,False,,,Straight Level,Dry,Blacktop; Bituminous; Asphalt,0,0,0,False,False,False,False,False,False,False,False,False,False,True,False,False,False,False,False,False
	235000485,20233006582,Property Damage Only,,,False,False,False,False,False,False,False,	CIP00,1,1,Hamilton County,City,CINCINNATI,1/14/2023 8:58:00 PM,15000,39.109053,-84.554413,,,,GLENWAY,Avenue,,,,,,,2520,House Number,,False,,False,On Roadway,Not Collision Between Two Vehicles in Transport,Clear,Dark - Lighted Roadway,False,False,False,False,,,UNIT #1 WAS TRAVELING NORTHBOUND ON GLENWAY AVE. WHEN UNIT #1 FAILED MAINTAIN A REASONABLE CONTROL AND STRUCK A LIGHT POLE AND FLIPPED HER VEHICLE.   UNIT #1 WAS PLACED UNDER ARREST FOR AN OVI.,Police,False,1/14/2023 8:58:00 PM,1/14/2023 8:59:00 PM,1/14/2023 9:04:00 PM,1/14/2023 11:49:57 PM,30,30,SMITH; PAIGE A.,P0516,ZUCKER; DENNIS M.,S0450,False,,,Straight Level,Dry,Blacktop; Bituminous; Asphalt,0,0,201,False,False,True,False,False,False,False,False,False,False,False,False,False,False,False,False,False