LocalReportNumber,DocumentNumber,CrashSeverity,HitSkip,LocalInformation,SecondaryCrash,PhotosTaken,OH2,OH3,OH1P,OHOther,PrivateProperty,ReportingAgencyNCIC,NumberOfUnits,UnitInError,County,InCityVillageTownship,CityVillageTownshipName,CrashDateTime,FIPSPlaceCode,Latitude,Longitude,LocationRouteType,LocationRouteNumber,LocationPrefix,LocationRoadName,LocationRoadType,DistanceFromReference,DistanceReferenceMeasurement,DirectionFromReference,ReferenceRouteType,ReferenceRouteNumber,ReferencePrefix,ReferenceName,ReferencePointUsed,ReferenceRoadType,IntersectionOrApproachRelated,NumberOfApproaches,WithinInterchangeArea,LocationFirstHarmfulEvent,MannerOfCollision,Weather,LightCondition,ActiveSchoolZoneRelated,WorkZoneRelated,WorkersPresent,LawEnforcementPresentInWorkZone,WorkZoneType,WorkZoneLocation,Narrative,ReportTakenBy,Supplement,CrashReportedDateTime,DispatchedDateTime,ArrivedDateTime,SceneClearedDateTime,OtherInvestigationTime,TotalTimeRoadwayClosed,OfficerName,OfficerBadgeNumber,CheckedByOfficerName,CheckedByBadgeNumber,RoadwayDivided,DividedLaneTravelDirection,DividedMedianType,RoadContour,RoadCondition,RoadSurface,TotalInjured,TotalKilled,TotalMinutes,AnimalRelated,AnimalDeerRelated,AlcoholRelated,DrugRelated,BicycleRelated,MotorCycleRelated,SpeedRelated,PedestrianRelated,SemiTruckRelated,SmallTruckRelated,YouthRelated,TeenRelated,DUI21Related,SeniorRelated,FatalNotReportable,CommercialRelated,CommercialAtFault
	202300311,20233006583,Property Damage Only,,Tanagerwoods,False,True,False,False,False,False,False,	03123,2,1,Hamilton County,City,Montgomery,1/15/2023 6:12:00 AM,51716,39.260640,-84.316060,,,,Tanagerwoods,Drive,10.00,Feet,North,,,,8761,House Number,,False,,False,On Roadway,Rear-end,Clear,Dark - Roadway Not Lighted,False,False,False,False,,,Unit 1 was traveling north on Tanagerwoods near 8761 when Unit 1 failed to assure clear distance causing Unit 1 to strike Unit 2; a parked car.,Police,False,1/15/2023 6:12:00 AM,1/15/2023 6:15:00 AM,1/15/2023 6:23:00 AM,1/15/2023 6:56:00 AM,15,,Rasheed Kassem,4nrkas,Greg Harris,4nghar,False,,,Straight Level,Dry,Blacktop; Bituminous; Asphalt,0,0,56,False,False,False,False,False,False,False,False,False,True,False,False,False,False,False,False,False
	202300313,20233006584,Property Damage Only,,NB MONTGOMERY,False,True,False,True,False,False,False,	03123,2,1,Hamilton County,City,Montgomery,1/15/2023 3:06:00 PM,51716,39.224448,-84.355718,Federal US Route,22,North,Montgomery,Road,100.00,Feet,West,,,,9280,House Number,,False,,False,On Roadway,Sideswipe; same direction,Clear,Daylight,False,False,False,False,,,Unit 1 and 2 were traveling north on Montgomery Road.  Unit 1 was in the right lane and Unit 2 was in the left lane.  Unit 1 changed lanes and struck Unit 2.,Police,False,1/15/2023 3:06:00 PM,1/15/2023 3:10:00 PM,1/15/2023 3:20:00 PM,1/15/2023 3:46:00 PM,40,,Alexis Guilkey,4nagui,Greg Harris,4nghar,False,,,Straight Grade,Dry,Blacktop; Bituminous; Asphalt,0,0,76,False,False,False,False,False,False,True,False,False,False,False,False,False,True,False,False,False
	202300337,20233006585,Property Damage Only,,Ramp 71N to 275W,False,True,False,False,False,False,False,	03123,1,1,Hamilton County,City,Montgomery,1/17/2023 12:18:00 AM,51716,39.269264,-84.350570,Interstate Route (Turnpike is also IR),71,,,,,,,,,,17.4,Mile Post,Milepost,False,,False,Outside Trafficway,Not Collision Between Two Vehicles in Transport,Rain,Dark - Roadway Not Lighted,False,False,False,False,,,Unit 1 was negotiating the curve on the ramp from IR71 NB to IR275 WB when the driver ran off the right side of the road and into trees that lined the exit ramp.,Police,False,1/17/2023 12:18:00 AM,1/17/2023 12:20:00 AM,1/17/2023 12:25:00 AM,1/17/2023 12:57:00 AM,120,,Rich Riley,4nrril,Jeffrey Barger,4njbar,True,East,Divided; Raised Median (Any type),Curve Grade,Wet,Blacktop; Bituminous; Asphalt,0,0,157,False,False,False,False,False,False,False,False,False,True,False,False,False,False,False,False,False
	235000495,20233006586,Property Damage Only,,,False,False,False,False,False,False,False,	CIP00,2,1,Hamilton County,City,CINCINNATI,1/15/2023 4:12:00 AM,15000,39.143961,-84.575011,,,,MCHENRY,Avenue,,,,,,,3192,House Number,,False,,False,On Roadway,Not Collision Between Two Vehicles in Transport,Clear,Dark - Lighted Roadway,False,False,False,False,,,UNIT #1; TRAVELING NORTH ON MCHENRY AV; FAILED TO MAINTAIN REASONABLE CONTROL AND STRUCK UNIT #2 THAT WAS PARKED IN FRONT OF 3192 MCHENRY AV.,Police,False,1/15/2023 4:12:00 AM,1/15/2023 4:12:00 AM,1/15/2023 4:20:00 AM,1/15/2023 4:48:00 AM,,,ROETTING; MICHAEL P.,P0210,ZUCKER; DENNIS M.,S0450,False,,,Curve Level,Dry,Blacktop; Bituminous; Asphalt,0,0,36,False,False,False,False,False,False,True,False,False,False,False,False,False,False,False,False,False
	235000492,20233006587,Property Damage Only,,,False,False,False,False,False,False,False,	CIP00,2,1,Hamilton County,City,CINCINNATI,1/15/2023 3:30:00 AM,15000,39.145976,-84.494121,,,,FOREST,Avenue,,,,,,,650,House Number,,False,,False,On Roadway,Not Collision Between Two Vehicles in Transport,Clear,Dark - Unknown Roadway Lighting,False,False,False,False,,,UNIT 1 TRAVELING WESTBOUND ON FOREST AVE; FAILED TO MAINTAIN LANES STRIKING UNIT 2; WHO WAS PARKED OUTSIDE 650 FOREST AVE.  DRIVER OF UNIT 1 WAS UNDER THE INFLUENCE OF ALCOHOL.,Police,False,1/15/2023 3:30:00 AM,1/15/2023 3:40:00 AM,1/15/2023 3:50:00 AM,1/15/2023 4:00:00 AM,,,HUGHES; JACOB R.,P0418,KREIDER; CASEY J.,S0418,False,,,Straight Level,Dry,Blacktop; Bituminous; Asphalt,0,0,20,False,False,True,False,False,False,False,False,False,False,False,False,False,False,False,False,False
	202300207,20233006588,Property Damage Only,,MONT ROUNDABOUT,False,False,False,True,False,False,False,	03123,2,1,Hamilton County,City,Montgomery,1/10/2023 4:02:00 PM,51716,39.223854,-84.356299,Federal US Route,22,South,Montgomery,Road,20.00,Feet,East,State Route,126,West,SR126,Intersection,Highway,False,,False,On Roadway,Angle,Clear,Daylight,False,False,False,False,,,Unit 1 was traveling south on Montgomery Road.  Unit 2 was north on Montgomery Road in the roundabout attempting to exit onto SR126.  Unit 1 failed to yield the right of way; entered the roundabout; and struck Unit 2.,Police,False,1/10/2023 4:02:00 PM,1/10/2023 4:04:00 PM,1/10/2023 4:14:00 PM,1/10/2023 4:43:00 PM,,,Greg Harris,4nghar,Thomas Shreve,4ntshr,True,South,Divided; Raised Median (Any type),Curve Level,Dry,Blacktop; Bituminous; Asphalt,0,0,39,False,False,False,False,False,False,False,False,False,False,True,True,False,False,False,False,False
	2023-00004614,20233006590,Property Damage Only,,APD car 17,False,True,False,True,False,False,False,	07701,2,99,Summit County,City,Akron,1/12/2023 5:03:00 PM,1000,41.028927,-81.528746,,,West,WATERLOO,Road,,,,,,, 55,House Number,,False,,False,On Roadway,Angle,Rain,Dawn/Dusk,False,False,False,False,,,Unit 1 was leaving a parking lot northbound from 20 W Waterloo Rd; Sheetz gas station and was making a left (westbound) turn onto W Waterloo Rd.  Unit 2 was also leaving a parking lot southbound from 55 W Waterloo Rd; the Akron VA Clinic and was also making a left (eastbound) turn onto W Waterloo Rd.  Both units  exited parking lots and collided in the middle of the road. I was not able to determine which unit was in error.,Police,False,1/12/2023 5:03:00 PM,1/12/2023 5:03:00 PM,1/12/2023 5:03:00 PM,1/12/2023 6:00:00 PM,35,35,1284 - Jaskolka; Janusz,1284,1125 - Hentosz; James,1125,False,,,Straight Level,Wet,Blacktop; Bituminous; Asphalt,0,0,92,False,False,False,False,False,False,False,False,False,False,False,False,False,False,False,False,False
	202300015,20233006591,Property Damage Only,,,False,True,False,False,False,False,False,	03123,1,1,Hamilton County,City,Montgomery,1/1/2023 12:22:00 PM,51716,39.259700,-84.324160,,,,Grandstone La,Lane,50.00,Feet,South,,,,11261,House Number,,False,,False,Outside Trafficway,Not Collision Between Two Vehicles in Transport,Cloudy,Daylight,False,False,False,False,,,Unit #1 was traveling SB on Grandstone Ln. The driver of Unit #1 stated that she was entering her address into her GPS and crashed. Unit #1 drove left of center; then drove over a curb and struck a tree,Police,False,1/1/2023 12:22:00 PM,1/1/2023 12:24:00 PM,1/1/2023 12:35:00 PM,1/1/2023 12:52:00 PM,30,,Bob Otte,4nbott,Greg Harris,4nghar,False,,,Straight Level,Wet,Blacktop; Bituminous; Asphalt,0,0,58,False,False,False,False,False,False,False,False,False,False,True,True,False,False,False,False,False
	235000414,20233006592,Injury Possible,,,False,False,False,False,False,False,False,	CIP00,2,1,Hamilton County,City,CINCINNATI,1/13/2023 6:14:00 AM,15000,39.140921,-84.613268,,,,Glenmore,Avenue,,,,,,,3099,House Number,,True,4,False,On Roadway,Angle,Clear,Dark - Lighted Roadway,False,False,False,False,,,Unit 1 was westbound on Werk Rd and ran a red light striking unit 2 who was southbound Glenmore Ave. The collision caused unit 1 to strike a utility pole.,Police,False,1/13/2023 6:14:00 AM,1/13/2023 6:15:00 AM,1/13/2023 6:30:00 AM,1/13/2023 7:15:54 AM,,,FREEMAN; MIYKAEL J.,P0398,MAPEL; JACOB W.,S0074,False,,,Straight Level,Dry,Concrete,0,0,61,False,False,False,False,False,False,False,False,False,False,False,False,False,False,False,False,False
	235000457,20233006593,Property Damage Only,,,False,False,False,False,False,False,False,	CIP00,1,1,Hamilton County,City,CINCINNATI,1/13/2023 6:24:00 PM,15000,39.114588,-84.578408,,,,GLENWAY,Avenue,10.00,Yards,South,,,,3916,House Number,,False,,False,Outside Trafficway,Not Collision Between Two Vehicles in Transport,Snow,Dark - Lighted Roadway,False,False,False,False,,,UNIT 1 WAS TRAVELING EAST BOUND ON GLENWAY AV. UNIT 1 WAS UNABLE TO MAINTAIN CONTROL OF THEIR VEHICLE; GOING OFF THE ROADWAY; STRIKING A UTILITY POLE.  OFFICER LOCATED MULTIPLE OPEN CONTAINERS IN THE VEHICLE AND ATTEMPTED TO PUT THE DRIVER OF UNIT 1 THROUGH SFST'S. THE DRIVER WAS ONLY ABLE TO COMPLETE THE HORIZONTAL GAZE NYSTAGMUS PORTION OF THE TEST. FROM THAT TEST; THE OFFICER PICKED UP 6 TOTAL CLUES. WITH ALL THE INFORMATION THAT THE OFFICER HAD AT THAT TIME; OFFICER PLACED THE DRIVER UNDER ARRESTED FOR OVI. THE DRIVER WAS TRANSPORTED TO DISTRICT 3 WHERE HE SUBMITTED TO A CHEMICAL TEST. DRIVER OF UNIT 1 BLEW A .125/210 L OF ALCOHOL; WHICH IS ABOVE THE PER SE LEVEL.   UNIT 1 IS CONSIDERED THE AT FAULT VEHICLE FOR THIS REPORT. UNIT 1'S DRIVER WAS ARRESTED FOR 4511.19A1a - OVI; 4511.202 - FAILURE TO CONTROL; AND 4510.12 - NO DRIVERS LICENSE,Police,False,1/13/2023 6:24:00 PM,1/13/2023 6:24:00 PM,1/13/2023 6:39:00 PM,1/13/2023 7:00:00 PM,0,0,SALYERS; ANTHONY D.,P0258,ROACH; AARON D.,S0040,False,,,Straight Level,Snow,Blacktop; Bituminous; Asphalt,0,0,36,False,False,True,False,False,False,False,False,False,False,False,False,False,False,False,False,False
	2023000053,20233006594,Injury Possible,,,False,True,False,True,False,False,False,	04300,2,1,Lake County,Township,PAINESVILLE,1/11/2023 11:05:00 AM,59430,41.701426,-81.282062,,,,WEST JACKSON,Street,20.00,Feet,South,,,,1680 WEST JACKSON,House Number,,False,,False,On Roadway,Angle,Cloudy,Daylight,False,False,False,False,,,Accident investigation revealed Unit #1 travelling W/B on West Jackson. During this time; Unit #2 had been traveling E/B on West Jackson approaching Unit #1 location. Unit # 1 went left of center in the path of Unit #2 and struck the back rear passenger side door. This caused Unit #2 to leave the roadway and become immobilized in the front yard of 1657 West Jackson.  Unit # 1 continued W/B on this roadway and while coming to final rest in the driveway of 1680 West Jackson. No injuries had been reported while on scene and both vehicles had been towed from scene.,Police,False,1/11/2023 11:05:00 AM,1/11/2023 11:05:00 AM,1/11/2023 11:11:00 AM,1/11/2023 11:44:00 AM,0,20,PHILLIPS; MATTHEW,991026,SUSCHAK; MICHAEL,991058,False,,,Straight Level,Dry,Blacktop; Bituminous; Asphalt,0,0,39,False,False,False,False,False,False,False,False,False,False,False,False,False,False,False,False,False
	33230005680S1,20233006595,Property Damage Only,,,False,False,False,False,False,False,False,	02532,2,1,Franklin County,Township,FRANKLIN (TOWNSHIP OF),1/10/2023 10:56:00 AM,28280,39.937390,-83.041130,,,,RANSBURG,Avenue,24.00,Feet,North,,,,1696,House Number,,False,,False,Driveway/Alley access,Head-on,Clear,Daylight,False,False,False,False,,,Unit 1 rolled through the fence at 906 Harrisburg Pike; crossed over the alley; then struck another fence at 1696 Ransburg. Unit 1 then came to rest against a park car in the rear of 1696 Ransburg.,Police,False,1/10/2023 10:56:00 AM,1/10/2023 10:56:00 AM,1/10/2023 11:04:00 AM,1/10/2023 11:57:00 AM,,,TODD MOORE,S1,DAVE RATLIFF,L1,False,,,Straight Grade,Dry,Slag; Gravel; Stone,0,0,61,False,False,False,True,False,False,False,False,False,True,False,False,False,False,False,False,False
	33-230009721-5,20233006596,Property Damage Only,,FRANKLIN TOWNSHIP,False,False,False,False,False,False,False,	02532,2,1,Franklin County,Township,FRANKLIN (TOWNSHIP OF),1/17/2023 7:44:00 AM,28280,39.940110,-83.073770,,,,HAGUE,Avenue,47.00,Feet,North,,,,FISHER ,Intersection,Road,True,4,False,On Roadway,Head-on,Rain,Dawn/Dusk,False,False,False,False,,,UNIT 1 WAS S/B HAGUE AVE WHEN HE FAILD TO YEILD WHILE MAKING A LEFT TURN ONTO FISHER RD; PULLING IN FRONT OF UNIT 2 CAUSING UNIT 2 TO STRIKE UNIT 1.,Police,False,1/17/2023 7:44:00 AM,1/17/2023 7:45:00 AM,1/17/2023 7:55:00 AM,1/17/2023 8:00:00 AM,,,WENDELL JACKSON,5,DAVE RATLIFF,L1,False,,,Straight Level,Wet,Blacktop; Bituminous; Asphalt,0,0,15,False,False,False,False,False,False,False,False,False,False,True,True,False,False,False,False,False
	2023-00004642,20233006597,Property Damage Only,,,False,False,False,True,False,False,False,	07701,2,2,Summit County,City,Akron,1/12/2023 5:58:00 PM,1000,41.029319,-81.546876,Interstate Route (Turnpike is also IR),277,,,,,,,,,, Ley,Intersection,Drive,False,,False,On Roadway,Sideswipe; same direction,Rain,Dark - Lighted Roadway,False,False,False,False,,,Unit #1 was west on I277W in the center lane.  Unit #2 was west on I277W in the left lane.  Unit #2 drove into standing water and lost control.  Unit #2 went to the right and struck the left side of unit #1.  Unit #2 then went back to the left and struck the center concrete barrier.,Police,False,1/12/2023 5:58:00 PM,1/12/2023 6:04:00 PM,1/12/2023 6:35:00 PM,1/12/2023 6:54:00 PM,0,0,1150 - Mesko; Gregory,1150,1125 - Hentosz; James,1125,True,West,Divided; Raised Median (Any type),Straight Level,Wet,Blacktop; Bituminous; Asphalt,0,0,50,False,False,False,False,False,False,False,False,False,False,False,False,False,False,False,False,False
	2300019,20233006598,Injury Possible,,A4,False,False,False,False,False,False,False,	04311,3,1,Lake County,City,WICKLIFFE,1/16/2023 8:25:13 AM,85036,41.601585,-81.470217,State Route,84,,RIDGE RD,Road,,,,,,,GREEN RIDGE DR,Intersection,Drive,True,3,False,On Roadway,Angle,Clear,Daylight,False,False,False,False,,,Unit #1 was stopped at the stop sign on Greenridge Dr at SR84  (Ridge Rd). Unit #2 was traveling westbound on SR84 (Ridge Rd) at  Greenridge Dr. Unit#1 then began to make a left turn onto SR84  (Ridge Rd); failing to yield to Unit #2. Unit #1 struck Unit #2;  causing Unit #2 to veer into the eastbound lanes of SR84 (Ridge Rd) and strike Unit #3. r n      ,Police,False,1/16/2023 8:25:13 AM,1/16/2023 8:25:30 AM,1/16/2023 8:27:19 AM,1/16/2023 9:05:32 AM,60,0,KAITLYN  PEACOCK,0161,ROBERT KUHSE,0149,False,,,Straight Level,Dry,Blacktop; Bituminous; Asphalt,0,0,100,False,False,False,False,False,False,False,False,False,False,False,False,False,False,False,False,False
	2023-00004646,20233006601,Property Damage Only,,,False,False,False,False,False,False,False,	07701,2,1,Summit County,City,Akron,1/12/2023 6:16:00 PM,1000,41.062674,-81.577254,,,North,ODOM BLVD,Highway,40.00,Feet,East,,,, 1570,House Number,,False,,False,On Roadway,Rear-end,Rain,Dark - Lighted Roadway,False,False,False,False,,,Unit 2 was braking due to something in the road and Unit 1 did not slow down in time causing her to rear end Unit 2.,Police,False,1/12/2023 6:16:00 PM,1/12/2023 6:29:00 PM,1/12/2023 6:29:00 PM,1/12/2023 6:55:00 PM,25,25,1569 - Idov; Michael,1569,1427 - Hauser; Philip,1427,False,,,Straight Level,Wet,Concrete,0,0,51,False,False,False,False,False,False,False,False,False,False,False,False,False,True,False,False,False
	2023-00000870,20233006603,Property Damage Only,,,False,True,False,False,False,True,False,	07712,2,2,Summit County,City,Stow,1/13/2023 6:18:00 PM,74944,41.182203,-81.482134,State Route,8,,,,10.00,Feet,South,,,,STEELS CORNER,Intersection,Road,True,3,False,On Roadway,Rear-end,Snow,Dark - Lighted Roadway,False,False,False,False,,,Unit 1 was stopped in traffic on while traveling west on Steels Corners Rd.  at  SR 8. Unit 2 was traveling directly behind Unit 1. Unit 2 attempted to brake but began sliding on a patch of ice. Unit 2 struck Unit 1 in the rear.,Police,False,1/13/2023 6:18:00 PM,1/13/2023 6:20:00 PM,1/13/2023 6:21:00 PM,1/13/2023 6:51:00 PM,30,30,145 - GABEL; DYLAN,145,134 - CORFMAN; JACOB,134,False,,,Straight Level,Ice,Blacktop; Bituminous; Asphalt,0,0,61,False,False,False,False,False,False,False,False,False,False,True,False,False,False,False,False,False
	20230000000174,20233006604,Property Damage Only,,,False,True,False,False,False,False,False,	03902,1,98,Huron County,City,NORWALK,1/16/2023 11:37:12 AM,57302,41.245107,-82.635824,,,North,WEST,Street,30.00,Yards,South,,,North,90 WEST STREET,House Number,,False,,False,On Roadway,Not Collision Between Two Vehicles in Transport,Clear,Daylight,False,False,False,False,,,     Unit 1 was traveling southbound on N. West Street when it was struck by a deer.      Ptlm. Cotterill/193,Police,False,1/16/2023 11:37:12 AM,1/16/2023 11:38:15 AM,1/16/2023 11:42:50 AM,1/16/2023 11:54:15 AM,22,0,COTTERILL; CALEB HOWARD,N193,MONTANA; JAMES L,N934,False,,,Straight Level,Dry,Blacktop; Bituminous; Asphalt,0,0,38,True,True,False,False,False,False,False,False,False,False,False,False,False,True,False,False,False
	ZP2301000631,20233006605,Property Damage Only,,,False,True,False,False,False,False,False,	08314,2,1,Warren County,City,Springboro,1/13/2023 4:36:20 PM,74076,39.559191,-84.241545,State Route,73,West,Central ,Avenue,,,,,,,Royal,Intersection,Drive,True,4,False,On Roadway,Angle,Snow,Daylight,False,False,False,False,,,On 1/13/23 at approximately 1636 hours Unit #1 was traveling west on W Central Ave and when at the intersection of Royal Dr attempted to make a left turn to travel south on Royal Dr. In doing so; Unit #1 failed to yield the right of way when turning left and struck unit #2 which was traveling east on W Central Ave. Both units advised the light in the intersection was yellow at the time of the collision.  ,Police,False,1/13/2023 4:37:00 PM,1/13/2023 4:37:00 PM,1/13/2023 4:43:00 PM,1/13/2023 5:12:00 PM,60,,Treon; Kyle Z170,Z170,Turpin; Todd Z117,Z117,False,,,Straight Level,Wet,Blacktop; Bituminous; Asphalt,0,0,95,False,False,False,False,False,False,False,False,False,False,False,False,False,False,False,False,False
	2023-00002282,20233006606,Property Damage Only,,,False,True,False,True,False,False,False,	07700,2,2,Summit County,Township,Coventry (Township of),1/7/2023 11:35:00 AM,19036,41.025123,-81.504602,Interstate Route (Turnpike is also IR),277,,,,,,,,,,3.6,Mile Post,Milepost,False,,False,On Roadway,Rear-end,Cloudy,Daylight,False,False,False,False,,,Unit #1 was traveling on I-277E in the middle lane with one passenger. Unit #1 came to a stop on the freeway due to a accident in front of him. Unit #2 was traveling on I-277E when Unit #1 came to a complete stop in front of him. Unit #2 failed to have assured cleared distance striking the back end of Unit #1 vehicle. Unit #2 caused damage to both vehicles. ,Police,False,1/7/2023 11:35:00 AM,1/7/2023 11:41:00 AM,1/7/2023 11:53:00 AM,1/7/2023 12:21:00 PM,0,0,0881 - Young; Kayla,0881,1290 - Lowe; Michael,1290,True,East,Divided; Raised Median (Any type),Straight Level,Wet,Blacktop; Bituminous; Asphalt,0,0,40,False,False,False,False,False,False,False,False,False,True,True,False,False,False,False,True,False
	23GAH-1257-AC,20233006607,Minor Injury Suspected,,D3,False,True,False,False,False,False,False,	02504,1,1,Franklin County,City,Gahanna,1/17/2023 8:06:00 AM,29106,40.007571,-82.877704,Interstate Route (Turnpike is also IR),270,,IR 270 NB,Highway,,,,,,,36.81,Mile Post,Milepost,False,,False,On Roadside,Not Collision Between Two Vehicles in Transport,Cloudy,Daylight,False,False,False,False,,,Unit #1 was w/b on I270N. The driver was distracted by her cell phone. Unit #1 ran off the road to the right striking four guard rail supports. Unit #1 then struck the guard rail end.,Police,False,1/17/2023 8:06:00 AM,1/17/2023 8:10:00 AM,1/17/2023 8:11:00 AM,1/17/2023 8:48:00 AM,60,,ALLEN; JAMES ERIC,90,MILLENBAUGH; PATRICK J.,45,True,West,Divided; Raised Median (Any type),Straight Level,Wet,Blacktop; Bituminous; Asphalt,0,0,98,False,False,False,False,False,False,False,False,False,False,False,False,False,False,False,False,False
	235000476,20233006608,Injury Possible,Solved,,False,False,False,False,False,False,False,	CIP00,2,1,Hamilton County,City,CINCINNATI,1/15/2023 1:36:00 PM,15000,39.110228,-84.570576,,,,WARSAW,Avenue,,,,,,,3539,House Number,,True,4,False,On Roadway,Angle,Clear,Daylight,False,False,False,False,,,UNIT 1 WAS TRAVELING EAST ON WARSAW AV. NEAR MCPHERSON AV. WHILE UNIT 2 WAS TRAVELING SOUTH ON MCPHERSON AV. AT WARSAW AV. UNIT 2 HAD THE RIGHT OF WAY TRAVELING SOUTH. UNIT 1 RAN THE RED LIGHT ON WARSAW AV. AT MCPHERSON AV.; STRIKING UNIT 2. UNIT 1 DRIVER THEN FLED THE SCENE ON FOOT.,Police,False,1/15/2023 1:36:00 PM,1/15/2023 1:41:00 PM,1/15/2023 1:45:00 PM,1/15/2023 2:30:00 PM,,,HOFFBAUER; KATELYN M.,P0600,ROACH; AARON D.,S0040,False,,,Straight Level,Dry,Blacktop; Bituminous; Asphalt,0,0,49,False,False,False,False,False,False,False,False,False,False,True,False,False,False,False,False,False
	2300038,20233006609,Property Damage Only,Solved,,False,True,False,True,False,False,False,	04318,2,1,Lake County,Township,MADISON,1/16/2023 7:00:00 AM,46494,41.724092,-81.050486,State Route,528,South,MADISON,Road,,,,Numbered County Route,6,,FORD,Intersection,Road,True,4,False,On Roadway,Sideswipe; opposite direction,Clear,Dark - Unknown Roadway Lighting,False,False,False,False,,,Unit 1 was traveling N B on S Madison Rd. Unit 2 was traveling S B on S Madison Rd. Unit 1 crossed the center line and side swiped Unit 2. Unit 1 fled the scene. Unit 2 was unable to determine where the contact occurred on S Madison Rd.,Police,False,1/16/2023 7:02:40 AM,1/16/2023 7:04:57 AM,1/16/2023 7:17:43 AM,1/16/2023 7:38:14 AM,40,0,SHAWN  MCCLURE,MA55,MATTHEW J GOSNIK,MA41,False,,,Straight Level,Wet,Blacktop; Bituminous; Asphalt,0,0,73,False,False,False,False,False,False,False,False,False,False,False,False,False,False,False,False,False
	235000504,20233006610,Property Damage Only,,,False,False,False,False,False,False,False,	CIP00,2,1,Hamilton County,City,CINCINNATI,1/15/2023 2:45:00 PM,15000,39.128216,-84.505611,,,,WILLIAM HOWARD TAFT,Road,,,,,,,264,House Number,,True,3,False,On Roadway,Sideswipe; same direction,Clear,Daylight,False,False,False,False,,,Unit # 2 was traveling west bound on William Howard Taft Rd at the listed location in the curb lane. Unit # 1 was traveling in the same direction in the inside lane. Unit # 1 made an improper lane change and subsequently side swiped Unit # 2.,Police,False,1/15/2023 2:45:00 PM,1/15/2023 2:45:00 PM,1/15/2023 3:00:00 PM,1/15/2023 3:35:00 PM,0,0,BUCK; MIKHALE L.,P0317,EPPSTEIN; TIMOTHY M.,S0154,False,,,Straight Level,Dry,Concrete,0,0,50,False,False,False,False,False,False,False,False,False,False,True,False,False,False,False,False,False
	20230036,20233006612,Injury Possible,,,False,False,False,False,False,False,False,	01849,2,1,Cuyahoga County,City,SOLON,1/17/2023 7:30:00 AM,72928,41.403591,-81.463173,Federal US Route,422,,,,,,,,,,16.6,Mile Post,Milepost,False,,False,On Roadway,Rear-end,Cloudy,Daylight,False,False,False,False,,,Unit #1 was traveling northwest on US 422 W B in the left lane.  Unit #2 was ahead of unit #1 and stopped on US 422 W B at the 16.6mm due to an unreported motor vehicle accident ahead of unit #2.  Unit #1 struck the rear bumper of unit #2.,Police,False,1/17/2023 7:30:21 AM,1/17/2023 7:31:41 AM,1/17/2023 7:47:37 AM,1/17/2023 8:27:00 AM,45,62,NICHOLAS  KLINE,0797,PATRICK J PERHACS,0793,True,West,Divided; Depressed Median,Straight Level,Wet,Blacktop; Bituminous; Asphalt,0,0,100,False,False,False,False,False,False,False,False,False,False,False,False,False,False,False,False,False
	2023-70001094,20233006613,Minor Injury Suspected,,Powell East,False,True,False,False,False,False,False,	02105,1,1,Delaware County,City,Powell,1/16/2023 10:52:00 PM,64486,40.179338,-83.084208,,,,CARRIAGE VALLEY,Drive,,,,Numbered Township Route,122,, Rutherford ,Intersection,Road,True,4,False,Outside Trafficway,Not Collision Between Two Vehicles in Transport,Rain,Dark - Roadway Not Lighted,False,False,False,False,,,Unit 1 was turning from Rutherford Rd. north onto Carriage Valley Dr. when she ran off road and struck a tree.,Police,False,1/16/2023 10:52:00 PM,1/16/2023 10:53:00 PM,1/16/2023 10:56:00 PM,1/17/2023 1:52:00 AM,90,90,743 - Elliott; Jillian,743,719 - Lucas; Andy,719,False,,,Straight Level,Wet,Blacktop; Bituminous; Asphalt,0,0,269,False,False,True,False,False,False,True,False,False,False,False,False,False,False,False,False,False
	2023-00003161,20233006614,Property Damage Only,Unsolved,,False,True,True,False,False,False,False,	07700,1,1,Summit County,City,Green,1/10/2023 1:49:00 AM,31860,40.962669,-81.465460,Interstate Route (Turnpike is also IR),77,,,,150.00,Feet,North,,,, Massillon ,Intersection,Road,False,,False,On Roadway,Not Collision Between Two Vehicles in Transport,Clear,Dark - Roadway Not Lighted,False,False,False,False,,,Unit #1 was exiting interstate 77 south at Massillon Road. While exiting interstate 77 South; Unit #1 ran off the road to the left striking the exit sign. Unit #1 then continued on and struck the lodging sign. Unit #1 came to rest on the Interstate 77 South off ramp; at Massillon Road. Deputies patrolled the area for the driver but were unable to locate them.,Police,False,1/10/2023 1:49:00 AM,1/10/2023 1:52:00 AM,1/10/2023 1:57:00 AM,1/10/2023 2:01:00 AM,64,64,0940 - Matie; Cody,0940,1201 - Boyd; Christopher,1201,True,South,Divided; Raised Median (Any type),Straight Level,Dry,Blacktop; Bituminous; Asphalt,0,0,73,False,False,False,False,False,False,False,False,False,False,False,False,False,False,False,False,False
	235000507,20233006616,Property Damage Only,Unsolved,,False,False,False,False,False,False,False,	CIP00,2,1,Hamilton County,City,CINCINNATI,1/15/2023 5:52:00 PM,15000,39.136915,-84.496384,,,,READING,Road,,,,,,,3165,House Number,,True,4,False,On Roadway,Angle,Clear,Daylight,False,False,False,False,,,Unit #2 was traveling south bound on Reading Rd in the inside lane when Unit # 1 who was traveling east bound on Hickman Ave failed to stop at the red light and subsequently crashed into Unit #2. Unit # 1 fled the scene without exchanging information.,Police,False,1/15/2023 5:52:00 PM,1/15/2023 5:52:00 PM,1/15/2023 5:52:00 PM,1/15/2023 6:30:00 PM,0,0,BUCK; MIKHALE L.,P0317,EPPSTEIN; TIMOTHY M.,S0154,False,,,Straight Level,Dry,Concrete,0,0,38,False,False,False,False,False,False,False,False,False,False,False,False,False,False,False,False,False