LocalReportNumber,DocumentNumber,CrashSeverity,HitSkip,LocalInformation,SecondaryCrash,PhotosTaken,OH2,OH3,OH1P,OHOther,PrivateProperty,ReportingAgencyNCIC,NumberOfUnits,UnitInError,County,InCityVillageTownship,CityVillageTownshipName,CrashDateTime,FIPSPlaceCode,Latitude,Longitude,LocationRouteType,LocationRouteNumber,LocationPrefix,LocationRoadName,LocationRoadType,DistanceFromReference,DistanceReferenceMeasurement,DirectionFromReference,ReferenceRouteType,ReferenceRouteNumber,ReferencePrefix,ReferenceName,ReferencePointUsed,ReferenceRoadType,IntersectionOrApproachRelated,NumberOfApproaches,WithinInterchangeArea,LocationFirstHarmfulEvent,MannerOfCollision,Weather,LightCondition,ActiveSchoolZoneRelated,WorkZoneRelated,WorkersPresent,LawEnforcementPresentInWorkZone,WorkZoneType,WorkZoneLocation,Narrative,ReportTakenBy,Supplement,CrashReportedDateTime,DispatchedDateTime,ArrivedDateTime,SceneClearedDateTime,OtherInvestigationTime,TotalTimeRoadwayClosed,OfficerName,OfficerBadgeNumber,CheckedByOfficerName,CheckedByBadgeNumber,RoadwayDivided,DividedLaneTravelDirection,DividedMedianType,RoadContour,RoadCondition,RoadSurface,TotalInjured,TotalKilled,TotalMinutes,AnimalRelated,AnimalDeerRelated,AlcoholRelated,DrugRelated,BicycleRelated,MotorCycleRelated,SpeedRelated,PedestrianRelated,SemiTruckRelated,SmallTruckRelated,YouthRelated,TeenRelated,DUI21Related,SeniorRelated,FatalNotReportable,CommercialRelated,CommercialAtFault
	202300340,20233006722,Property Damage Only,,4N2,False,True,False,True,False,False,False,	03123,2,1,Hamilton County,City,Montgomery,1/17/2023 7:26:00 AM,51716,39.254548,-84.363663,Interstate Route (Turnpike is also IR),71,,,Highway,,,,,,,16.2,Mile Post,Milepost,False,,False,On Roadway,Rear-end,Cloudy,Daylight,False,False,False,False,,,Unit #1 and Unit #2 were traveling southbound on I-71 near the 16.2 mile post. Unit #2 slowed down for traffic. Unit #1 failed to keep an assured clear distance ahead and struck Unit #2 in the rear.,Police,False,1/17/2023 7:26:00 AM,1/17/2023 7:29:00 AM,1/17/2023 7:46:00 AM,1/17/2023 8:20:00 AM,,,Andre Jones,4najon,Kevin Gruber,4nkgru,True,South,Divided; Raised Median (Any type),Straight Level,Wet,Blacktop; Bituminous; Asphalt,0,0,51,False,False,False,False,False,False,False,False,False,False,False,False,False,False,False,False,False
	23PI00642,20233006723,Property Damage Only,,,False,True,False,False,False,False,False,	05502,1,1,Miami County,City,PIQUA,1/13/2023 5:01:00 PM,62848,40.138740,-84.236990,,,,GARNSEY,Street,100.00,Yards,East,Numbered County Route,25A,South,MAIN,Intersection,Street,False,,False,On Roadway,Not Collision Between Two Vehicles in Transport,Snow,Dawn/Dusk,False,False,False,False,,,Unit #1 was traveling westbound on Garnsey St over a bridge.  Unit #1 lost control on the icy road surface and struck a retaining wall on the bridge; causing damage to the front right bumper of the vehicle.  ,Police,False,1/13/2023 5:01:00 PM,1/13/2023 5:02:00 PM,1/13/2023 5:12:00 PM,1/13/2023 6:00:00 PM,20,0,MIKE CASEY,205,WEBER JEREMY,214,False,,,Straight Grade,Ice,Concrete,0,0,78,False,False,False,False,False,False,True,False,False,True,False,False,False,False,False,False,False
	2023-00004852,20233006724,Injury Possible,,,False,False,False,True,False,False,False,	07701,2,1,Summit County,City,Akron,1/13/2023 10:25:00 AM,1000,41.113820,-81.578730,,,West,MARKET,Street,,,,,,, Pershing,Intersection,Drive,True,4,False,On Roadway,Rear-end,Cloudy,Daylight,False,False,False,False,,,Unit# 2 was slowing/stopping in traffic while traveling e/b on W. Market in the left lane. Unit# 1 was traveling e/b on W. Market in the left lane behind Unit# 2. Unit# 1 was unable to stop in assured clear distance and struck Unit# 2 in the rear end.,Police,False,1/13/2023 10:27:00 AM,1/13/2023 10:29:00 AM,1/13/2023 10:46:00 AM,1/13/2023 12:00:00 PM,0,0,938 - Ivey; Gary,938,1125 - Hentosz; James,1125,False,,,Straight Level,Wet,Blacktop; Bituminous; Asphalt,0,0,91,False,False,False,False,False,False,False,False,False,False,False,False,False,False,False,False,False
	230091,20233006725,Minor Injury Suspected,,PRASSE S BELVOIR,False,True,True,False,False,False,False,	01850,2,2,Cuyahoga County,City,South Euclid (Bluestone),1/16/2023 2:02:55 PM,73264,41.524806,-81.527618,,,South,S BELVOIR BLVD,Boulevard,,,,,,,ARDMORE RD,Intersection,Road,False,,False,On Roadway,Angle,Cloudy,Daylight,False,False,False,False,,,     Unit #1 was traveling northbound on South Belvoir Boulevard; in the inside lane; approaching Ardmore Road.  Unit #2 was traveling eastbound on Ardmore Road and was stopped in the median of South Belvoir Boulevard; waiting for traffic traveling in the northbound lanes of South Belvoir Boulevard traffic to clear.  Driver of Unit #2 said she did not see Unit #1 traveling northbound on South Belvoir Boulevard in front of her; and struck the driver s side of Unit #1 as Unit #2 attempted to cross both northbound lanes of South Belvoir Boulevard.,Police,False,1/16/2023 2:02:55 PM,1/16/2023 2:07:26 PM,1/16/2023 2:08:08 PM,1/16/2023 2:48:18 PM,30,20,ROBERT  BALDYGA,2013,ROBERT  BALDYGA,2013,True,North,Divided Flush Median (4 feet and greater),Straight Level,Wet,Blacktop; Bituminous; Asphalt,0,0,71,False,False,False,False,False,False,True,False,False,False,True,False,False,True,False,False,False
	2023-00004876,20233006726,Property Damage Only,,,False,False,False,True,False,False,False,	07701,2,99,Summit County,City,Akron,1/13/2023 11:48:00 AM,1000,41.105574,-81.547712,,,,MEMORIAL PKWY,Highway,200.00,Feet,East,,,North,PORTAGE Path,Intersection,Parkway,True,3,False,On Roadway,Sideswipe; same direction,Cloudy,Daylight,False,False,False,False,,,The driver and passenger of Unit #1 stated they were westbound on Memorial Parkway.  Unit #2 was behind them; following closely.  When the roadway opened up into two lanes; left and right turns lanes before N Portage Path; the driver stated she signaled and moved to the left into the left turn lane.  Both stated that Unit #2 moved over early and used the center turn lane in an attempt to pass them.  The left rear door and fender on Unit #1 struck the right front fender and door on Unit #2.   The driver of Unit #2 stated that Unit #1 was behind him on Memorial Parkway.  He was already in the left turn lane when Unit #1 attempted to change lanes and struck his vehicle.  ,Police,False,1/13/2023 11:49:00 AM,1/13/2023 11:57:00 AM,1/13/2023 12:09:00 PM,1/13/2023 12:35:00 PM,25,25,1083 - Mckeel; Jason,1083,1125 - Hentosz; James,1125,False,,,Straight Level,Wet,Blacktop; Bituminous; Asphalt,0,0,63,False,False,False,False,False,False,False,False,False,False,True,False,False,False,False,False,False
	20230000000054,20233006728,Property Damage Only,,,False,False,False,False,False,False,False,	02210,1,1,Erie County,City,PERKINS (TOWNSHIP OF),1/1/2023 6:30:00 PM,61714,41.422100,-82.682272,,,,DEWITT,Avenue,,,,,,,707,House Number,,False,,False,On Roadway,Not Collision Between Two Vehicles in Transport,Clear,Dark - Roadway Not Lighted,False,False,False,False,,,Unit 1 was traveling westbound on Dewitt Avenue. Unit 1 continued to travel off the North side of the roadway striking a fence.,Police,False,1/2/2023 11:25:00 PM,1/2/2023 11:27:53 PM,1/2/2023 11:45:09 PM,1/3/2023 12:03:17 AM,30,0,JARRETT; MICHAEL PHILLIP,P219,LANYI; JOSHUA ROBERT,P216,False,,,Straight Level,Wet,Blacktop; Bituminous; Asphalt,0,0,65,False,False,False,False,False,False,False,False,False,False,False,False,False,False,False,False,False
	230039086,20233006729,Property Damage Only,,104,False,False,False,False,False,False,False,	COP00,2,1,Franklin County,City,Columbus,1/16/2023 6:04:00 PM,18000,39.943520,-83.141950,,,,Norton ,Road,100.00,Yards,South,,,,Sullivant,Intersection,Avenue,False,,False,On Roadway,Angle,Rain,Dark - Lighted Roadway,False,False,False,False,,,Unit #2 stated she was N/B in the dedicated left turn lane to turn W/B on Sullivant Ave.  Unit #2 stated Unit #1 was traveling N/B on Norton Rd. in the west lane.  Unit #2 stated Unit #1 attempted to change lanes and struck the right front of Unit #2 with the left front of Unit #1.  Unit #2 stated he was in the west lane of Sullivant Ave and started to change lanes when Unit #2 struck him.  Officer observed the vehicles at final rest.  Unit #1 had started to change lanes with a solid white line on the pavement. Unit #2 was further ahead of Unit #1 which indicated Unit #2 was in the dedicated left lane when Unit #1 attempted to change lanes.  Unit #1 was issued a citation for changing lanes without safety. Unit #2 was towed from the scene by his insurance company.  Unit #1 was able to drive away from the scene.,Police,False,1/16/2023 6:04:00 PM,1/16/2023 6:06:00 PM,1/16/2023 6:19:00 PM,1/16/2023 6:45:00 PM,30,,FOULK; BRAD,2758,MEYER; GREGORY,5337,False,,,Straight Level,Snow,Blacktop; Bituminous; Asphalt,0,0,69,False,False,False,False,False,False,False,False,False,False,False,False,False,False,False,False,False
	2300100599,20233006730,Property Damage Only,,104,False,False,False,False,False,False,False,	COP00,2,1,Franklin County,City,Columbus,1/4/2023 6:46:00 PM,18000,39.938040,-83.118710,,,West,Country Brook ,Drive,999.99,Feet,South,,,,Sullivant ,Intersection,Avenue,True,2,False,On Shoulder,Rear-end,Clear,Dark - Lighted Roadway,False,False,False,False,,,On 1-4-2023  Unit #1 was traveling from North to South on Country Brook Drive West when Unit #1 stated he was attempting to take a phone call; looked down at his phone and when he looked up; he ran into the rear of Unit #2 which was parked on the side of the road legally sitting from North to South on Country Brook Drive West. Unit #2 stated that he had pulled over and legally parked and noticed Unit #1 coming up behind him and then felt Unit #1 strike the rear of Unit #2. Unit #1 was cited for AC/DA on citation CPD019840 and was released on scene without incident. Unit #1 leagally parked the vehicle and state he would get his own tow service and Unit #2 was able to leave the scene. ,Police,False,1/4/2023 6:46:00 PM,1/4/2023 7:05:00 PM,1/4/2023 7:06:00 PM,1/4/2023 7:30:00 PM,20,0,HAMILTON; TIMOTHY,2931,MEYER; GREGORY,5337,False,,,Straight Level,Dry,Blacktop; Bituminous; Asphalt,0,0,45,False,False,False,False,False,False,False,False,True,False,False,False,False,False,False,True,False
	230031851,20233006732,Minor Injury Suspected,,101,False,False,False,False,False,False,False,	COP00,2,1,Franklin County,City,Columbus,1/13/2023 6:00:00 PM,18000,39.943179,-83.081669,,,South,Westgate,Avenue,10.00,Feet,South,,,,Sullivant,Intersection,Avenue,True,4,False,On Roadway,Rear-end,Snow,Dark - Lighted Roadway,False,False,False,False,,,Unit #2 was travelling northbound on S Westgave Ave; approaching the intersection of Sullivant Ave. Unit #2 came to an abrupt stop prior to the intersection. Unit #1 was also travelling northbound on S Westgate Ave approaching Sullivant Ave. When Unit #2 came to a stop; Unit #1 was not able to stop in time; causing Unit #1 to hit the rear of Unit #2. The driver of Unit #1 was cited for ACDA.,Police,False,1/13/2023 6:00:00 PM,1/13/2023 6:55:00 PM,1/13/2023 7:04:00 PM,1/13/2023 7:24:00 PM,10,0,LEAVITT V; CHARLES,3186,MEYER; GREGORY,5337,False,,,Straight Level,Snow,Blacktop; Bituminous; Asphalt,0,0,39,False,False,False,False,False,False,False,False,False,False,True,False,False,False,False,False,False
	202300341,20233006733,Property Damage Only,,,False,True,False,True,False,False,False,	03123,2,1,Hamilton County,City,Montgomery,1/17/2023 8:30:00 AM,51716,39.228624,-84.366880,Interstate Route (Turnpike is also IR),71,South,Interstate 71,Highway,,,,,,,14.4,Mile Post,Milepost,False,,False,On Roadway,Not Collision Between Two Vehicles in Transport,Cloudy,Daylight,False,False,False,False,,,Unit 1 and Unit 2 were traveling in the center south bound lane of Interstate 71.  Unit 1 struck Unit 2 from behind at about the 14.4 mile post.,Police,False,1/17/2023 8:30:00 AM,1/17/2023 8:36:00 AM,1/17/2023 8:42:00 AM,1/17/2023 9:00:00 AM,20,,Martin Day,4nmday,Kevin Gruber,4nkgru,True,South,Divided; Raised Median (Any type),Straight Grade,Wet,Blacktop; Bituminous; Asphalt,0,0,44,False,False,False,False,False,False,False,False,False,False,True,False,False,True,False,False,False
	2023-00004890,20233006734,Property Damage Only,,,False,False,False,False,False,False,False,	07701,2,2,Summit County,City,Akron,1/13/2023 12:22:00 PM,1000,41.056880,-81.505259,,,,I 77,Highway,,,,,,, SR 8,Intersection,Highway,False,,False,On Roadway,Rear-end,Snow,Daylight,False,True,True,False,Lane Shift/Crossover,Activity Area,Both vehicles were traveling north bound on I 77 North; they were approaching the I 76 East on ramp. Both vehicles were driving in the 3rd lane. A vehicle made a sudden lane changed and Unit 1 applied her brakes. Unit 2 did not stop in time and crashed into the rear of Unit 1.,Police,False,1/13/2023 12:22:00 PM,1/13/2023 12:25:00 PM,1/13/2023 12:28:00 PM,1/13/2023 1:25:00 PM,0,0,1028 - Mallard; Marlon,1028,877 - Vavro; Michael,877,True,North,Divided Flush Median (Less than 4 feet),Straight Level,Snow,Blacktop; Bituminous; Asphalt,0,0,60,False,False,False,False,False,False,True,False,False,False,True,False,False,False,False,False,False
	2023000064,20233006736,Minor Injury Suspected,,,False,True,False,True,False,False,False,	04300,2,1,Lake County,Township,PAINESVILLE,1/12/2023 4:29:00 PM,59430,41.705240,-81.269980,Federal US Route,20,,,,20.00,Feet,North,,,,FAIRGROUNDS,Intersection,Road,True,7,False,On Roadway,Angle,Rain,Dawn/Dusk,False,False,False,False,,,Accident investigation revealed Unit #1 traveling W/B on Mentor Avenue approaching the Fairgrounds Road intersection. During this time; Unit #2 had been traveling E/B on Mentor Avenue also approaching this Fairgrounds Road intersection. Unit #1 begins to conduct a left hand turn onto Fairgrounds Road right in the path of Unit #2. This causes Unit #1 to strike the front driver side fender of Unit #2.  Unit #1 failed to yield to oncoming traffic while completing this turn. Both vehicles sustained disabling damage and both occupants were transported to the hospital for injuries sustained in the accident.,Police,False,1/12/2023 4:30:00 PM,1/12/2023 4:30:00 PM,1/12/2023 4:32:00 PM,1/12/2023 5:05:00 PM,0,15,PHILLIPS; MATTHEW,991026,SUSCHAK; MICHAEL,991058,False,,,Straight Grade,Wet,Concrete,0,0,35,False,False,False,False,False,False,False,False,False,False,False,False,False,True,False,False,False
	23PI00686,20233006737,Property Damage Only,Unsolved,,False,True,False,False,False,False,False,	05502,2,1,Miami County,City,PIQUA,1/14/2023 3:41:00 PM,62848,40.156140,-84.252010,,,,VIRGINIA,Street,10.00,Feet,North,,,,1015,House Number,,False,,False,On Roadway,Not Collision Between Two Vehicles in Transport,Clear,Daylight,False,False,False,False,,,Unit #2 was legally parked in front of 1015 Virginia St.  Unit #1; an unknown vehicle; was traveling northbound on Virginia St and sideswiped Unit #2; causing damage to the mirror.  Unit #1 then left the area.  ,Police,False,1/14/2023 3:42:00 PM,1/14/2023 4:02:00 PM,1/14/2023 4:07:00 PM,1/14/2023 4:18:00 PM,10,0,MIKE CASEY,205,WEBER JEREMY ,214,False,,,Straight Level,Dry,Blacktop; Bituminous; Asphalt,0,0,26,False,False,False,False,False,False,False,False,False,False,False,False,False,False,False,False,False
	230026403,20233006738,Property Damage Only,Unsolved,101,False,False,False,False,False,False,False,	COP00,2,1,Franklin County,City,Columbus,1/11/2023 2:16:00 PM,18000,39.942878,-83.080401,,,,Sullivant,Avenue,10.00,Feet,East,,,,Cresent,Intersection,Road,False,,False,On Roadway,Rear-end,Cloudy,Daylight,False,False,False,False,,,Unit 2 was heading West on Sullivant Ave and attempting to make a left hand turn into a private lot. Unit 1 was directly behind Unit 2. Unit 1 did not stop and struck Unit 2 in the rear. Unit 1 then did a U-turn and went East on Sullivant Ave without speaking to Unit 2. Unit 2 had damage to the center rear. Unit 1 was described as a Silver Nissan Altima with heavy front end damage. No injuries were reported. Unit 2 was released from scene. ,Police,False,1/11/2023 2:16:00 PM,1/11/2023 2:33:00 PM,1/11/2023 2:38:00 PM,1/11/2023 2:50:00 PM,25,0,LIVINGSTON; THOMAS,1752,MEYER; GREGORY,5337,False,,,Straight Level,Wet,Blacktop; Bituminous; Asphalt,0,0,42,False,False,False,False,False,False,True,False,False,False,False,False,False,False,False,False,False
	23PI00721,20233006739,Property Damage Only,,,False,True,False,False,False,False,False,	05502,1,1,Miami County,City,PIQUA,1/15/2023 3:04:00 PM,62848,40.153720,-84.240170,State Route,66,,RIVERSIDE ,Drive,96.00,Feet,West,Numbered County Route,25A,North,MAIN,Intersection,Street,False,,False,On Roadside,Not Collision Between Two Vehicles in Transport,Clear,Daylight,False,False,False,False,,,Unit 1 was travelling NW on Riverside Dr (SR 66).  Unit 1 struck the curb and then hit a retaining wall and utility pole guy wire.  The involved utility pole number was M7739.    Driver 1 advised their tire went flat and they over corrected.  Driver 1 had already arranged for her own tow truck.  R&R Automotive Inc & Towing Services removed vehicle 1.  A message was left with Distribution about the support wire being hit.,Police,False,1/15/2023 3:04:00 PM,1/15/2023 3:04:00 PM,1/15/2023 3:04:00 PM,1/15/2023 3:26:00 PM,,12,MARCOS RODRIGUEZ,239,RODRIGUEZ; MARCOS,239,False,,,Straight Level,Wet,Blacktop; Bituminous; Asphalt,0,0,22,False,False,False,False,False,False,False,False,False,False,False,False,False,False,False,False,False
	2300020,20233006741,Property Damage Only,,A1,False,False,False,False,False,False,False,	04311,2,2,Lake County,City,WICKLIFFE,1/17/2023 1:52:00 PM,85036,41.590258,-81.479332,Interstate Route (Turnpike is also IR),90,,,,20.00,Feet,East,State Route,84,,BISHOP,Intersection,Road,True,3,False,On Roadway,Rear-end,Cloudy,Daylight,False,False,False,False,,,Unit 1 was on the IR90 w b exit in the left turn lane; stopped for the red traffic signal at SR84 (Bishop).  Unit 2 was stopped behind unit 1.  The traffic signal turned green and the driver of unit 2 stated she thought unit 1 started moving; but failed to maintain assured clear distance ahead and struck unit 1.,Police,False,1/17/2023 1:52:30 PM,1/17/2023 1:53:10 PM,1/17/2023 1:56:16 PM,1/17/2023 2:25:00 PM,30,0,STEVE SHUM,0130,ROBERT KUHSE,0149,True,West,Divided; Depressed Median,Straight Grade,Dry,Blacktop; Bituminous; Asphalt,0,0,62,False,False,False,False,False,False,False,False,False,False,True,False,False,False,False,False,False
	2023-00001203,20233006744,Property Damage Only,,4500,False,True,False,False,False,False,False,	04500,2,1,Licking County,Township,BOWLING GREEN (Township of),1/11/2023 2:50:00 PM,7944,39.953760,-82.325110,Federal US Route,40,,,,10.00,Yards,West,,,,NATIONAL,Intersection,Road,False,,False,On Roadway,Angle,Cloudy,Daylight,False,False,False,False,,,Unit 2 was traveling east on National Rd when struck by unit 1. Unit 2 was making a left turn into a driveway when struck. Unit 1 was traveling east on National Rd and went to pass Unit 2 striking the vehicle. Unit 1 was at fault for improper passing.  Deputy Stetson #90   ,Police,False,1/11/2023 2:50:00 PM,1/11/2023 2:53:00 PM,1/11/2023 3:22:00 PM,1/11/2023 3:40:00 PM,,,Brian STETSON,45-090,Marcus RAMSEY,45-S01,False,,,Straight Grade,Wet,Blacktop; Bituminous; Asphalt,0,0,47,False,False,False,False,False,False,False,False,False,False,False,False,False,False,False,False,False
	230022090,20233006745,Injury Possible,,104,False,False,False,False,False,False,False,	COP00,2,1,Franklin County,City,Columbus,1/9/2023 6:22:00 PM,18000,39.939580,-83.157100,,,,Galloway,Road,5.00,Feet,East,,,,Olde Irish,Intersection,Drive,True,3,False,On Roadway,Not Collision Between Two Vehicles in Transport,Clear,Dark - Roadway Not Lighted,False,False,False,False,,,Unit #1 was traveling north on Galloway Road and turned east onto Olde Irish Drive. Pedestrian #1 was walking north on Galloway Road and crossed Olde Irish Road. Driver of Unit #1 stated she did not see Pedestrian when she made her turn onto Olde Irish Drive; Driver of Unit #1 stated due to the roadway not being lit and Pedestrian wearing dark clothing; Driver of Unit #1 struck Pedstrian on the left side of Pedestrian's body. Pedestrian stated that she did not see Unit #1 in the roadway before she began to cross Olde Irish Drive. Pedestrian was transported to Doctors West Hospital in stable condition by Columbus Fire Medic #26. Pedestrian was treated by Dr. AL-Issa for head and left shoulder pain. Due to no independent witnesses Officers were unble to determine who was at fault.,Police,False,1/9/2023 6:22:00 PM,1/9/2023 6:24:00 PM,1/9/2023 6:25:00 PM,1/9/2023 6:34:00 PM,30,20,Strawser; Zachary,3240,MEYER; GREGORY,5337,False,,,Straight Level,Dry,Concrete,0,0,40,False,False,False,False,False,False,False,True,False,False,False,False,False,False,False,False,False
	CR-2023-000005,20233006746,Injury Possible,,,False,True,True,False,False,False,False,	01303,2,1,Clermont County,City,Milford,1/12/2023 5:25:00 PM,50176,39.177291,-84.283898,,,,Main,Street,10.00,Feet,East,,,,Baker,Intersection,Drive,True,3,False,On Roadway,Rear-end,Cloudy,Dawn/Dusk,False,False,False,False,,,Responded for a two vehicle auto accident on Main Street at Baker Avenue. Unit 1 failed to yield to slowed traffic ahead; thus striking Unit 2.,Police,False,1/12/2023 5:25:00 PM,1/12/2023 5:25:00 PM,1/12/2023 5:31:00 PM,1/12/2023 6:07:00 PM,,,Clark; Brandon ,178,West; Robert ,151,False,,,Straight Level,Wet,Blacktop; Bituminous; Asphalt,0,0,42,False,False,True,False,False,False,False,False,False,False,False,False,False,False,False,False,False
	230031840,20233006748,Property Damage Only,,193,False,False,False,False,False,False,False,	COP00,2,1,Franklin County,City,Columbus,1/13/2023 6:03:00 PM,18000,39.942660,-83.094320,,,,Wilson,Road,1.00,Feet,North,,,,Sullivant,Intersection,Avenue,True,4,False,On Roadway,Other/Unknown,Snow,Dark - Lighted Roadway,False,False,False,False,,,On listed date; time; and location; Officers were dispatched to an injury auto accident. Upon arrival; Officers observed Unit 1 was blocking the intersection of Wilson and Sullivant. Officers moved the vehicle out of the roadway. Both Unit 1 and Unit 2 stated that Unit 1 ran the red light while making an eastbound turn from Wilson to Sullivant and struck Unit 2 who was traveling east on Sullivant with the green light. Neither party was injured. Both parties exchanged information and Unit 2 requested a report. OHLEG shows Unit 1 as being no-ops for medical purposes but Officers verified via LEADS that Unit 1 was valid with a temporary permit.,Police,False,1/13/2023 6:03:00 PM,1/13/2023 6:10:00 PM,1/13/2023 6:12:00 PM,1/13/2023 6:55:00 PM,20,15,Weiner; Brian,1519,MEYER; GREGORY,5337,False,,,Straight Level,Wet,Blacktop; Bituminous; Asphalt,0,0,65,False,False,False,False,False,False,False,False,False,False,True,False,False,False,False,False,False
	2023-00001318,20233006749,Property Damage Only,,NEWARK TWP,False,True,False,True,False,False,False,	04500,1,1,Licking County,Township,NEWARK (Township of),1/12/2023 10:08:00 AM,54054,40.080699,-82.388580,,,,CEDAR RUN,Road,,,,,,,815,House Number,,False,,False,On Shoulder,Not Collision Between Two Vehicles in Transport,Rain,Daylight,False,False,False,False,,,UNIT 1 WAS TRAVELING EAST ON CEDAR RUN ROAD. UNIT 1 DROVE OFF THE ROADWAY TO THE RIGHT; INTO A DITCH; RAMPING A DRIVEWAY/CULVERT; INTO AN EMBANKMENT COMING TO REST WITH THE PASSENGER SIDE OF THE VEHICLE PARTIALLY INTO A RIVER. DRIVER OF UNIT 1 IS AT FAULT FOR FAILURE TO CONTROL.  DEPUTY THOMSEN #64   ,Police,False,1/12/2023 10:08:00 AM,1/12/2023 10:10:00 AM,1/12/2023 10:15:00 AM,1/12/2023 1:00:00 PM,0,140,Michael THOMSEN,45-064,John SNODGRASS,45-S12,False,,,Straight Level,Wet,Blacktop; Bituminous; Asphalt,0,0,170,False,False,False,False,False,False,False,False,False,False,False,False,False,False,False,False,False
	2023-00001340,20233006750,Injury Possible,,MONROE TOWNSHIP,True,True,True,True,False,False,False,	04500,2,99,Licking County,Township,MONROE (Township of),1/12/2023 2:54:00 PM,51450,40.155458,-82.702620,Numbered Township Route,59,,EDWARDS,Road,30.00,Feet,East,,,,11300 EDWARDS RD.,House Number,,False,,False,On Roadway,Not Collision Between Two Vehicles in Transport,Cloudy,Daylight,False,False,False,False,,,UNIT 1 WAS TRAVELING EAST BOUND ON EDWARDS RD. (TR59) AT 11300 EDWARDS RD. UNIT 1 ADVISED WHILE NEGOTIATING A CURVE; HE SAW UNIT 2 IN HIS LANE. UNIT 1 THEN SWERVED OFF OF RIGHT SIDE OF RIGHT STRIKING AN EMBANKMENT. UNIT 1 THEN OVERTURNED TWICE; UNTIL ITS FINAL REST ON ITS SIDE. UNIT 2 WAS TRAVELING WEST BOUND. UNIT 2 ADVISED WHEN NEGOTIATING A CURVE; HE ADVISED UNIT 1 WAS IN HIS LANE. UNIT 2 THEN SWERVED OFF OF RIGHT SIDE OF ROAD STRIKING A MAILBOX (11359); THEN BACK ONTO THE ROAD; CROSSING CENTER LINE; AND RESTING OFF OF THE LEFT SIDE OF THE ROAD. UNABLE TO DETERMINE UNIT AT FAULT AT THIS TIME.    MONROE TWP FIRE TREATED UNIT 1 ON SCENE.   WALLY'S TOWING FOR UNIT 1; AND R.K. TOWING FOR UNIT 2  NOTHING FURTHER   ,Police,False,1/12/2023 2:54:00 PM,1/12/2023 2:55:00 PM,1/12/2023 3:08:00 PM,1/12/2023 4:44:00 PM,96,94,Dustin MULLINNEX,45-021,Jeffery MILLER,45-S05,False,,,Curve Grade,Dry,Blacktop; Bituminous; Asphalt,0,0,205,False,False,False,False,False,False,False,False,False,True,True,True,False,False,False,False,False
	CR-2023-000004,20233006751,Property Damage Only,,,False,True,True,False,False,False,False,	01303,2,1,Clermont County,City,Milford,1/12/2023 4:45:00 PM,50176,39.170144,-84.280537,Federal US Route,50,,Lila,Avenue,,,,,,,Tyler,Intersection,Avenue,False,,False,On Roadway,Angle,Rain,Dawn/Dusk,False,False,False,False,,,The driver of Unit #1 was on the lot at Speedway when he wanted to make a left turn from a private drive to head E/B on Lila Ave. An unknown driver who was stopped in the center through lane W/B on Lila Ave. waived for the driver of Unit #1 to make his turn. The driver of Unit #1 began to pull out from the lot not seeing the driver of Unit #2 who was in the curb lane heading W/B on Lila Ave. prior to causing the accident. No injuries were reported on scene. The driver of Unit #1 was cited for Right of Way Making Left Turn and has mandatory court at Clermont County Juvenile Court on January 18; 2023 at 1515 hrs.,Police,False,1/12/2023 4:50:00 PM,1/12/2023 4:50:00 PM,1/12/2023 4:50:00 PM,1/12/2023 5:10:00 PM,,,Brown; Thomas ,186,West; Robert ,151,False,,,Straight Level,Wet,Blacktop; Bituminous; Asphalt,0,0,20,False,False,False,False,False,False,False,False,False,False,True,True,False,False,False,False,False
	2023-00001347,20233006752,Property Damage Only,,UNION TWP,False,True,False,True,False,False,False,	04500,2,1,Licking County,Township,UNION (Township of),1/12/2023 4:58:00 PM,78400,39.958260,-82.532505,State Route,37,,LANCASTER,Road,30.00,Yards,North,Federal US Route,40,,NATIONAL,Intersection,Road,False,,False,On Roadway,Rear-end,Rain,Dawn/Dusk,False,False,False,False,,,Unit 2 was stopped on SR 37 North of US 40.  Unit 1 failed to provide assured clear distance ahead; striking unit 2 in the rear. Unit 1 is at fault and cited for ACDA.    ,Police,False,1/12/2023 4:58:00 PM,1/12/2023 4:59:00 PM,1/12/2023 5:18:00 PM,1/12/2023 5:54:00 PM,0,0,Taylor G DUNLAP,45-019,George W LORENZ,45-S02,False,,,Straight Level,Wet,Brick/Block,0,0,55,False,False,False,False,False,False,False,False,False,True,False,False,False,False,False,False,False