LocalReportNumber,DocumentNumber,CrashSeverity,HitSkip,LocalInformation,SecondaryCrash,PhotosTaken,OH2,OH3,OH1P,OHOther,PrivateProperty,ReportingAgencyNCIC,NumberOfUnits,UnitInError,County,InCityVillageTownship,CityVillageTownshipName,CrashDateTime,FIPSPlaceCode,Latitude,Longitude,LocationRouteType,LocationRouteNumber,LocationPrefix,LocationRoadName,LocationRoadType,DistanceFromReference,DistanceReferenceMeasurement,DirectionFromReference,ReferenceRouteType,ReferenceRouteNumber,ReferencePrefix,ReferenceName,ReferencePointUsed,ReferenceRoadType,IntersectionOrApproachRelated,NumberOfApproaches,WithinInterchangeArea,LocationFirstHarmfulEvent,MannerOfCollision,Weather,LightCondition,ActiveSchoolZoneRelated,WorkZoneRelated,WorkersPresent,LawEnforcementPresentInWorkZone,WorkZoneType,WorkZoneLocation,Narrative,ReportTakenBy,Supplement,CrashReportedDateTime,DispatchedDateTime,ArrivedDateTime,SceneClearedDateTime,OtherInvestigationTime,TotalTimeRoadwayClosed,OfficerName,OfficerBadgeNumber,CheckedByOfficerName,CheckedByBadgeNumber,RoadwayDivided,DividedLaneTravelDirection,DividedMedianType,RoadContour,RoadCondition,RoadSurface,TotalInjured,TotalKilled,TotalMinutes,AnimalRelated,AnimalDeerRelated,AlcoholRelated,DrugRelated,BicycleRelated,MotorCycleRelated,SpeedRelated,PedestrianRelated,SemiTruckRelated,SmallTruckRelated,YouthRelated,TeenRelated,DUI21Related,SeniorRelated,FatalNotReportable,CommercialRelated,CommercialAtFault
	20230064,20233007290,Property Damage Only,,,False,False,False,True,False,False,False,	01825,2,2,Cuyahoga County,City,Independence,1/18/2023 7:49:00 AM,37240,41.407711,-81.640782,Interstate Route (Turnpike is also IR),480W,,,,124.00,Feet,East,State Route,21,,,Intersection,,False,,False,On Roadway,Rear-end,Cloudy,Daylight,False,False,False,False,,,UNIT 1 AND 2 WERE BOTH TRAVELING IN THE LEFT LANE ON 480 W/B. UNIT 1 STATED THE CARS IN FRONT OF HER HARD BRAKED SO SHE DID THE SAME IN ORDER TO AVOID A COLLISION. UNIT 2 SAW THE HARD BREAKING BUT DID NOT HAVE ENOUGH ROOM IN FRONT OF HER TO AVOID THE COLLISION. UNIT 2 REAR ENDED UNIT 1 CAUSING LISTED DAMAGE.,Police,False,1/18/2023 7:49:00 AM,1/18/2023 7:51:00 AM,1/18/2023 8:00:00 AM,1/18/2023 8:30:00 AM,30,,L Harvan,3960,E Haworth,3908,False,,,Curve Level,Dry,Concrete,0,0,69,False,False,False,False,False,False,False,False,False,False,True,False,False,False,False,False,False
	2023-00005513,20233007293,Property Damage Only,,,False,False,False,False,False,False,False,	07701,2,1,Summit County,City,Akron,1/14/2023 10:57:00 PM,1000,41.109699,-81.561621,,,East,BLVD,Highway,,,,,,, 136,House Number,,False,,False,On Roadway,Not Collision Between Two Vehicles in Transport,Cloudy,Dark - Lighted Roadway,False,False,False,False,,,Unit 2 was legally parked on Castle Blvd. Unit 1 was southbound on Castle Blvd. Unit 1 lost control; striking Unit 2.  The driver of Unit 1 left their information with the owner of Unit 2. The driver then left. A traffic warrant was issued for failure to control. ,Police,False,1/14/2023 10:57:00 PM,1/14/2023 11:14:00 PM,1/14/2023 11:20:00 PM,1/14/2023 11:59:00 PM,0,0,1428 - Brumbaugh; Justin,1428,1125 - Hentosz; James,1125,False,,,Straight Level,Dry,Blacktop; Bituminous; Asphalt,0,0,45,False,False,False,False,False,False,False,False,False,False,True,False,False,False,False,False,False
	2023-00005516,20233007294,Property Damage Only,,,False,False,False,False,False,False,False,	07701,1,1,Summit County,City,Akron,1/14/2023 11:20:00 PM,1000,41.061661,-81.506078,Interstate Route (Turnpike is also IR),76,,,,,,,State Route,8,,,Intersection,,False,,False,On Roadway,Not Collision Between Two Vehicles in Transport,Cloudy,Dark - Lighted Roadway,False,False,False,False,,,Unit 1 was traveling IR 76 E taking the ramp to SR 8 N. Unit 1 took the curve to quickly; going off the right side of the roadway; striking a concrete barrier. Unit 1 came back across the roadway; leaving the left side of the roadway; striking a concrete barrier.,Police,False,1/14/2023 11:20:00 PM,1/14/2023 11:29:00 PM,1/14/2023 11:34:00 PM,1/14/2023 11:59:00 PM,0,0,1428 - Brumbaugh; Justin,1428,1125 - Hentosz; James,1125,True,East,Divided Flush Median (4 feet and greater),Curve Grade,Dry,Blacktop; Bituminous; Asphalt,0,0,30,False,False,False,False,False,False,True,False,False,False,True,False,False,False,False,False,False
	23-475,20233007295,Minor Injury Suspected,,2 vehicle ACDA,False,True,True,True,False,False,False,	01315,2,2,Clermont County,Township,Miami (Township of),1/15/2023 5:23:00 PM,49322,39.196991,-84.231037,State Route,28,,,,185.00,Feet,East,,,,Woodspoint,Intersection,Drive,True,4,False,On Roadway,Rear-end,Cloudy,Dawn/Dusk,False,False,False,False,,,Unit 1 was traveling westbound on SR 28 when it stopped for traffic. Unit 2 struck the rear bumper of Unit 1 after not following in assured clear distance ahead.,Police,False,1/15/2023 5:23:00 PM,1/15/2023 5:25:00 PM,1/15/2023 5:31:00 PM,1/15/2023 6:29:00 PM,30,94,Ryan; Andrew Michael Conrad,M20,Foster; Tyler N,M74,False,,,Straight Grade,Dry,Blacktop; Bituminous; Asphalt,0,0,94,False,False,False,False,False,False,False,False,False,False,False,False,False,True,False,False,False
	2023-00005587,20233007301,Property Damage Only,Unsolved,,False,False,False,False,False,False,False,	07701,2,1,Summit County,City,Akron,1/15/2023 4:30:00 AM,1000,41.078709,-81.557327,,,,MERCER,Avenue,,,,,,, 916,House Number,,False,,False,On Roadway,Not Collision Between Two Vehicles in Transport,Cloudy,Dark - Lighted Roadway,False,False,False,False,,,Unit 2 was legally parked on Mercer Ave. Unit 1 was southbound on Mercer Ave. Unit 1 struck Unit 2. The driver of Unit 1 fled the scene. Unit 1 was improperly registered. ,Police,False,1/15/2023 4:30:00 AM,1/15/2023 4:31:00 AM,1/15/2023 4:42:00 AM,1/15/2023 5:15:00 AM,0,0,1428 - Brumbaugh; Justin,1428,1125 - Hentosz; James,1125,False,,,Straight Level,Dry,Blacktop; Bituminous; Asphalt,0,0,44,False,False,False,False,False,False,False,False,False,False,False,False,False,False,False,False,False
	235000556,20233007304,Property Damage Only,,,False,False,False,False,False,False,False,	CIP00,2,1,Hamilton County,City,CINCINNATI,1/17/2023 7:44:00 AM,15000,39.186761,-84.433171,,,,LOSANTIVILLE,Avenue,,,,,,,2896,House Number,,False,,False,On Roadway,Angle,Cloudy,Daylight,False,False,False,False,,,UNIT #2 TRAVELING WESTBOUND ON LOSANTIVILLE AV.  UNIT #1 TRAVELING NORTHEAST BOUND; PULLED OUT INTO THE ROADWAY AND DIDN'T SEE UNIT #2 STRIKING HIM CAUSING AN ACCIDENT.  THE ACCIDENT OCCURRED AT 2896 LOSANTIVILLE AV.  UNIT #1 WAS AT FAULT.,Police,False,1/17/2023 7:47:00 AM,1/17/2023 7:49:00 AM,1/17/2023 7:58:00 AM,1/17/2023 8:56:00 AM,,,DOZIER; DAVID S.,P0142,NEACK; DOUGLAS E.,S0478,False,,,Straight Level,Wet,Concrete,0,0,67,False,False,False,False,False,False,False,False,False,False,False,False,False,True,False,False,False
	20230000000189,20233007305,Property Damage Only,,,False,True,False,False,False,False,False,	03902,1,98,Huron County,City,NORWALK,1/18/2023 7:15:36 AM,57302,41.245770,-82.591121,,,South,OLD STATE,Road,50.00,Feet,North,,,South,87 OLD STATE ROAD,House Number,,False,,False,On Roadway,Not Collision Between Two Vehicles in Transport,Clear,Dark - Lighted Roadway,False,False,False,False,,,Unit #1 traveling southbound on Old State Road struck a deer crossing the street.Ofc. Flowers/231,Police,False,1/18/2023 7:15:36 AM,1/18/2023 7:18:38 AM,1/18/2023 7:21:26 AM,1/18/2023 7:30:00 AM,0,0,MONTANA; JAMES L,N934,FULTON; JAMES R,N922,False,,,Straight Level,Dry,Blacktop; Bituminous; Asphalt,0,0,11,True,True,False,False,False,False,False,False,False,False,False,False,False,False,False,False,False
	2023C0000001,20233007306,Property Damage Only,Solved,,False,True,False,False,False,False,False,	03109,3,1,Hamilton County,Village,Elmwood Place,1/13/2023 11:38:00 AM,25186,39.184092,-84.485840,,,,Township,Avenue,,,,,,,1008,House Number,,False,,False,On Roadway,Angle,Cloudy,Daylight,False,False,False,False,,,Driver of unit #1 was making a left turn from Prosser Avenue onto Township Avenue when he failed to yield the right of way to unit # 2 who was traveling west on Township Avenue. Unit # 1 pulled out in front of Unit # 2 causing the crash which caused Unit # 2 to vier off and strike unit # 3 which was parked in the drive at 108 Township Avenue. Driver of Unit # 1 then fled the scene with a witness following him. The witness later gave police the license plate from Unit # 1 and a photo of the vehicle. Unit # 1 was tracked down at his residence on Harvey Avenue in Cincinnati. The driver of Unit # 1 admitted to police that he had been involved in the accident and stated that he was not sure what to do. Driver of unit # 1 was issued a citation for leaving the scene of the crash and not having a drivers license.,Police,False,1/13/2023 11:38:00 AM,1/13/2023 11:39:00 AM,1/13/2023 11:42:00 AM,1/13/2023 12:55:00 PM,90,0,Newsom; Randy,147,Newsom; Randy,147,False,,,Straight Level,Dry,Blacktop; Bituminous; Asphalt,0,0,166,False,False,False,False,False,False,True,False,False,False,True,False,False,False,False,False,False
	23BV00749,20233007307,Property Damage Only,,,False,False,False,False,False,False,False,	05013,2,2,Mahoning County,Township,BEAVER (TOWNSHIP OF),1/12/2023 6:39:00 PM,4668,40.987950,-80.662770,Numbered County Route,32,East,WESTERN RESERVE,Road,,,,State Route,7,,MARKET,Intersection,Street,True,4,False,On Roadway,Head-on,Rain,Dark - Lighted Roadway,False,False,False,False,,,Unit 2 was south bound on Market St. attempting to make a right turn.   Unit 1 was stopped in the turning lane on Western Reserve Rd. preparing to make a left turn.   Unit 2 while making a right turn then traveled into the turning lane striking Unit 1 head on.  ,Police,False,1/12/2023 6:39:00 PM,1/12/2023 6:39:00 PM,1/12/2023 6:47:00 PM,1/12/2023 9:07:00 PM,15,0,MA BATOR; ,BV167,D/LT SINKOVICH,114,False,,,Straight Grade,Wet,Blacktop; Bituminous; Asphalt,0,0,163,False,False,True,False,False,False,False,False,False,False,False,False,False,False,False,False,False
	23-1109,20233007310,Property Damage Only,Unsolved,honda hit skip on 21,False,False,False,False,True,False,False,	07608,2,2,Stark County,City,Massillon,1/17/2023 11:38:00 AM,48244,40.800630,-81.519420,State Route,21,,21,Highway,100.00,Feet,North,,,,Cherry Rd Nw,Intersection,Road,True,4,False,On Roadway,Other/Unknown,Cloudy,Daylight,False,False,False,False,,,Unit 1 was stopped traveling soundbound in traffic at the intersection of SR 21 and Cherry Rd NW. Unit 2 was traveling southbound on SR 21 and failed to yeild to stopped traffic. Unit 1 was struck by unit 2 in the rear. Unit 2 then fled the scene. Unit 2 is possibly a Silver Jeep SUV all other information is unknown.,Police,False,1/17/2023 11:38:00 AM,1/17/2023 11:41:00 AM,1/17/2023 11:48:00 AM,1/17/2023 12:05:00 PM,30,54,Vanest; Darren Stephen,160,Smith; Dennis M.,PTL101,True,North,Divided; Raised Median (Any type),Straight Level,Wet,Blacktop; Bituminous; Asphalt,0,0,54,False,False,False,False,False,False,False,False,False,False,False,False,False,True,False,False,False
	23Y002926,20233007312,Property Damage Only,,GYPSY/LOGAN,False,False,False,False,False,False,False,	05009,2,2,Mahoning County,City,YOUNGSTOWN,1/18/2023 10:49:00 AM,88000,41.133460,-80.639360,,,,GYPSY,Lane,10.00,Yards,North,,,,LOGAN,Intersection,Avenue,True,3,False,On Roadway,Rear-end,Fog; Smog; Smoke,Daylight,False,False,False,False,,,UNIT #1 WAS TRAVELLING SOUTHBOUND ON LOGAN APPROACHING THE TRAFFIC LIGHT AT GYPSY WHEN UNIT #2 DIRECTLY BEHIND STRUCK UNIT #1,Police,False,1/18/2023 10:49:00 AM,1/18/2023 10:49:00 AM,1/18/2023 10:55:00 AM,1/18/2023 11:59:00 AM,,,C VILLIO,1024,ADMIN,6789,False,,,Straight Level,Wet,Concrete,0,0,70,False,False,False,False,False,False,False,False,False,False,True,False,False,False,False,False,False
	2023-00005392,20233007313,Injury Possible,,,False,True,False,True,False,False,False,	07700,2,99,Summit County,City,Green,1/16/2023 8:09:00 AM,31860,40.965534,-81.436386,,,,RABER,Road,,,,,,, MAYFAIR,Intersection,Road,True,3,True,On Roadway,Angle,Clear,Daylight,False,False,False,False,,,Unit #1 was driving on Raber Rd. heading westbound while Unit #2 was on Mayfair Rd. heading northbound. Unit #1 was struck by Unit #2 on the passenger side of the truck. Unit #2 hit the side of Unit #1 causing both vehicles to be towed.  Unit #1 stated that he had the green light at the intersecion and Unit #2 ran a red light. Unit #2 stated he had the greenlight and Unit #1 ran the red light causinghim to strike the side of the truck.  Due to conflicting statements and no independent witnesses neither parties were cited for the accident. Unit #2 was cited for Driving Under Suspension; ORC 4510.11 during the accident.  Owner of Unit #2 was contacted and advised of his vehicle being in a accident and towed to Jeffery's. ,Police,False,1/16/2023 8:09:00 AM,1/16/2023 8:09:00 AM,1/16/2023 8:10:00 AM,1/16/2023 9:00:00 AM,0,0,0881 - Young; Kayla,0881,0605 - Cucuz; Milorad,0605,False,,,Straight Level,Dry,Blacktop; Bituminous; Asphalt,0,0,51,False,False,False,False,False,False,False,False,False,True,False,False,False,False,False,False,False
	20230000000374,20233007314,Property Damage Only,,,False,False,False,False,False,False,False,	02210,2,2,Erie County,Township,PERKINS (TOWNSHIP OF),1/18/2023 7:44:12 AM,61714,41.431395,-82.716019,State Route,4,,,,,,,,,,2504,House Number,,False,,False,On Roadway,Rear-end,Clear,Daylight,False,False,False,False,,,Unit 1 was traveling northbound on State Route 4. Unit 2 who was also northbound on State Route 4 failed to maintain and safe stopping distance ahead causing Unit 2 to strike Unit 1 in the rear.,Police,False,1/18/2023 7:44:12 AM,1/18/2023 7:46:44 AM,1/18/2023 7:57:59 AM,1/18/2023 8:18:46 AM,30,0,PAYTOSH; ROBERT JONATHAN,P321,MCDERMOTT; STEPHANIE LYNN,P716,False,,,Straight Level,Dry,Blacktop; Bituminous; Asphalt,0,0,62,False,False,False,False,False,False,False,False,False,False,True,False,False,False,False,False,False
	2023-00005440,20233007315,Property Damage Only,,,False,True,False,True,False,False,False,	07700,2,2,Summit County,City,Coventry (Township of),1/16/2023 12:28:00 PM,19036,40.997120,-81.557170,,,,MANCHESTER,Road,100.00,Feet,South,,,, STATE,Intersection,Road,True,4,False,On Roadway,Rear-end,Clear,Daylight,False,False,False,False,,,Unit 2 was traveling Northbound on Manchester Rd when it was unable to stop in time and struck Unit 1. Unit 2 stated that something rolled underneath the brake causing him to not be able to brake in time. Unit 2 was cited for Assured Clear Distance Ahead ORC#4511.21 (S77-154360),Police,False,1/16/2023 12:28:00 PM,1/16/2023 12:29:00 PM,1/16/2023 12:36:00 PM,1/16/2023 1:02:00 PM,30,30,0806 - White; Daniel,0806,0605 - Cucuz; Milorad,0605,False,,,Straight Level,Dry,Blacktop; Bituminous; Asphalt,0,0,63,False,False,False,False,False,False,False,False,False,False,False,False,False,False,False,False,False
	2023-00005491,20233007316,Property Damage Only,,,False,False,False,True,False,False,False,	07700,2,2,Summit County,Township,Twinsburg (Township of),1/16/2023 4:43:00 PM,78064,41.284230,-81.440261,,,,DARROW,Road,20.00,Feet,South,,,, 8035,House Number,,False,,False,On Roadway,Sideswipe; same direction,Cloudy,Dawn/Dusk,False,False,False,False,,,Units #01 and 02 were northbound on Darrow Rd. Unit #01 was in the right lane; and unit #02 was in the left lane. Unit #02 changed lanes to the right and struck unit #01. ,Police,False,1/16/2023 4:43:00 PM,1/16/2023 4:45:00 PM,1/16/2023 4:49:00 PM,1/16/2023 5:20:00 PM,0,0,1336 - Arconti; Mark,1336,0605 - Cucuz; Milorad,0605,False,,,Straight Level,Dry,Blacktop; Bituminous; Asphalt,0,0,35,False,False,False,False,False,False,False,False,False,False,False,False,False,False,False,False,False
	2023-00000345,20233007318,Minor Injury Suspected,,,False,True,False,False,False,False,False,	04703,1,1,Lorain County,City,Avon Lake,1/14/2023 1:01:00 AM,3464,41.497200,-81.997290,,,,JAYCOX,Road,,,,,,,Brandon,Intersection,Place,True,3,True,On Roadside,Not Collision Between Two Vehicles in Transport,Cloudy,Dark - Lighted Roadway,False,False,False,False,,,     Unit #1 was S/B on Jaycox RD and ran off the roadway right side and struck a stop sign at Brandon Place.  Unit #1 then traveled down the E/B exit chute of a divided entry way to the development.   Unit #1 then rolled up on the curb coming close to striking the guard shack and drove through a bush.  Unit #1 then continued and ran off the roadway left side and struck a large concrete and stone mailbox.  Unit #1 then came to a rest and ALPD was called and the driver charged with OVI and reckless operation at the hospital.  Prior to this crash Unit #1 was involved in another crash just east of this location on Williamsburg DR (Report #2023-344).       ,Police,False,1/14/2023 1:01:00 AM,1/14/2023 1:06:00 AM,1/14/2023 1:10:00 AM,1/14/2023 2:20:00 AM,30,,Nathan Toth,212,Alex Giardini,204,False,,,Straight Level,Wet,Concrete,0,0,104,False,False,True,False,False,False,False,False,False,False,False,False,False,False,False,False,False
	2300624,20233007319,Property Damage Only,,,False,False,False,False,False,False,False,	07604,2,1,Stark County,City,CANTON,1/11/2023 6:57:00 PM,12000,40.826091,-81.327557,,,,HARMONT AVE NE,Avenue,,,,,,,FAIRMOUNT BLVD NE,Intersection,Boulevard,True,4,False,On Roadway,Rear-end,Cloudy,Dark - Lighted Roadway,False,False,False,False,,,Unit 2 was disabled on Harmont Ave NE at Fairmount Blvd NE due to a separate accident (2300464). Unit 1 was southbound on Harmont Ave NE and failed to maintain ACDA striking Unit 2.,Police,False,1/11/2023 6:57:00 PM,1/11/2023 7:19:00 PM,1/11/2023 7:31:00 PM,1/11/2023 8:28:00 PM,0,0,JASON STATEN,236,STEVEN SWANK,21,False,,,Straight Level,Dry,Blacktop; Bituminous; Asphalt,0,0,69,False,False,False,False,False,False,False,False,False,False,False,False,False,False,False,False,False
	2023-00005635,20233007320,Property Damage Only,,,False,True,False,True,False,False,False,	07700,2,1,Summit County,City,Green,1/17/2023 7:25:00 AM,31860,40.961553,-81.465419,,,,MASSILLON,Road,,,,,,, 3672,House Number,,False,,False,On Roadway,Angle,Rain,Dawn/Dusk,False,True,False,False,Lane Closure,Activity Area,Unit 2 was traveling southbound on Massillon Rd. in the left lane. Unit 1 was attempting to turn north onto Massillon Rd. from the driveway of 3672 Massillon Rd. Unit 1 failed to yield while turning left striking Unit 2 near the front passenger side tire with her front bumper. ,Police,False,1/17/2023 7:27:00 AM,1/17/2023 7:30:00 AM,1/17/2023 7:31:00 AM,1/17/2023 7:50:00 AM,19,19,0860 - Patterson; Garrett,0860,1201 - Boyd; Christopher,1201,False,,,Straight Level,Wet,Blacktop; Bituminous; Asphalt,0,0,39,False,False,False,False,False,False,False,False,False,False,True,True,False,False,False,False,False
	2300676,20233007322,Property Damage Only,Unsolved,,False,False,False,False,False,False,False,	07604,2,1,Stark County,City,CANTON,1/17/2023 5:45:00 AM,12000,40.788768,-81.417519,,,,12TH ST SW,Street,,,,,,,3522,House Number,,False,,False,On Roadway,Rear-end,Rain,Dark - Roadway Not Lighted,False,False,False,False,,,Unit#2 legally parked on 12th St SW pointed EB r nUnit#1 driving EB on 12th St SW struck Unit#2 r nForcing Unit#2 off the road to the right striking a light pole  at  2518 12th St SW r nUnit#1 then fled the scene r nUnit#1 at fault for the accident,Police,True,1/17/2023 6:00:00 AM,1/17/2023 6:04:00 AM,1/17/2023 6:14:00 AM,1/17/2023 6:30:00 AM,,0,PERRY THOMAS,205,STEVEN SWANK,21,False,,,Straight Level,Wet,Blacktop; Bituminous; Asphalt,0,0,26,False,False,False,False,False,False,True,False,False,False,False,False,False,False,False,False,False
	A2023-00006,20233007323,Property Damage Only,,,False,True,False,False,False,False,False,	01404,2,1,Clinton County,City,WILMINGTON,1/6/2023 7:07:00 PM,85792,39.451529,-83.793972,,,,ROMBACH ,Avenue,,,,,,,1961 ROMBACH ,House Number,,False,,False,On Roadway,Sideswipe; same direction,Clear,Dark - Lighted Roadway,False,False,False,False,,,Unit 1 was traveling east on Rombach in the right-hand lane. Unit 2 was traveling east on Rombach in the Left-hand Lane. Unit 1 attempted to make a lane change into the left lane striking unit 2.   This damage from this crash was under $1000,Motorist,False,1/6/2023 7:07:00 PM,1/6/2023 7:12:00 PM,1/6/2023 7:13:00 PM,1/6/2023 7:46:00 PM,30,0,4902,1114,4893,1102,False,,,Straight Level,Dry,Blacktop; Bituminous; Asphalt,0,0,64,False,False,False,False,False,False,True,False,False,False,False,False,False,False,False,False,False
	2300691,20233007324,Property Damage Only,Solved,,False,False,False,False,False,False,False,	07604,1,1,Stark County,City,CANTON,1/17/2023 11:06:00 AM,12000,40.808901,-81.360667,,,,12TH ST NE,Street,,,,,,,1315,House Number,,False,,False,On Roadside,Not Collision Between Two Vehicles in Transport,Cloudy,Daylight,False,False,False,False,,,Unit#1 driving WB Lablin Ln NE turned SB onto Kline Ct NE r nUnit#1 drove thru the yard of 1315 12th St NE causing ruts r nUnit#1 then turned WB onto 12th St NE striking a city owned tree in front of 1309 12th St NE r nUnit#1 then fled the scene r nUnit#1 at fault for the accident,Police,True,1/17/2023 11:08:00 AM,1/17/2023 11:16:00 AM,1/17/2023 11:26:00 AM,1/17/2023 12:00:00 PM,,0,PERRY THOMAS,205,STEVEN SWANK,21,False,,,Straight Grade,Wet,Blacktop; Bituminous; Asphalt,0,0,44,False,False,False,False,False,False,False,False,True,False,False,False,False,False,False,False,False
	23-516,20233007325,Property Damage Only,Unsolved,SR 28 / Deerfield/ H,False,True,True,True,False,False,False,	01315,2,1,Clermont County,Township,Miami (Township of),1/17/2023 8:55:00 PM,49322,39.208330,-84.212160,State Route,28,,,,,,,,,,Deerfield,Intersection,Road,False,,False,On Roadway,Not Collision Between Two Vehicles in Transport,Clear,Dark - Lighted Roadway,False,False,False,False,,,Unit 1 (Unknown) and Unit 2 were traveling East on SR 28. A toolbox from Unit 1 fell out from the vehicle and Unit 2 struck the object in the roadway.,Police,False,1/17/2023 8:55:00 PM,1/17/2023 9:11:00 PM,1/17/2023 9:15:00 PM,1/17/2023 10:00:00 PM,0,49,Fisher; Nathaniel Wayne,M18,Taylor; Jimmy C,M75,False,,,Straight Level,Dry,Blacktop; Bituminous; Asphalt,0,0,49,False,False,False,False,False,False,False,False,False,True,False,False,False,False,False,False,False
	2300761,20233007327,Property Damage Only,Solved,,False,True,False,False,False,False,False,	07714,2,2,Summit County,City,TWINSBURG,1/10/2023 7:12:00 AM,78050,41.318043,-81.448374,,,,RAVENNA RD,Road,50.00,Yards,West,,,,10050,House Number,,False,,False,On Roadway,Sideswipe; same direction,Cloudy,Dark - Roadway Not Lighted,True,False,False,False,,,Unit 1 was traveling southeast bound on Ravenna Rd at 10050. Unit 1 was stopped in traffic due to multiple police cruiser s near by with the over head emergency lights activated. Unit 1 was struck on the driver s side by Unit 2. r n r nUnit 2 was traveling southeast bound on Ravenna Rd behind Unit 1 at 10050. Unit 2 was attempting to flee from a traffic stop with Twinsburg Police. Unit 2 attempted to pass Unit 1 and the front passenger s side of Unit 2 struck Unit 1. Unit 2 fled the scene.,Police,False,1/10/2023 7:12:00 AM,1/10/2023 7:12:00 AM,1/10/2023 7:12:00 AM,1/10/2023 7:28:00 AM,60,0,TYLER  TROYER,0778,JEREMY R MOHORICK,0776,False,,,Straight Level,Dry,Blacktop; Bituminous; Asphalt,0,0,76,False,False,False,False,False,False,False,False,False,False,False,False,False,False,False,False,False
	2023-00000745,20233007328,Property Damage Only,Unsolved,,False,True,False,True,True,False,False,	07700,2,1,Summit County,Township,Twinsburg (Township of),1/3/2023 1:54:00 PM,78064,41.289568,-81.457679,,,,BAVARIA,Road,5.00,Yards,North,,,, 7851,House Number,,False,,False,On Roadway,Not Collision Between Two Vehicles in Transport,Rain,Daylight,False,False,False,False,,,Unit #1 was South on Bavaria Road stopped in traffic. Unit #1 states that Unit #2 had stopped; then started backing up because he missed the drive way. Unit #2's rear end then struck the front end of Unit #1. Unit #1 admitted that most of the damage to his front end was done from a prior accident. Unable to determine how much if any damage was caused from this incident today.  Spoke Steve Fleming; vice President of Churchill Steel. He confirmed that none of his trucks were involved in the incident; because 3 trucks have not left the business all day; and the other two trucks they own were not back yet. Mr. Fleming advised Precision Steel of Toledo was the only delivery truck for the day.  Spoke to Juan Sauseda; shipping supervisor for Precision Steel. Mr. Sauseda stated he spoke to his driver and inspected the truck and there where no signs of the truck being involved in any kind of accident. Mr. Sauseda stated that he reviewed the gps movements of the truck and it slowed 11 mile per hour and turned directly into Churchill Steel.  Unable to determine if there was a Unit #2. There was no evidence on the roadway to suggest an accident took place. ,Police,False,1/3/2023 2:22:00 PM,1/3/2023 2:43:00 PM,1/3/2023 2:44:00 PM,1/3/2023 3:26:00 PM,10,10,1008 - McKeown; Anthony,1008,1290 - Lowe; Michael,1290,False,,,Curve Level,Wet,Blacktop; Bituminous; Asphalt,0,0,53,False,False,False,False,False,False,False,False,False,False,False,False,False,False,False,True,False
	2023-00001933,20233007331,Property Damage Only,,,False,True,False,False,True,False,False,	04705,2,1,Lorain County,City,Lorain,1/16/2023 9:12:00 PM,44856,41.442181,-82.136663,,,East,31ST,Street,,,,,,,Pearl,Intersection,Avenue,True,4,False,On Roadway,Angle,Rain,Dark - Lighted Roadway,False,False,False,False,,,Unit 1 was traveling eastbound on E. 31st St. approaching the intersection with Pearl Ave. Unit 2 was traveling northbound on Pearl Ave approaching the intersection with E. 31st St. Unit 1 failed to stop at the stop sign and entered the traffic lane; striking Unit 2's driver's side.    ,Police,False,1/16/2023 9:12:00 PM,1/16/2023 9:13:00 PM,1/16/2023 9:15:00 PM,1/16/2023 10:00:00 PM,,,Dalton Scott  Schmittle,4106,Larry Arthur Swanger,802,False,,,Straight Grade,Wet,Blacktop; Bituminous; Asphalt,0,0,47,False,False,False,False,False,False,False,False,False,False,True,True,False,False,False,False,False
	235000599,20233007332,Property Damage Only,Unsolved,,False,False,False,False,False,False,False,	CIP00,2,1,Hamilton County,City,CINCINNATI,1/18/2023 8:40:00 AM,15000,39.094126,-84.522422,Interstate Route (Turnpike is also IR),75,,,,,,,,,,0.1,Mile Post,Milepost,False,,False,On Roadway,Sideswipe; same direction,Cloudy,Daylight,False,False,False,False,,,Both units traveling northbound I-75 on the Brent Spence Bridge. Unit #1 was in the left lane. Unit #2 was in the left center lane. Driver #2 stated Unit #1 left its lane and struck the driver side mirror area of Unit #2. Unit #2 left the scene without exchanging required information.,Police,False,1/18/2023 8:46:00 AM,1/18/2023 8:50:00 AM,1/18/2023 8:55:00 AM,1/18/2023 9:37:00 AM,,,DETTMER; BRYAN S.,P0057,HEINE; JOHN J.,S0150,True,North,Divided; Raised Median (Any type),Straight Level,Dry,Concrete,0,0,47,False,False,False,False,False,False,False,False,True,False,False,False,False,False,False,True,False