LocalReportNumber,DocumentNumber,CrashSeverity,HitSkip,LocalInformation,SecondaryCrash,PhotosTaken,OH2,OH3,OH1P,OHOther,PrivateProperty,ReportingAgencyNCIC,NumberOfUnits,UnitInError,County,InCityVillageTownship,CityVillageTownshipName,CrashDateTime,FIPSPlaceCode,Latitude,Longitude,LocationRouteType,LocationRouteNumber,LocationPrefix,LocationRoadName,LocationRoadType,DistanceFromReference,DistanceReferenceMeasurement,DirectionFromReference,ReferenceRouteType,ReferenceRouteNumber,ReferencePrefix,ReferenceName,ReferencePointUsed,ReferenceRoadType,IntersectionOrApproachRelated,NumberOfApproaches,WithinInterchangeArea,LocationFirstHarmfulEvent,MannerOfCollision,Weather,LightCondition,ActiveSchoolZoneRelated,WorkZoneRelated,WorkersPresent,LawEnforcementPresentInWorkZone,WorkZoneType,WorkZoneLocation,Narrative,ReportTakenBy,Supplement,CrashReportedDateTime,DispatchedDateTime,ArrivedDateTime,SceneClearedDateTime,OtherInvestigationTime,TotalTimeRoadwayClosed,OfficerName,OfficerBadgeNumber,CheckedByOfficerName,CheckedByBadgeNumber,RoadwayDivided,DividedLaneTravelDirection,DividedMedianType,RoadContour,RoadCondition,RoadSurface,TotalInjured,TotalKilled,TotalMinutes,AnimalRelated,AnimalDeerRelated,AlcoholRelated,DrugRelated,BicycleRelated,MotorCycleRelated,SpeedRelated,PedestrianRelated,SemiTruckRelated,SmallTruckRelated,YouthRelated,TeenRelated,DUI21Related,SeniorRelated,FatalNotReportable,CommercialRelated,CommercialAtFault
	230100,20233007762,Property Damage Only,Solved,,False,True,True,False,False,False,False,	01850,1,1,Cuyahoga County,City,South Euclid (Bluestone),1/17/2023 5:27:24 PM,73264,41.543240,-81.538240,,,South,S BELVOIR BLVD,Boulevard,,,,,,,267,House Number,,False,,False,On Roadside,Not Collision Between Two Vehicles in Transport,Clear,Dark - Lighted Roadway,False,False,False,False,,,Unit # 1 was traveling n b on S. Belvoir Blvd. near 267.  The vehicle traveled off of the roadway on the right side and onto the city tree lawns of 267; 255; and 243.  Unit #1 came to rest in the culvert at 243 S. Belvoir Blvd.  The operator and passenger were able to free the vehicle.  Damage was sustained to all three tree lawns.  The male operator walked away from the scene and was located based on descriptions received.  The female passenger drove the vehicle away prior to officers  arrival.  Officers spoke with the male; who did not have a cellular device.  He indicated he was distracted by the passengers; causing the accident.  He was taken to his residence where we spoke with the female and their four year old child.  She did not have a working cellular device.  She confirmed the male was the operator of the vehicle.  She left the vehicle on the roadway at 1902 Belvoir Blvd. in Cleveland (1.6 miles from the scene) due to it becoming disabled.   r n     The tree lawns and culvert are owned by the City of South Euclid; 1349 S. Green Rd.; South Euclid; Ohio 44121.  216-381-0402,Police,False,1/17/2023 5:27:24 PM,1/17/2023 5:31:23 PM,1/17/2023 5:36:22 PM,1/17/2023 6:26:17 PM,90,0,WILL  LAZOR,2033,ROBERT  ABELE,2007,False,,,Straight Level,Wet,Blacktop; Bituminous; Asphalt,0,0,145,False,False,False,False,False,False,False,False,False,False,False,False,False,False,False,False,False
	235000604,20233007763,Property Damage Only,Unsolved,,False,False,False,False,False,False,False,	CIP00,2,1,Hamilton County,Village,CINCINNATI,1/18/2023 8:30:00 AM,15000,39.199782,-84.537340,,,,HOMESIDE,Avenue,,,,,,,1150,House Number,,False,,False,On Roadway,Not Collision Between Two Vehicles in Transport,Clear,Daylight,False,False,False,False,,,UNIT #1 STRUCK UNIT #2 WESTBOUND ON HOMESIDE AVE THEN FLED IN UNKNOWN DIRECTION .,Police,False,1/18/2023 8:41:00 AM,1/18/2023 8:41:00 AM,1/18/2023 8:45:00 AM,1/18/2023 9:41:00 AM,0,0,WARD; ANTHONY,P0079,HASSERT; MATTHEW A.,S0411,False,,,Straight Level,Dry,Blacktop; Bituminous; Asphalt,0,0,60,False,False,False,False,False,False,False,False,False,False,False,False,False,False,False,False,False
	2023-00001316,20233007764,Property Damage Only,,,False,False,True,False,False,False,False,	03201,1,98,Hancock County,City,Findlay,1/18/2023 2:38:00 AM,27048,41.080252,-83.611770,Numbered County Route,212,,,,0.20,Miles,East,,,,BRIGHT,Intersection,Road,False,,False,On Roadway,Not Collision Between Two Vehicles in Transport,Clear,Dark - Lighted Roadway,False,False,False,False,,,UNIT 1 WAS TRAVELING EASTBOUND ON CR 212 WEST OF BRIGHT RD.  UNIT 1 STRUCK A DEER THAT WAS IN THE ROADWAY.  NO INJURIES WERE REPORTED AND UNIT 1 DROVE FROM THE SCENE.   On January 18; 2023 I was dispatched for a car deer crash on CR 212 east of Bright Rd.  Upon arrival I spoke with Gerard Vancalster who was driving a black 2018 Chevy Silverado (OH RP DMV5208).  He advised he was headed eastbound on CR 212 and a deer ran in front of him.  He struck the deer causing minor damage to the front of his vehicle.  No injuries were reported and the vehicle was driven from the scene.  The deer was not able to be located.   Ofcr. Tim Brown 238   ,Police,False,1/18/2023 2:38:00 AM,1/18/2023 2:42:00 AM,1/18/2023 2:50:00 AM,1/18/2023 3:00:00 AM,30,0,Timothy A Brown,238,Christopher Huber,870,False,,,Straight Level,Dry,Blacktop; Bituminous; Asphalt,0,0,48,True,True,False,False,False,False,False,False,False,True,False,False,False,False,False,False,False
	2023-00001269,20233007765,Property Damage Only,,,False,True,True,False,False,False,False,	03201,2,1,Hancock County,City,Findlay,1/17/2023 10:57:00 AM,27048,41.007830,-83.650210,,,,OLIVE,Street,39.00,Feet,East,,,,MAIN,Intersection,Street,True,3,False,On Roadway,Angle,Clear,Daylight,False,False,False,False,,,Unit 1 was traveling south on S. Main St in the center lane and approaching the intersection with Olive St. Unit 2 was traveling west on Olive St and stopped at the stop sign at the intersection with S. Main St. Unit 1 began to make a left turn onto Olive St. While turning; the front left of Unit 1 struck the front left of Unit 2. No injuries were reported. Unit 2 was driven from the scene under its own power. Unit 1 was parked in a nearby parking lot until the owner could tow it from the scene.   On 1-17-2023 at 1057 hours I was dispatched to a report of a two vehicle accident at the intersection of S. Main St and Olive St. I arrived on scene and located both vehicles; a gray 2016 GMC Terrain bearing OH registration HXE2583 and a gold 2012 Chevy Equinox bearing RI RQ BG317.  I first spoke with the driver of the GMC; identified as Tera Smith. Tera advised that she was not injured from the accident. Tera advised that she was traveling south in the center lane on S. Main St and approaching the intersection of Olive St. Tera advised that she intended to make a left turn onto Olive St; so she was originally stopped and waiting for traffic to clear to make the turn safely. Tera advised that while waiting; she noticed a vehicle approaching behind her and believed that the vehicle was not intending to stop. Tera advised that she panicked and quickly made a left turn onto Olive  ,Police,False,1/17/2023 10:57:00 AM,1/17/2023 10:58:00 AM,1/17/2023 11:00:00 AM,1/17/2023 11:26:00 AM,30,0,Jordan A Cramer,368,Jason M Morey,1319,False,,,Straight Level,Dry,Blacktop; Bituminous; Asphalt,0,0,58,False,False,False,False,False,False,False,False,False,False,True,True,False,False,False,False,False
	235000631,20233007766,Property Damage Only,Unsolved,,False,False,False,False,False,False,False,	CIP00,1,1,Hamilton County,City,CINCINNATI,1/18/2023 10:15:00 PM,15000,39.180937,-84.577579,,,,SHEPHERD CREEK,Road,,,,,,,4892,House Number,,False,,False,Outside Trafficway,Not Collision Between Two Vehicles in Transport,Rain,Dark - Lighted Roadway,False,False,False,False,,,UNIT 1 WAS TRAVELING IN AN UNKNOWN DIRECTION. THE DRIVER OF UNIT 1 TRIED AND FAILED TO NEGOTIATE A CURVE ON SHEPARD CREEK RD. THUS THE VEHICLE; UNIT 1; WENT OFF ROAD STOPING IN A CREEKBED.,Police,False,1/18/2023 10:17:00 PM,1/18/2023 10:18:00 PM,1/18/2023 10:40:00 PM,1/19/2023 12:03:00 AM,,35,RICHMOND; ALEXANDER J.,P0530,WARD; NEDRA Y.,S0082,False,,,Curve Level,Wet,Blacktop; Bituminous; Asphalt,0,0,105,False,False,False,False,False,False,False,False,False,False,False,False,False,False,False,False,False
	230003267,20233007770,Injury Possible,,,False,True,False,False,False,False,False,	01843,2,1,Cuyahoga County,City,PARMA HEIGHTS,1/17/2023 9:30:00 AM,61028,41.381540,-81.782200,Federal US Route,42,,PEARL RD,Road,,,,,,,6682,House Number,,True,2,False,On Roadway,Rear-end,Cloudy,Daylight,False,False,False,False,,,Unit #2 driver states that she was in through curb lane southwest bound on Pearl Rd. when she was struck from behind by Unit #1. Unit #1 driver states that she was in the curb lane southwest bound on Pearl Rd. Unit # 1 driver thought Unit #2 was slowing in traffic and tried to stop but her brakes did not work in time to stop. Unit #1 then struck Unit #2.,Police,False,1/17/2023 9:33:32 AM,1/17/2023 9:34:19 AM,1/17/2023 9:36:58 AM,1/17/2023 11:22:09 AM,50,0,MATT P CZECH,6161,MICHAEL J DEILY,6162,False,,,Straight Level,Wet,Blacktop; Bituminous; Asphalt,0,0,158,False,False,False,False,False,False,False,False,False,False,False,False,False,True,False,False,False
	2023-00001059,20233007771,Property Damage Only,Unsolved,,False,True,True,True,False,False,False,	03201,2,1,Hancock County,City,Findlay,1/14/2023 7:13:00 PM,27048,41.058515,-83.672280,,,West,TRENTON,Avenue,,,,,,,NORTHRIDGE,Intersection,Road,True,4,False,On Roadway,Sideswipe; opposite direction,Clear,Dark - Lighted Roadway,False,False,False,False,,,Unit 2 was traveling westbound on W. Trenton Ave; toward Northridge Rd; in the southbound turn lane. Unit 2 continued; making a left turn; southbound onto Northridge Rd. While making the left turn; Unit 2 was sideswiped by Unit 1. At the time; Unit 1 was making a right turn; eastbound onto W. Trenton Ave; from Northridge Rd. Unit 1 proceeded to flee the scene. Unit 1 was described by a nearby witness as a newer model blue Dodge Durango.  The Occupants of Unit 2 both stated they were not injured. Unit 2 was photographed and was later driven from the scene.   Unit 1 has not been located or identified as of 01/18/2023.   On 01/14/2023 at approximately 1913 hours; I was dispatched to a report of a hit/skip traffic crash; near the intersection of W. Trenton Ave; and Northridge Rd. I arrived and observed a maroon 2014 Honda Accord bearing Ohio registration: CT13CN.   I spoke with the driver of the Accord; Judy A. Green and her passenger; Karen Cashel. Judy told me that she had been driving westbound on W. Trenton Ave; toward Northridge Rd. Judy was in the farthest left turn lane; with the intent of turning south onto Northridge Rd; to go to a nearby restaurant. When the traffic light turned green; Judy began to turn left; and while turning left; the back driver's side of her vehicle was side-swiped by a vehicle turning right from Northridge Rd. onto W. Trenton Ave. Judy and K  ,Police,False,1/14/2023 7:13:00 PM,1/14/2023 7:39:00 PM,1/14/2023 7:43:00 PM,1/14/2023 8:41:00 PM,60,0,Nicholas J Price,1659,Christopher Huber,870,False,,,Straight Level,Dry,Blacktop; Bituminous; Asphalt,0,0,122,False,False,False,False,False,False,False,False,False,False,False,False,False,True,False,False,False
	235000474,20233007774,Property Damage Only,,,False,True,False,False,False,False,False,	CIP00,1,99,Hamilton County,City,CINCINNATI,1/14/2023 11:15:00 AM,15000,39.127611,-84.574488,,,,QUEEN CITY,Avenue,20.00,Feet,North,,,,2203,House Number,,False,,False,On Roadway,Not Collision Between Two Vehicles in Transport,Clear,Daylight,False,False,False,False,,,UNIT #1 WAS TRAVELLING EAST BOUND ON QUEEN CITY AV IN THE CURB LANE. A WHEEL AND TIRE THAT APPEARED TO BELONG TO LAWN EQUIPMENT OR A SPARE "DOUGHNUT" STYLE TIRE STRUCK UNIT 1'S WINDSHIELD. THE DRIVER OF UNIT 1 DID NOT SEE WHERE THE TIRE CAME FROM OR WHAT VEHICLE MAY HAVE BEEN CARRYING IT.,Police,False,1/14/2023 11:27:00 AM,1/14/2023 12:13:00 PM,1/14/2023 12:15:00 PM,1/14/2023 1:15:00 PM,,,LORENZ; JOSEPH J.,P0850,ELSAESSER; DONALD G.,S0030,False,,,Straight Grade,Dry,Blacktop; Bituminous; Asphalt,0,0,62,False,False,False,False,False,False,False,False,False,False,False,False,False,False,False,False,False
	230028559,20233007777,Property Damage Only,Unsolved,5/74,False,False,False,False,False,False,False,	COP00,2,1,Franklin County,City,Columbus,1/12/2023 12:02:00 PM,18000,39.984390,-82.909070,,,East,5th,Avenue,10.00,Feet,West,,,North,James,Intersection,Road,False,,False,On Roadway,Sideswipe; same direction,Rain,Daylight,False,False,False,False,,,On 1/12/2023; driver of unit #2 reported that he was traveling east on E 5th Ave at N James Rd when unit #1; a silver Hyundai crossover SUV; turned left (north) as unit #1 was traveling beside him east on 5th Ave. Driver of unit #2 reported that the driver of unit #1 was a hispanic female and that the vehicle fled the scene of the collision. ,Police,False,1/12/2023 12:02:00 PM,1/12/2023 12:04:00 PM,1/12/2023 12:08:00 PM,1/12/2023 12:20:00 PM,60,0,PELLEGRINI; THOMAS,2513,RAMSEY; MICHAEL,5262,False,,,Straight Level,Wet,Concrete,0,0,76,False,False,False,False,False,False,False,False,False,False,False,False,False,False,False,False,False
	230031136,20233007778,Property Damage Only,Unsolved,5/73,False,False,False,False,False,False,False,	COP00,1,1,Franklin County,City,Columbus,1/13/2023 1:30:00 PM,18000,39.984890,-82.967730,,,East,5th,Avenue,40.00,Feet,West,,,,Joyce,Intersection,Avenue,False,,False,On Roadway,Not Collision Between Two Vehicles in Transport,Rain,Other/Unknown,False,False,False,False,,,On 1/13/2023 at 2:20 p.m.; John Gilmore; with the City of Columbus Division of Water; reported hit-skip damage sustained to the perimeter chain-link fence at the City of Columbus Division of Water Facility at 1385 E 5th Ave. An unknown vehicle; unit #1; ran off the road near E 5th Ave & Joyce Ave and impacted the fence causing extensive damage. ,Police,False,1/13/2023 1:30:00 PM,1/13/2023 2:20:00 PM,1/13/2023 2:25:00 PM,1/13/2023 2:30:00 PM,60,0,PELLEGRINI; THOMAS,2513,RAMSEY; MICHAEL,5262,False,,,Straight Level,Wet,Concrete,0,0,70,False,False,False,False,False,False,False,False,False,False,False,False,False,False,False,False,False
	2300015,20233007779,Property Damage Only,,C2,False,False,True,False,False,False,False,	04311,2,2,Lake County,City,WICKLIFFE,1/13/2023 7:10:00 AM,85036,41.617651,-81.471266,,,,LAKELAND,Boulevard,10.00,Feet,East,,,,WORDEN,Intersection,Road,True,4,False,On Roadway,Sideswipe; same direction,Snow,Dark - Lighted Roadway,False,False,False,False,,,***See attached OH-2 Supplement for Narrative***,Police,False,1/13/2023 7:12:53 AM,1/13/2023 7:14:06 AM,1/13/2023 7:17:15 AM,1/13/2023 7:45:00 AM,30,0,ANTHONY REGNIER,0144,BRETT PEEPLES,0150,False,,,Straight Level,Wet,Blacktop; Bituminous; Asphalt,0,0,61,False,False,False,False,False,False,False,False,False,True,True,False,False,False,False,True,True
	230023490,20233007780,Property Damage Only,,160,False,False,False,False,False,False,False,	COP00,2,1,Franklin County,City,Columbus,1/10/2023 11:05:00 AM,18000,39.953470,-82.998940,,,South,High,Street,,,,,,East,Fulton,Intersection,Street,False,,False,On Roadway,Sideswipe; same direction,Clear,Daylight,False,False,False,False,,,Unit #1 (CFD Ladder #1) was traveling  N/B on S High St just S/O E Fulton St. Unit #2 was parked unoccupied  on the right side of S High St just S/O E Fulton St. Unit #1 struck Unit #2 with the right rear tire while attmpting to turn right onto E Fulton St causing damage to the driverside front panel of Unit #2. Occupant of Unit #1 (Ohio OLN SQ098654) was the rear tiller driver of CFD Ladder #1. Officers could not determine which driver of CFD Ladder #1 was at fault.,Police,False,1/10/2023 11:05:00 AM,1/10/2023 11:05:00 AM,1/10/2023 11:15:00 AM,1/10/2023 12:30:00 PM,,,CHAMPER; JACOB,2359,RAMSEY; MICHAEL,5262,False,,,Straight Level,Dry,Blacktop; Bituminous; Asphalt,0,0,85,False,False,False,False,False,False,False,False,False,False,False,False,False,False,False,False,False
	2300012,20233007782,Serious Injury Suspected,,C2,False,True,False,False,False,False,False,	04311,1,1,Lake County,City,WICKLIFFE,1/9/2023 4:41:52 PM,85036,41.621595,-81.465083,State Route,2,,,,50.00,Feet,West,,,,210.0,Mile Post,Milepost,False,,True,On Shoulder,Not Collision Between Two Vehicles in Transport,Clear,Daylight,False,False,False,False,,,Unit #1 was traveling westbound on SR 2 in the far left lane. When Unit #1 came over the crest of a hill; the driver was unable to see due to the sunlight. Unit #1 ran off the road and struck the guardrail on the left side of the highway causing disabling damage to the vehicle. The driver of Unit #1 was transported to Hillcrest Hospital by WFD.,Police,False,1/9/2023 4:41:52 PM,1/9/2023 4:42:30 PM,1/9/2023 4:46:20 PM,1/9/2023 5:12:36 PM,30,0,MEGHAN R BLAIR,0164,BRETT PEEPLES,0150,True,West,Divided; Raised Median (Any type),Straight Level,Dry,Blacktop; Bituminous; Asphalt,0,0,60,False,False,False,False,False,False,False,False,False,False,False,False,False,False,False,False,False
	230026445,20233007783,Property Damage Only,Unsolved,123,False,False,False,False,False,False,False,	COP00,2,1,Franklin County,City,Columbus,1/11/2023 2:20:00 PM,18000,39.956196,-82.956405,,,,Berkeley,Road,0.00,Feet,East,,,,721,House Number,,False,,False,On Roadway,Angle,Rain,Daylight,False,False,False,False,,,Owner of unit 2 says she saw unit 1 hit her parked car after it turned from West-bound Kent onto North -bound Berkeley.  She asked the driver if he was okay; but he didn't reply and fled the scene.  Owner of unit 2 stated she saw the first part of the tag was JCG. The car was possibly a Hyundai.  Note-- another police car was nearby recovering stolen vehicles; but none matched the tag or were close to it.,Police,False,1/11/2023 2:27:00 PM,1/11/2023 4:13:00 PM,1/11/2023 4:20:00 PM,1/11/2023 5:15:00 PM,,,JOHNSON; MARK,1970,RAMSEY; MICHAEL,5262,False,,,Straight Level,Wet,Blacktop; Bituminous; Asphalt,0,0,62,False,False,False,False,False,False,False,False,False,False,False,False,False,False,False,False,False
	2023-30001114,20233007787,Property Damage Only,,,False,True,False,False,False,False,False,	02101,2,99,Delaware County,City,Delaware,1/17/2023 12:42:00 PM,21434,40.298571,-83.063043,Federal US Route,36,East,WILLIAM,Street,,,,Federal US Route,23,, Columbus,Intersection,Pike,True,5,True,On Roadway,Angle,Cloudy,Daylight,False,False,False,False,,,Unit 1 stated she was travelling westbound on E. U.S. 36 (E. William St.) and entered the intersection for the off ramp for U.S. 23 while her traffic signal was green. Unit 1 stated she was struck by Unit 2 as they turned westbound onto E. U.S. 36.    Unit 2 stated he had just exited U.S. 23 North at U.S. 36 and was stopped for the traffic light. Unit 2 stated when his traffic signal turned green; he proceeded to turn left onto U.S. 36 heading westbound. Unit 2 stated he never saw unit 1 as he turned. Unit 2 stated unit 1 ran her red light and struck him.  Unit 2's passenger statement was similar to Unit 2. No additional independent witnesses stopped to assist. Both motor vehicles had been moved prior to my arrival. The traffic signal at that intersection does have delay to clear the intersection before the next signal turns green. There are cameras at that intersection; but they do not record.   Currently there is not enough information to determine fault. Both Unit 1 and unit 2 filled out written statements that will be added to this report. Unit 2 did get a citation for operating a motor vehicle without a valid driver &rsquo; s license. ,Police,False,1/17/2023 12:47:00 PM,1/17/2023 12:47:00 PM,1/17/2023 12:47:00 PM,1/17/2023 1:52:00 PM,45,45,52 - Whittaker; Curtis,52,10 - Claar; Donald,10,False,,,Straight Level,Dry,Blacktop; Bituminous; Asphalt,0,0,110,False,False,False,False,False,False,False,False,False,False,True,False,False,True,False,False,False
	20230041,20233007790,Minor Injury Suspected,Unsolved,,False,False,False,False,False,False,False,	01849,2,1,Cuyahoga County,City,SOLON,1/19/2023 6:00:00 AM,72928,41.381089,-81.469266,,,,COCHRAN,Road,15.00,Feet,South,,,,CARTER,Intersection,Street,True,4,False,On Roadway,Not Collision Between Two Vehicles in Transport,Rain,Dark - Lighted Roadway,False,False,False,False,,,Unit # 2 was standing on the southwest corner of Cochran Road at FA Lennon Drive. Unit # 2 received a walk indication to cross Cochran Road and began to walk in the crosswalk to the east side of the street. Unit # 2 was traveling west on Carter Street in the left turn lane approaching Cochran Road on a green traffic signal. Unit # 1 turned left onto Cochran Road failing to yield the right of way to Unit # 2 which resulted in the front left corner side of Unit # 1 to come into contact with the left side of Unit # 2. Unit # 2 was knocked to the ground and Unit # 1 left the scene.,Police,False,1/19/2023 6:46:59 AM,1/19/2023 6:53:51 AM,1/19/2023 6:57:44 AM,1/19/2023 7:20:46 AM,0,0,BRAD  LENDER,0768,ANTHONY  HORVATH,7108,False,,,Straight Level,Wet,Concrete,0,0,27,False,False,False,False,False,False,False,True,False,False,False,False,False,False,False,False,False
	20230098,20233007792,Property Damage Only,,3 PALMS PIZZERIA,False,True,False,False,False,False,False,	07705,2,2,Summit County,City,HUDSON,1/15/2023 12:40:00 PM,36651,41.241244,-81.443311,,,,VILLAGE,Way,10.00,Feet,West,,,,LIBRARY,Intersection,Street,False,,False,On Roadway,Backing,Clear,Daylight,False,False,False,False,,,Unit#1 was stopped behind Unit#2 when Unit#2 backed up and struck Unit#1.  Unit#2 was attempting to back into a parking space.  Minor damage.  No injuries.,Police,False,1/15/2023 12:40:00 PM,1/15/2023 12:45:00 PM,1/15/2023 12:54:00 PM,1/15/2023 1:54:00 PM,30,,John Dean,188,Kevin Gahagan,187,False,,,Straight Level,Dry,Blacktop; Bituminous; Asphalt,0,0,99,False,False,False,False,False,False,False,False,False,False,False,False,False,False,False,False,False
	23011621391745,20233007793,Property Damage Only,Unsolved,SCOTT PARK,False,False,False,False,False,False,False,	04807,2,2,Lucas County,City,TOLEDO,1/16/2023 5:45:00 PM,77000,41.691900,-83.582340,,,,TORRANCE,Road,100.00,Feet,South,,,West,SYLVANIA,Intersection,Avenue,False,,False,On Roadway,Angle,Cloudy,Dawn/Dusk,False,False,False,False,,,Driver of Unit 1 made this report at Safety Building.  Unit 1 was operating northbound on Torrance and approaching the red light at the intersection of W Sylvania.  As Unit 1 was passing the rear driveway of The Vault Antiques & Treasures antique store; Unit 2 was backing out of the driveway of the antique store and collided with Unit 1.  No injuries reported.  The driver of Unit 2 allowed Driver of Unit 1 to take a photo of his driver's license.  The unnamed female passenger of Unit 2 provided driver of Unit 1 a phone number (419)673-9686.  This number has been disconnected.  Driver of Unit 1 did not obtain the license plate number of Unit 2; but described the vehicle as a burgundy Suburban.  Officer Tracey Britt #2139 drafted the original traffic crash report.  Allen R. Sydnor did not appear for the scheduled interview on 02/07/2023. Allen R. Sydnor was identified as the operator of Unit 2.  Allen R. Sydnor was issued a summons E-Citation #UHDZBF1 for Rules for Starting and Backing 4511.38  Motorist 2: Allen R. Sydnor DOB: 07/15/1973 OLN: RT336762 2911 Lawrence Ave. Toledo; OH 43610 (419) 673-9686  Unit 2: 2001 Maroon GMC Yukon Ohio FMQ1833 VIN: 1GKFK16T41J282297 Priscilla Sydnor 2911 Lawrence Ave. Toledo; OH 43610  Founders Insurance Policy #ITOH293563  Cleared by summons citation.,Police,True,1/17/2023 12:00:00 PM,1/17/2023 12:00:00 PM,1/17/2023 12:00:00 PM,1/17/2023 12:00:00 PM,,,DAVID MOSINIAK,2279,TIMOTHY HANUS,1925,False,,,Straight Level,Dry,Blacktop; Bituminous; Asphalt,0,0,0,False,False,False,False,False,False,False,False,False,False,False,False,False,False,False,False,False
	23011823350753,20233007794,Property Damage Only,,CENTRAL,False,False,False,False,False,False,False,	04807,2,1,Lucas County,City,TOLEDO,1/19/2023 7:53:00 AM,77000,41.722890,-83.515200,State Route,184,East,ALEXIS,Road,,,,,,,BENORE,Intersection,Road,True,4,False,On Roadway,Sideswipe; same direction,Rain,Daylight,False,False,False,False,,,Unit 02 was going W/B on E. Alexis near Benore. Unit 01 was going in the same direction and switched lanes striking Unit 02 on the left side.,Police,False,1/19/2023 7:53:00 AM,1/19/2023 7:53:00 AM,1/19/2023 8:04:00 AM,1/19/2023 9:45:00 AM,,,JEFFREY LEPIARZ,2335,TIMOTHY HANUS,1925,False,,,Straight Level,Wet,Blacktop; Bituminous; Asphalt,0,0,112,False,False,False,False,False,False,False,False,True,False,False,False,False,False,False,True,True
	SO2301002851,20233007795,Injury Possible,,,False,False,False,False,False,False,False,	08300,2,1,Warren County,Township,Deerfield (Township of),1/18/2023 5:31:45 PM,21238,39.293272,-84.312611,,,,FIELDS ERTEL,Road,,,,,,,4898,House Number,,False,,False,On Roadway,Rear-end,Rain,Dark - Roadway Not Lighted,False,False,False,False,,,Unit 1 was preparing to make a lane change near 4898 Fields Ertel Road.  As Unit 1 looked at her blind spot; she rear ended Unit 2 traveling Westbound in front of her.  The occupants of Unit 2 reported whiplash soreness.  Unit 1 sustained disabling damage. ,Police,False,1/18/2023 5:32:00 PM,1/18/2023 5:32:00 PM,1/18/2023 5:39:00 PM,1/18/2023 6:23:00 PM,0,0,Palmer; Kenny 974,974,Coleman; Kennon 912,912,False,,,Straight Level,Wet,Blacktop; Bituminous; Asphalt,0,0,51,False,False,False,False,False,False,False,False,False,False,True,True,False,False,False,False,False