LocalReportNumber,DocumentNumber,CrashSeverity,HitSkip,LocalInformation,SecondaryCrash,PhotosTaken,OH2,OH3,OH1P,OHOther,PrivateProperty,ReportingAgencyNCIC,NumberOfUnits,UnitInError,County,InCityVillageTownship,CityVillageTownshipName,CrashDateTime,FIPSPlaceCode,Latitude,Longitude,LocationRouteType,LocationRouteNumber,LocationPrefix,LocationRoadName,LocationRoadType,DistanceFromReference,DistanceReferenceMeasurement,DirectionFromReference,ReferenceRouteType,ReferenceRouteNumber,ReferencePrefix,ReferenceName,ReferencePointUsed,ReferenceRoadType,IntersectionOrApproachRelated,NumberOfApproaches,WithinInterchangeArea,LocationFirstHarmfulEvent,MannerOfCollision,Weather,LightCondition,ActiveSchoolZoneRelated,WorkZoneRelated,WorkersPresent,LawEnforcementPresentInWorkZone,WorkZoneType,WorkZoneLocation,Narrative,ReportTakenBy,Supplement,CrashReportedDateTime,DispatchedDateTime,ArrivedDateTime,SceneClearedDateTime,OtherInvestigationTime,TotalTimeRoadwayClosed,OfficerName,OfficerBadgeNumber,CheckedByOfficerName,CheckedByBadgeNumber,RoadwayDivided,DividedLaneTravelDirection,DividedMedianType,RoadContour,RoadCondition,RoadSurface,TotalInjured,TotalKilled,TotalMinutes,AnimalRelated,AnimalDeerRelated,AlcoholRelated,DrugRelated,BicycleRelated,MotorCycleRelated,SpeedRelated,PedestrianRelated,SemiTruckRelated,SmallTruckRelated,YouthRelated,TeenRelated,DUI21Related,SeniorRelated,FatalNotReportable,CommercialRelated,CommercialAtFault
	23011921940850,20233007797,Property Damage Only,Unsolved,SCOTT PARK,False,False,False,False,False,False,False,	04807,2,2,Lucas County,City,TOLEDO,1/19/2023 8:50:00 AM,77000,41.698390,-83.605410,,,,WESTBROOK,Drive,,,,,,,2544,House Number,,False,,False,On Roadway,Sideswipe; same direction,Rain,Daylight,False,False,False,False,,,UNIT#1 WAS HEADING WESTBOUND ON WESTBROOK DR IN THE 2500 BLOCK.  UNIT#2 WAS HEADING WESTBOUND ON WESTBROOK DR IN THE 2500 BLOCK BEHIND UNIT#1.  THE DRIVER OF UNIT#1 SLOWED DOWN TO GET ADDRESSES OFF OF THE HOUSES ON THE STREET BECAUSE HE WAS GOING TO A SERVICE CALL ON THIS STREET.  UNIT#2 DECIDED TO PASS UNIT#1 BUT SIDESWIPED UNIT#1 AS THE TWO VEHICLES MIRRORS HIT; CAUSING AN ACCIDENT.  THE DRIVER OF UNIT#2 GOT OUT OF HIS VEHICLE FOR A SECOND; BUT THEN JUMPED BACK INSIDE AND IMMEDIATELY FLED THE SCENE WESTBOUND ON WESTBROOK DR AND THEN SOUTHBOUND ON BALES RD.  NO INJURIES REPORTED ON SCENE.  NO WITNESSES ON SCENE.  THE DRIVER OF UNIT#1 DESCRIBED UNIT#2 AS A NEWER BLACK DODGE RAM WITH A POSSIBLE OHIO DEALER PLATE ON THE BACK; DRIVEN BY A YOUNG BLACK MALE IN HIS 20'S (ABOUT 5'9"/200LBS).  THERE DID NOT APPEAR TO BE ANY SURVEILLANCE FOOTAGE IN THE AREA.  THE DRIVER OF UNIT#1 WAS ADVISED.  REPORT FORWARDED TO HIT SKIP UNIT.,Police,False,1/19/2023 8:51:00 AM,1/19/2023 8:52:00 AM,1/19/2023 8:55:00 AM,1/19/2023 9:05:00 AM,20,0,JOHN MATTIMORE,2194,TIMOTHY HANUS,1925,False,,,Curve Level,Wet,Blacktop; Bituminous; Asphalt,0,0,33,False,False,False,False,False,False,False,False,False,True,False,False,False,False,False,False,False
	SO2301002858,20233007798,Property Damage Only,,,False,False,False,False,False,False,False,	08300,2,1,Warren County,Township,Deerfield (Township of),1/18/2023 5:54:03 PM,21238,39.380562,-84.322724,,,,Bethany ,Road,,,,,,,Hickory Woods,Intersection,Drive,True,3,False,On Roadway,Angle,Rain,Dark - Lighted Roadway,False,False,False,False,,,Unit 2 was traveling eastbound on Bethany Road. Unit 1 was stopped at the stop sign on Hickory Woods Drive. Unit 1 failed to yield while making a left turn and struck Unit 2.   Unit 1 admitted fault. No injuries reported on scene.  ,Police,False,1/18/2023 5:55:00 PM,1/18/2023 5:55:00 PM,1/18/2023 6:10:00 PM,1/18/2023 6:33:00 PM,30,0,Deatherage; Danielle 815,815,Coleman; Kennon 912,912,False,,,Straight Level,Wet,Blacktop; Bituminous; Asphalt,0,0,68,False,False,False,False,False,False,False,False,False,False,True,True,False,False,False,False,False
	2300735,20233007800,Property Damage Only,,,False,False,False,False,False,False,False,	07604,2,1,Stark County,City,CANTON,1/18/2023 6:20:00 AM,12000,40.797767,-81.376601,State Route,62,,,Highway,,,,,,,24.2,Mile Post,Milepost,False,,False,On Roadway,Rear-end,Clear,Dark - Lighted Roadway,False,False,False,False,,,Units 2 & 1 driving WB on St Rt 62 W in that order r nUnit 2 slowed for traffic accident scene  r nUnit 1 failed to slow & struck Unit 2 r nUnit 1 at fault for the accident,Police,False,1/18/2023 6:20:00 AM,1/18/2023 6:20:00 AM,1/18/2023 6:20:00 AM,1/18/2023 6:50:00 AM,,0,PERRY THOMAS,205,STEVEN SWANK,21,True,West,Divided; Raised Median (Any type),Straight Grade,Dry,Blacktop; Bituminous; Asphalt,0,0,30,False,False,False,False,False,False,False,False,False,True,True,False,False,True,False,False,False
	2023C0000021,20233007803,Minor Injury Suspected,Unsolved,,False,False,False,False,False,False,False,	03110,3,1,Hamilton County,Village,Evendale,1/17/2023 6:44:00 AM,25802,39.262887,-84.439824,Interstate Route (Turnpike is also IR),75,,,,,,,,,,14.9,Mile Post,Milepost,False,,False,On Roadway,Angle,Cloudy,Dark - Lighted Roadway,False,True,False,False,Lane Closure,Advance Warning Area,UNKNOWN UNIT ONE WAS IN THE RIGHT LANE; UNIT TWO WAS IN THE CENTER LANE; AND UNIT THREE WAS IN THE LEFT LANE.  UNKNOWN UNIT ONE DESCRIBED AS A WHITE TRUCK MADE AN IMPROPER LANE CHANGE TO THE CENTER LANE; CAUSING UNIT TWO TO TAKE EVASIVE ACTION; SWERVING TO THE LEFT LANE STRIKING UNIT THREE.UNIT THREE THEN SWERVED INTO THE CENTER GRASS MEDIAN AFTER BEING STRUCK BY UNIT TWO.UNIT ONE THEN FLED THE SCENE PRIOR TO OFFICER'S ARRIVAL.,Police,False,1/17/2023 6:44:00 AM,1/17/2023 6:44:00 AM,1/17/2023 6:48:00 AM,1/17/2023 7:30:00 AM,20,0,Akers; Kevin,19,Trame; Tyler,84,True,North,Divided; Depressed Median,Straight Grade,Wet,Blacktop; Bituminous; Asphalt,0,0,66,False,False,False,False,False,False,False,False,False,True,False,False,False,False,False,True,False
	2023C0000022,20233007808,Property Damage Only,,,False,False,False,False,False,False,False,	03110,2,1,Hamilton County,Village,Evendale,1/17/2023 8:25:00 AM,25802,39.257344,-84.442302,Interstate Route (Turnpike is also IR),75,,,,,,,,,,14.5,Mile Post,Milepost,False,,False,On Roadway,Sideswipe; same direction,Cloudy,Daylight,False,False,False,False,,,Unit #1 and Unit #2 were both traveling southbound on IR-75 with Unit #1 in the middle lane and Unit #2 in the right lane. The driver of Unit #1 stated that traffic started to slow down and he attempted to change into the right lane. Unit #1 then struck the rear left of Unit #2 with the right front of Unit #1.,Police,False,1/17/2023 8:25:00 AM,1/17/2023 8:26:00 AM,1/17/2023 8:30:00 AM,1/17/2023 8:50:00 AM,30,,Ward; Joel,7,Trame; Tyler,84,True,South,Divided; Raised Median (Any type),Straight Level,Wet,Blacktop; Bituminous; Asphalt,0,0,54,False,False,False,False,False,False,False,False,False,False,True,True,False,False,False,False,False
	202300069,20233007809,Property Damage Only,Unsolved,,False,True,False,True,False,False,False,	07607,2,1,Stark County,City,Louisville,1/14/2023 6:32:00 PM,45094,40.835138,-81.259793,State Route,44,South,Chapel,Street,,,,,,,Broad,Intersection,Street,True,4,False,On Roadway,Sideswipe; opposite direction,Cloudy,Dawn/Dusk,False,False,False,False,,,Unit 1 traveled northbound on SR44. Unit 2 traveled southbound. Unit 1 went left of center striking the side of unit 2. Unit 1 continued on leaving the scene.,Police,False,1/14/2023 6:32:00 PM,1/14/2023 6:32:00 PM,1/14/2023 6:37:00 PM,1/14/2023 8:01:00 PM,,,KYLE OSSLER,18,WILLIAM STILLWAGON,2,False,,,Straight Level,Dry,Blacktop; Bituminous; Asphalt,0,0,89,False,False,False,False,False,False,False,False,False,False,True,False,False,False,False,False,False
	2300748,20233007810,Property Damage Only,Unsolved,,False,True,False,False,False,False,False,	07604,2,1,Stark County,City,CANTON,1/18/2023 12:00:00 AM,12000,40.784501,-81.414897,,,,BELLFLOWER AVE SW,Avenue,10.00,Feet,East,,,,1421,House Number,,False,,False,On Roadway,Sideswipe; same direction,Other/Unknown,Dark - Unknown Roadway Lighting,False,False,False,False,,,Unit #2 was parked facing southbound on Bellflower Ave SW outfront of 1421 Bellflower Ave SW. Unit #1 was traveling Southbound on Bellflower Ave SW when it struck(sideswipe) Unit #2 and drove off.,Police,True,1/18/2023 1:30:00 PM,1/18/2023 2:44:00 PM,1/18/2023 2:58:00 PM,1/18/2023 3:15:00 PM,,0,ZACHARY R COBLENTZ,179,STEVEN SWANK,21,False,,,Straight Level,Other/Unknown,Blacktop; Bituminous; Asphalt,0,0,31,False,False,False,False,False,False,False,False,False,False,False,False,False,False,False,False,False
	202300026,20233007811,Minor Injury Suspected,,IR 77 N/B near Oakes,False,True,False,True,False,False,False,	01808,2,1,Cuyahoga County,City,Brecksville,1/13/2023 4:34:00 PM,8364,41.306586,-81.647854,Interstate Route (Turnpike is also IR),77,,,,15.00,Feet,South,,,,149.2,Mile Post,Milepost,False,,False,On Roadway,Angle,Snow,Daylight,False,False,False,False,,,UNIT 1 WAS TRAVELING N/B ON IR 77 IN THE LEFT LANE. UNIT 2 WAS TRAVELING N/B ON IR 77 IN THE RIGHT LANE; JUST IN FRONT OF UNIT 1 . UNIT 1 CHANGED LANES FROM THE LEFT TO THE RIGHT AND COLLIDED/SIDE-SWIPED WITH THE LEFT REAR OF UNIT 2. THE OPERATOR OF UNIT 1 STATED THAT WHILE SWITCHING LANES HE LOST CONTROL AND SPUN OUT.,Police,False,1/13/2023 4:34:00 PM,1/13/2023 4:37:00 PM,1/13/2023 4:49:00 PM,1/13/2023 5:28:00 PM,90,51,J MULLER,1857,R JOHNSON,1849,True,North,Divided; Raised Median (Any type),Straight Level,Wet,Blacktop; Bituminous; Asphalt,0,0,141,False,False,False,False,False,False,True,False,True,False,True,True,False,False,False,True,False
	2300755,20233007812,Property Damage Only,,,False,False,False,False,False,False,False,	07604,2,1,Stark County,City,CANTON,1/18/2023 5:09:00 PM,12000,40.797450,-81.376750,,,,13TH ST NW,Street,,,,,,,BROAD AVE NW,Intersection,Avenue,True,4,False,On Roadway,Rear-end,Cloudy,Dawn/Dusk,False,False,False,False,,,Unit #2 was traveling Westbound on 13th St NW and came to a stop at a signal light at the intersection of 13th St NW  Broad Ave NW. Unit #1 was traveling Westbound on 13th St. NW and came to a stop behind Unit #2. Unit #1 stated he believed the light turned green and accelerated into the rear of Unit #2.,Police,False,1/18/2023 5:09:00 PM,1/18/2023 5:26:00 PM,1/18/2023 5:34:00 PM,1/18/2023 6:10:00 PM,,0,ZACHARY R COBLENTZ,179,STEVEN SWANK,21,False,,,Straight Level,Dry,Blacktop; Bituminous; Asphalt,0,0,44,False,False,False,False,False,False,False,False,False,False,True,False,False,False,False,False,False
	2023000238,20233007813,Property Damage Only,,,False,False,False,False,False,False,False,	00915,2,1,Butler County,Township,West Chester Township,1/16/2023 1:38:00 PM,83150,39.321987,-84.429146,,,,Muhlhauser,Road,2.00,Feet,North,,,,Schulze,Intersection,Drive,False,,False,On Shoulder,Not Collision Between Two Vehicles in Transport,Cloudy,Daylight,False,False,False,False,,,Unit 1 was traveling northbound on Muhlhauser Rd. Unit 2 was traveling northbound on Muhlhauser Rd. Unit 1 made a lane change into the right lane. Unit 2 was in the right lane and moved over the white line to avoid Unit 1. This caused Unit 2 to strike the curb causing damage to the front passenger tire.,Police,False,1/16/2023 1:38:00 PM,1/16/2023 1:40:00 PM,1/16/2023 1:44:00 PM,1/16/2023 2:02:00 PM,0,22,Steele; Elizabeth,10308,Gabbard; Tom,10115,False,,,Straight Level,Dry,Blacktop; Bituminous; Asphalt,0,0,22,False,False,False,False,False,False,False,False,False,True,True,False,False,True,False,True,True
	2300292,20233007814,Property Damage Only,,,False,False,True,False,False,False,False,	01830,2,1,Cuyahoga County,Village,MAYFIELD,1/14/2023 4:31:00 PM,48468,41.554030,-81.438560,State Route,91,,SOM CENTER RD,Road,,,,,,,531,House Number,,False,,False,On Roadway,Sideswipe; same direction,Cloudy,Daylight,False,False,False,False,,,Unit #02 was traveling S B (Som Center Rd.) S.R.91 in the left lane when Unit #01 abrubtly changed lanes from the right curb lane and struck Unit #02 in the right front. Unit #01 did not see Unit #02 before attempting to change lanes.,Police,False,1/14/2023 4:31:25 PM,1/14/2023 4:33:26 PM,1/14/2023 4:35:18 PM,1/14/2023 5:07:00 PM,35,0,DANIEL PREDOVIC,114,MARK  JUSTICE,057,True,South,Divided; Raised Median (Any type),Straight Level,Wet,Concrete,0,0,69,False,False,False,False,False,False,False,False,False,False,False,False,False,True,False,False,False
	IR2300162,20233007815,Injury Possible,,,False,False,False,False,False,False,False,	07500,2,1,Shelby County,Township,Jackson (Township of),1/16/2023 5:06:00 AM,38080,40.439440,-84.096738,State Route,274,,,,5.00,Yards,North,,,,PASCO MONTRA,Intersection,Road,True,2,False,On Roadway,Angle,Clear,Dark - Roadway Not Lighted,False,False,False,False,,,UNIT 1 WAS TRAVELING NORTH ON PASCO MONTRA ROAD APPROACHING THE STOP SIGN AT STATE ROUTE 274. UNIT 1 FAILED TO YIELD AT THE STOP SIGN TO EASTBOUND TRAFFIC AND WAS STRUCK BY UNIT TWO IN THE DRIVER SIDE CAUSING THE VEHICLE TO OVERTURN. BOTH VEHICLES SUSTAINED DISABLING DAMAGE. UNIT 1 WAS  TOWED FROM THE SCENE BY WRECKERS TOWING. UNIT 2 WAS TOWED FROM THE SCENE BY MANTOR TOWING.,Police,False,1/16/2023 5:06:00 AM,1/16/2023 5:06:00 AM,1/16/2023 5:16:00 AM,1/16/2023 6:12:00 AM,0,66,Knight; Austin,19,Howell; Joel,49,False,,,Straight Level,Dry,Blacktop; Bituminous; Asphalt,0,0,66,False,False,False,False,False,False,False,False,False,True,True,False,False,False,False,False,False
	ZP2301000881,20233007817,Property Damage Only,Solved,,False,True,False,False,False,False,False,	08314,2,1,Warren County,City,Springboro,1/18/2023 2:00:00 AM,74076,39.551415,-84.233666,State Route,741,South,Main,Street,,,,,,,455,House Number,,False,,False,On Roadway,Sideswipe; same direction,Clear,Dark - Lighted Roadway,False,False,False,False,,,On 1/18/23 at approx 0200 hrs Unit #1 was traveling south on S Main St and when in front of 455 S Main St; failed to maintain lane; striking the mirror of Unit #2 which was parked in a parking stall in front of this address. Unit #1 left the scene making no attempt to report this crash. Unit #1 was found using FLOCK cameras and SPD reporting systems. Unit #1 was contacted via phone admitted to being in control of the vehicle. Unit #1 had consistent damage with striking Unit #2 in a mirror to mirror collision.  ,Police,False,1/18/2023 4:18:01 PM,1/18/2023 4:20:00 PM,1/18/2023 4:27:00 PM,1/18/2023 4:45:00 PM,75,,Treon; Kyle Z170,Z170,Abrams; Eric Z139,Z139,False,,,Straight Level,Dry,Blacktop; Bituminous; Asphalt,0,0,100,False,False,False,False,False,False,False,False,False,True,False,False,False,False,False,False,False
	20230000000154,20233007818,Property Damage Only,,,False,True,False,False,False,False,False,	03900,1,98,Huron County,City,NORWALK (TOWNSHIP OF),1/16/2023 6:14:45 PM,57316,41.282389,-82.623811,,,,WHITTLESEY,Road,100.00,Feet,South,,,,5368 WHITTLESEY ROAD,House Number,,False,,False,On Roadway,Not Collision Between Two Vehicles in Transport,Rain,Dark - Roadway Not Lighted,False,False,False,False,,,Unit 1 was traveling North on Whittlesey Road. Unit 1 struck a deer that ran onto the road from the East causing damage to the front passenger side of the vehicle.,Police,False,1/16/2023 6:14:45 PM,1/16/2023 6:16:18 PM,1/16/2023 6:43:31 PM,1/16/2023 6:57:14 PM,0,0,GAERTTNER; DAKOTA P,3929,CORBIN; TODD J,3901,False,,,Straight Level,Wet,Blacktop; Bituminous; Asphalt,0,0,41,True,True,False,False,False,False,False,False,False,False,False,False,False,False,False,False,False
	20230000000152,20233007819,Property Damage Only,,,False,True,False,False,True,False,False,	03900,1,98,Huron County,City,RIPLEY (TOWNSHIP OF),1/16/2023 2:12:40 PM,67300,41.030407,-82.555199,Federal US Route,224,,,,100.00,Feet,East,,,,EDWARDS,Intersection,Road,False,,False,On Roadway,Not Collision Between Two Vehicles in Transport,Clear,Dawn/Dusk,False,False,False,False,,,Unit 1 struck a deer in the road while heading west on US 224 near Edwards Rd.,Police,False,1/16/2023 2:12:40 PM,1/16/2023 2:36:16 PM,1/16/2023 2:57:02 PM,1/16/2023 3:05:07 PM,0,0,BRAVO; COTY,3923,CORBIN; TODD J,3901,False,,,Straight Grade,Dry,Blacktop; Bituminous; Asphalt,0,0,29,True,True,False,False,False,False,False,False,False,False,False,False,False,False,False,False,False
	2023-00000408,20233007820,Property Damage Only,,,False,True,False,False,False,False,False,	00200,1,98,Allen County,Township,Jackson,1/7/2023 1:17:00 PM,37646,40.745723,-83.989780,,,,RESERVOIR ROAD,Highway,40.00,Yards,East,,,,6130 Reservior,House Number,,False,,False,On Roadway,Not Collision Between Two Vehicles in Transport,Clear,Dark - Roadway Not Lighted,False,False,False,False,,,Unit 1 was traveling westbound on Reservoir Rd. near 6130 Reservoir Rd. Unit 1 struck a male deer; which is owned by the Ohio Department of Natural Resources. Unit 1 suffered minor damage. Photos of Unit 1 were taken using the camera from unit 245.    ,Police,False,1/7/2023 1:20:00 PM,1/7/2023 1:21:00 PM,1/7/2023 1:30:00 PM,1/7/2023 1:45:00 PM,0,0,Ryan Joseph Bullinger,628,Roy Wesley Brock,388,False,,,Straight Level,Dry,Blacktop; Bituminous; Asphalt,0,0,24,True,True,False,False,False,False,False,False,False,False,False,False,False,False,False,False,False
	2023-00001305,20233007821,Property Damage Only,Unsolved,,False,False,False,False,False,False,False,	02506,2,1,Franklin County,City,Grove City,1/9/2023 5:53:00 AM,32592,39.874268,-83.052232,Interstate Route (Turnpike is also IR),71,,IR,Highway,200.00,Feet,North,,,, 100,Mile Post,Milepost,False,,False,On Roadway,Other/Unknown,Clear,Dark - Lighted Roadway,False,False,False,False,,,Unit #1 was traveling from south to north in the center lane on 71 N near Stringtown rd. Grove City OH; 43123. Unit #2 was traveling from  south to north in the far left lane when he made a lane change into the center lane. Unit #1 failed to maintain a safe distance and struck unit #2 in the rear causing minor damage to the front end of  unit #1. Unit #2 was unaware that he was hit and continued driving. ,Police,False,1/9/2023 5:53:00 AM,1/9/2023 5:55:00 AM,1/9/2023 6:06:00 AM,1/9/2023 6:23:00 AM,20,20,2142 - Peele; Kaylah,2142,1672 - Parker; Eric,1672,True,North,Divided Flush Median (Less than 4 feet),Straight Level,Dry,Concrete,0,0,48,False,False,False,False,False,False,False,False,False,False,False,False,False,False,False,False,False
	20230000000679,20233007822,Property Damage Only,,UNION,False,True,False,True,False,False,False,	01316,2,1,Clermont County,Township,UNION (TOWNSHIP OF),1/19/2023 6:27:56 AM,78288,39.065451,-84.294905,State Route,0125,,SR 125,Highway,,,,Numbered County Route,0095,,NINE MILE TOBASCO RD.,Intersection,Road,False,,False,On Roadway,Rear-end,Cloudy,Dark - Lighted Roadway,False,False,False,False,,,UNIT #2 STATED SHE WAS SLOWING FOR TRAFFIC WHEN SHE WAS STRUCK FROM BEHIND BY UNIT #1.  NO INJURIES.  DRIVER OF UNIT #1 WAS ISSUED A CITATION AND RELEASED.,Police,False,1/19/2023 6:27:56 AM,1/19/2023 6:29:00 AM,1/19/2023 6:40:17 AM,1/19/2023 7:14:00 AM,0,45,JAMES; BRENT,34,Wagner; Richard J,79,False,,,Straight Grade,Wet,Blacktop; Bituminous; Asphalt,0,0,45,False,False,False,False,False,False,False,False,False,True,True,False,False,False,False,False,False
	2023-00002024,20233007823,Property Damage Only,,,False,False,False,False,True,False,False,	02506,2,1,Franklin County,City,Grove City,1/13/2023 12:06:00 PM,32592,39.882177,-83.093634,,,,PARK,Street,,,,,,, BROADWAY,Intersection,Street,True,6,False,On Roadway,Angle,Snow,Daylight,False,False,False,False,,,U#1 was traveling from S to N on Broadway crossing the intersection of Park St Grove City; OH 43123.  U#2 was traveling from E to W on Park St.  U#1 failed to obey a traffic control device; to wit; Red Traffic light and struck  U#2's left front with U#1's right front.,Police,False,1/13/2023 12:06:00 PM,1/13/2023 12:06:00 PM,1/13/2023 12:09:00 PM,1/13/2023 1:36:00 PM,30,30,1377 - Kitko; Brian,1377,1088 - Hennessy; Brittany,1088,False,,,Straight Level,Dry,Blacktop; Bituminous; Asphalt,0,0,120,False,False,False,False,False,False,False,False,False,False,True,False,False,False,False,False,False
	2023-00002601,20233007824,Property Damage Only,Unsolved,,False,False,False,False,False,False,False,	02506,2,1,Franklin County,City,Grove City,1/17/2023 2:06:00 PM,32592,39.878525,-83.055769,,,,GANTZ,Road,,,,,,, STRINGTOWN,Intersection,Road,True,9,False,On Roadway,Other/Unknown,Cloudy,Daylight,False,False,False,False,,,Unit 2 was traveling from north to south on Gantz Rd; approcahing a red light to travel eastbound onto Stringtown Rd.  Unit 1 was traveling fron north to south on Gantz Rd directly behind Unit 2.  Unit 1 improperly passed Unit 2; sideswiping Unit 2 vehicle. Unit 1 then left the scene without exchanging information. ,Police,False,1/17/2023 2:06:00 PM,1/17/2023 2:08:00 PM,1/17/2023 2:10:00 PM,1/17/2023 2:25:00 PM,15,15,1965 - Nelson; Jared,1965,1350 - Eberhard; Christopher,1350,False,,,Straight Level,Dry,Blacktop; Bituminous; Asphalt,0,0,32,False,False,False,False,False,False,False,False,False,False,False,False,False,False,False,False,False
	2023-00002678,20233007826,Property Damage Only,,,False,True,False,True,False,False,False,	07701,2,2,Summit County,City,Akron,1/7/2023 6:23:00 PM,1000,41.138245,-81.540898,,,West,PORTAGE TRAIL EXT,Highway,1.00,Feet,East,,,East, WATERFORD,Intersection,Court,True,2,False,On Roadway,Angle,Cloudy,Dawn/Dusk,False,False,False,False,,,Unit 1 was driving eastbound on Portage Trail Ext; after making a left hand turn from Timber Top. . Unit 2 made a right hand turn in an attempt to also travel eastbound on Portage Trail Ext; his turn was made from Waterford Ct. . Unit 2 struck Unit 1 leaving functional damage to the right side of Unit 1. Unit 2 was left with minor left front end damage. . Where Unit 1 was struck; proves that he already established that he maintained his lane. . Where the damage on Unit 2's vehicle was showed that he pulled into the lane; where Unit 1 was already traveling; which caused the collision. . Unit 2 was cited for pulling from drive. . Unit 2 did not have a valid OLN; due to the fact that he was here on a passport. . I took picture of passport/license that will be attached to citation. Picture was also uploaded to evidence.com,Police,False,1/7/2023 6:26:00 PM,1/7/2023 6:44:00 PM,1/7/2023 7:01:00 PM,1/7/2023 8:00:00 PM,45,45,1444 - Ray; Devin,1444,1214 - Stanar; Michael,1214,False,,,Straight Grade,Dry,Concrete,0,0,121,False,False,False,False,False,False,False,False,False,False,False,False,False,False,False,False,False
	2023-00002730,20233007827,Property Damage Only,,,False,False,False,False,False,False,False,	02506,2,1,Franklin County,City,Grove City,1/18/2023 11:30:00 AM,32592,39.879253,-83.064674,,,,STRINGTOWN,Road,,,,,,, OLD STRINGTOWN,Intersection,Road,True,2,False,On Roadway,Rear-end,Cloudy,Daylight,False,False,False,False,,,Unit 2 was stopped in traffic; facing from West to East on Stringtown Rd at Old Stringtown Rd; Grove City; Ohio; 43123. Unit 1 was traveling behind Unit 2 and crashed into the rear of Unit 2; causing damage. Unit 1 was at fault for ACDA.,Police,False,1/18/2023 11:30:00 AM,1/18/2023 11:32:00 AM,1/18/2023 11:34:00 AM,1/18/2023 12:32:00 PM,0,0,1531 - Cole; Andrew,1531,1012 - Forney; Richard,1012,False,,,Curve Level,Dry,Blacktop; Bituminous; Asphalt,0,0,60,False,False,False,False,False,False,False,False,False,False,False,False,False,False,False,False,False
	230040045,20233007828,Injury Possible,Unsolved,192,False,False,False,False,False,False,False,	COP00,2,1,Franklin County,City,Columbus,1/17/2023 7:14:00 AM,18000,39.968104,-83.064239,Interstate Route (Turnpike is also IR),70,,,,1.00,Miles,East,,,,Fisher,Intersection,Road,False,,False,On Roadway,Rear-end,Rain,Dark - Lighted Roadway,False,False,False,False,,,Both units were traveling IR 70 e/b e/o Fisher Rd entrance ramp in the left center lane. Driver of unit # 1 stated that traffic in front of her came to a sudden slow down. Driver of unit # 1 stated that she was unable to stop in time for traffic stopped in front of her; striking unit # 2 from behind. Driver of unit # 1 stated that both units pulled to the left side; but unit # 2 then left/b on IR 670 without leaving the required information. Driver of unit # 1 described unit # 2 as a black sedan possibly an older model Hyundai Sonata. Driver of unit # 1 stated that driver of unit # 2 never exited unit # 2; so there is no description of driver of unit # 2. No Citation was issued.,Police,False,1/17/2023 7:14:00 AM,1/17/2023 7:14:00 AM,1/17/2023 7:14:00 AM,1/17/2023 8:00:00 AM,,,OBRIEN; STEPHEN,1685,EVANS; MICHAEL,5318,True,East,Divided; Raised Median (Any type),Straight Grade,Wet,Blacktop; Bituminous; Asphalt,0,0,46,False,False,False,False,False,False,False,False,False,False,False,False,False,False,False,False,False
	2023-00006203,20233007829,Property Damage Only,Unsolved,,False,False,False,False,False,False,False,	07701,2,1,Summit County,City,Akron,1/16/2023 9:59:00 PM,1000,41.107142,-81.542869,,,,MERRIMAN,Road,,,,,,, UPPER MERRIMAN,Intersection,Drive,True,3,True,On Roadway,Sideswipe; opposite direction,Rain,Dark - Lighted Roadway,False,False,False,False,,,Unit 1 was traveling soutbound on Merriman Rd approaching Upper Merriman Rd. Unit 2 was traveling norhtbound on Merriman Rd approaching Upper Merriman Rd. Unit 2 was continuing northbound through the intersection when Unit 1 attempted to make a left turn and struck Unit 2 in the drivers rear door. Unit 1 then fled the scene eastbound on Upper Merriman. Debris left at the scene indicated that Unit 1 was a 2020 Audi S5 black in color.,Police,False,1/16/2023 10:00:00 PM,1/16/2023 10:10:00 PM,1/16/2023 10:20:00 PM,1/16/2023 10:32:00 PM,20,20,1458 - Holmes; Christopher,1458,877 - Vavro; Michael,877,False,,,Straight Level,Wet,Blacktop; Bituminous; Asphalt,0,0,42,False,False,False,False,False,False,False,False,False,False,True,False,False,False,False,False,False
	230042819,20233007830,Property Damage Only,,152,False,False,False,False,False,False,False,	COP00,2,1,Franklin County,City,Columbus,1/18/2023 7:10:00 AM,18000,40.003955,-83.161489,,,,Roberts,Road,50.00,Feet,West,,,,Pleasant Hiill,Intersection,Drive,False,,False,On Roadway,Rear-end,Cloudy,Dark - Lighted Roadway,False,False,False,False,,,Both units were traveling w/b Roberts Rd at Pleasant Hill Dr. Driver of unit # 1 stated: back at Hilliard-Rome Rd  he ( unit # 2) cut me off at the turn lane." Driver of unit # 1 continued by stating; " I got mad and went around him on Roberts Rd and got in front of him." Driver of unit # 1 stated: " I then began brake checking him and slowing down." Driver of unit # 1 stated he " brake checked" unit # 2 several times unit finally getting struck from behind by unit # 2. Driver of unit # 2 stated; " I needed to get over a lane on Hilliard-Rome Rd at Roberts and he ( unit # 1) wouldn't let me; so I sped up and cut over and I did cut him ( unit # 1) off; but I ( unit # 2) didn't hit him ( unit # 1). " Driver of unit # 2 stated; " he ( unit # 1) then went around me on Roberts Rd. and " brake checked me." Driver of unit # 2 stated that unit # 1 sped up and came to an abrupt stop several times as both units were traveling w/b on Roberts Rd w/o Hilliard-Rome Rd. Driver of unit # 2 stated that unit # 1 then sped up again and came to an immediate stop and he ( unit # 2) was unable to stop in time striking unit # 1 form behind. Driver of unit # 2 stated; " he ( driver of unit # 1 ) got out of his car ( unit # 1); began yelling ' now it's your fault' and  began to run toward us." Driver of unit # 2 stated that driver of unit # 1 then tried to open the drivers side door the unit # 2  and,Police,False,1/18/2023 7:12:00 AM,1/18/2023 7:19:00 AM,1/18/2023 7:25:00 AM,1/18/2023 8:15:00 AM,45,,OBRIEN; STEPHEN,1685,EVANS; MICHAEL,5318,True,West,Divided Flush Median (Less than 4 feet),Straight Level,Dry,Blacktop; Bituminous; Asphalt,0,0,101,False,False,False,False,False,False,False,False,False,False,True,True,False,False,False,False,False
	2023-00006193,20233007831,Property Damage Only,Unsolved,,False,False,False,False,False,False,False,	07701,1,1,Summit County,City,Akron,1/16/2023 9:28:00 PM,1000,41.054813,-81.518358,,,,GRANT,Street,,,,,,, 1034,House Number,,True,3,False,On Shoulder,Not Collision Between Two Vehicles in Transport,Rain,Dark - Lighted Roadway,False,False,False,False,,,Unit 1 was traveling northbound on Grant approaching Stiener. Unit 1 failed to negotiate the right curve in the road and struck the left curb breaking off the left right wheel. Unit 1 then continued northbound striking a utility pole coming to final rest. The driver of Unit 1 then left the scene on foot.,Police,False,1/16/2023 9:29:00 PM,1/16/2023 9:42:00 PM,1/16/2023 9:46:00 PM,1/16/2023 10:10:00 PM,20,20,1458 - Holmes; Christopher,1458,877 - Vavro; Michael,877,False,,,Curve Level,Wet,Blacktop; Bituminous; Asphalt,0,0,48,False,False,False,False,False,False,True,False,False,False,False,False,False,False,False,False,False